epoch,global_iter,iter_in_epoch,iters_per_epoch,lr,loss_qfl,loss_bbox,loss_dfl,aux_loss_qfl,aux_loss_bbox,aux_loss_dfl
1,0,1,718,1e-08,0.4977,1.3372,0.5236,0.482,1.2651,0.5351
1,20,21,718,1e-05,0.5466,1.3594,0.5211,0.3613,1.1761,0.511
1,40,41,718,2e-05,0.67,1.3421,0.5196,0.3159,1.0236,0.4335
1,60,61,718,3e-05,0.6958,1.2847,0.5142,0.2949,0.9642,0.4195
1,80,81,718,4e-05,0.8718,1.2377,0.5062,0.2499,0.8468,0.3806
1,100,101,718,5e-05,0.806,1.3614,0.4873,0.2305,0.8391,0.3439
1,120,121,718,6e-05,0.9871,1.0699,0.4733,0.2892,0.6626,0.3395
1,140,141,718,7e-05,0.7594,1.0391,0.4268,0.3004,0.6708,0.2866
1,160,161,718,8e-05,0.6896,0.9846,0.4172,0.2971,0.5613,0.2716
1,180,181,718,9e-05,0.4482,0.8937,0.4018,0.2596,0.5993,0.2702
1,200,201,718,0.0001,0.273,0.9082,0.3867,0.2655,0.582,0.2407
1,220,221,718,0.0001,0.4514,0.8378,0.3726,0.3027,0.5354,0.2328
1,240,241,718,0.0001,0.4181,0.6793,0.3871,0.3082,0.5049,0.2503
1,260,261,718,0.0001,0.3347,0.7268,0.3723,0.2676,0.4951,0.2249
1,280,281,718,0.0001,0.3136,0.6447,0.3671,0.3006,0.4886,0.2294
1,300,301,718,0.0001,0.2879,0.6408,0.3596,0.2792,0.4928,0.2327
1,320,321,718,0.0001,0.2979,0.6078,0.3571,0.2543,0.4848,0.2368
1,340,341,718,0.0001,0.322,0.5935,0.3563,0.3243,0.4101,0.2126
1,360,361,718,0.0001,0.281,0.5423,0.3322,0.2451,0.4175,0.2039
1,380,381,718,0.0001,0.2579,0.6761,0.3284,0.2445,0.5093,0.2201
1,400,401,718,0.0001,0.2586,0.5764,0.3158,0.2907,0.5039,0.2149
1,420,421,718,0.0001,0.2498,0.5439,0.3228,0.2411,0.446,0.214
1,440,441,718,0.0001,0.2589,0.5838,0.329,0.2634,0.4956,0.2305
1,460,461,718,0.0001,0.2577,0.5484,0.3173,0.2366,0.4636,0.2128
1,480,481,718,0.0001,0.2643,0.5498,0.3074,0.2523,0.4593,0.2123
1,500,501,718,0.0001,0.2822,0.5027,0.3067,0.2444,0.4206,0.2084
1,520,521,718,0.0001,0.2405,0.4554,0.2992,0.2466,0.3877,0.1983
1,540,541,718,0.0001,0.2735,0.5011,0.2958,0.2697,0.4515,0.2098
1,560,561,718,0.0001,0.3022,0.5132,0.2901,0.31,0.4602,0.2059
1,580,581,718,0.0001,0.2347,0.4015,0.279,0.2271,0.3529,0.1906
1,600,601,718,0.0001,0.2301,0.5034,0.2807,0.2193,0.463,0.2083
1,620,621,718,0.0001,0.242,0.4475,0.2819,0.2265,0.4039,0.1988
1,640,641,718,0.0001,0.2363,0.5032,0.2811,0.2352,0.4644,0.2143
1,660,661,718,0.0001,0.2521,0.4672,0.2662,0.2621,0.4394,0.2036
1,680,681,718,0.0001,0.2808,0.5054,0.2864,0.2689,0.4514,0.2104
1,700,701,718,0.0001,0.2655,0.5103,0.2741,0.2934,0.4789,0.2147
2,720,3,718,9.99e-05,0.2869,0.5254,0.2741,0.2625,0.4996,0.2084
2,740,23,718,9.99e-05,0.243,0.4535,0.2587,0.2436,0.4183,0.1967
2,760,43,718,9.99e-05,0.2131,0.4634,0.2618,0.2112,0.422,0.2035
2,780,63,718,9.99e-05,0.2725,0.4846,0.2709,0.2637,0.4669,0.2149
2,800,83,718,9.99e-05,0.2534,0.4233,0.2573,0.2518,0.3861,0.1904
2,820,103,718,9.99e-05,0.2615,0.4916,0.2596,0.2548,0.4664,0.2088
2,840,123,718,9.99e-05,0.217,0.3815,0.248,0.1978,0.3729,0.1925
2,860,143,718,9.99e-05,0.2747,0.3996,0.2496,0.2714,0.3828,0.204
2,880,163,718,9.99e-05,0.2789,0.4649,0.2579,0.2555,0.4123,0.1924
2,900,183,718,9.99e-05,0.2289,0.4847,0.2516,0.2345,0.4564,0.2023
2,920,203,718,9.99e-05,0.2365,0.3862,0.237,0.2321,0.3868,0.1974
2,940,223,718,9.99e-05,0.2386,0.4255,0.2467,0.242,0.3792,0.1962
2,960,243,718,9.99e-05,0.2783,0.4377,0.2378,0.2614,0.4168,0.1947
2,980,263,718,9.99e-05,0.2542,0.4795,0.2484,0.2827,0.474,0.2134
2,1000,283,718,9.99e-05,0.2456,0.3998,0.2234,0.2325,0.3676,0.1818
2,1020,303,718,9.99e-05,0.2438,0.422,0.2206,0.2468,0.4133,0.1839
2,1040,323,718,9.99e-05,0.2617,0.4327,0.2419,0.2498,0.4003,0.2041
2,1060,343,718,9.99e-05,0.2328,0.4403,0.2348,0.2375,0.4215,0.2002
2,1080,363,718,9.99e-05,0.2948,0.432,0.2397,0.2796,0.4054,0.1948
2,1100,383,718,9.99e-05,0.222,0.3869,0.2288,0.2356,0.364,0.1826
2,1120,403,718,9.99e-05,0.2384,0.4213,0.2364,0.2406,0.4073,0.2046
2,1140,423,718,9.99e-05,0.2758,0.4012,0.2334,0.2636,0.374,0.1962
2,1160,443,718,9.99e-05,0.238,0.4327,0.2356,0.2447,0.4239,0.2037
2,1180,463,718,9.99e-05,0.2638,0.4207,0.2225,0.2824,0.403,0.1821
2,1200,483,718,9.99e-05,0.2338,0.4227,0.2363,0.2321,0.4127,0.1998
2,1220,503,718,9.99e-05,0.2802,0.4001,0.2326,0.2831,0.3869,0.2036
2,1240,523,718,9.99e-05,0.26,0.4034,0.2266,0.2472,0.3816,0.1936
2,1260,543,718,9.99e-05,0.2208,0.4293,0.2246,0.2305,0.4056,0.189
2,1280,563,718,9.99e-05,0.2529,0.4438,0.2201,0.2416,0.451,0.1999
2,1300,583,718,9.99e-05,0.235,0.4485,0.2252,0.2373,0.4276,0.1955
2,1320,603,718,9.99e-05,0.3109,0.4156,0.2297,0.3005,0.3957,0.1986
2,1340,623,718,9.99e-05,0.2077,0.4213,0.2136,0.2017,0.4153,0.1925
2,1360,643,718,9.99e-05,0.2194,0.4222,0.2228,0.2382,0.4046,0.1921
2,1380,663,718,9.99e-05,0.2521,0.4082,0.22,0.2469,0.3787,0.1939
2,1400,683,718,9.99e-05,0.2646,0.3611,0.2046,0.2446,0.3356,0.1715
2,1420,703,718,9.99e-05,0.2682,0.4626,0.2346,0.2576,0.4415,0.2049
3,1440,5,718,9.96e-05,0.2679,0.4113,0.209,0.2633,0.4097,0.192
3,1460,25,718,9.96e-05,0.2182,0.4168,0.2128,0.2085,0.3888,0.1882
3,1480,45,718,9.96e-05,0.2432,0.3901,0.2132,0.234,0.3852,0.187
3,1500,65,718,9.96e-05,0.2715,0.4894,0.2329,0.2616,0.4718,0.2139
3,1520,85,718,9.96e-05,0.2444,0.4014,0.213,0.2568,0.3805,0.183
3,1540,105,718,9.96e-05,0.2671,0.4098,0.2165,0.2765,0.3658,0.183
3,1560,125,718,9.96e-05,0.3076,0.4671,0.2327,0.3164,0.4452,0.2065
3,1580,145,718,9.96e-05,0.2544,0.3453,0.2064,0.2311,0.3224,0.1763
3,1600,165,718,9.96e-05,0.2647,0.4116,0.2139,0.2567,0.3848,0.1856
3,1620,185,718,9.96e-05,0.2395,0.3914,0.2007,0.2401,0.3733,0.1809
3,1640,205,718,9.96e-05,0.2222,0.4459,0.2159,0.2143,0.4209,0.1909
3,1660,225,718,9.96e-05,0.2096,0.3814,0.1958,0.2147,0.3711,0.175
3,1680,245,718,9.96e-05,0.239,0.415,0.2042,0.2377,0.4013,0.1881
3,1700,265,718,9.96e-05,0.2795,0.4333,0.2208,0.2646,0.4124,0.2004
3,1720,285,718,9.96e-05,0.2672,0.4565,0.207,0.2693,0.4413,0.1901
3,1740,305,718,9.96e-05,0.2497,0.405,0.2148,0.2527,0.4099,0.204
3,1760,325,718,9.96e-05,0.2461,0.4063,0.1973,0.257,0.3762,0.1777
3,1780,345,718,9.96e-05,0.1963,0.3698,0.1999,0.2016,0.3819,0.1854
3,1800,365,718,9.96e-05,0.2393,0.4283,0.207,0.24,0.4213,0.1921
3,1820,385,718,9.96e-05,0.2401,0.4404,0.2163,0.2303,0.4306,0.1995
3,1840,405,718,9.96e-05,0.273,0.3796,0.2018,0.2679,0.3701,0.1851
3,1860,425,718,9.96e-05,0.2595,0.4692,0.2071,0.2534,0.453,0.1982
3,1880,445,718,9.96e-05,0.2185,0.3778,0.2051,0.2146,0.3628,0.1867
3,1900,465,718,9.96e-05,0.2373,0.433,0.204,0.2341,0.4194,0.1927
3,1920,485,718,9.96e-05,0.2485,0.4398,0.2047,0.2459,0.44,0.1926
3,1940,505,718,9.96e-05,0.2375,0.3802,0.1938,0.2324,0.3773,0.1782
3,1960,525,718,9.96e-05,0.2848,0.3857,0.2155,0.2609,0.3794,0.1942
3,1980,545,718,9.96e-05,0.2378,0.386,0.1992,0.2292,0.3827,0.1841
3,2000,565,718,9.96e-05,0.2568,0.4459,0.2159,0.2558,0.4317,0.2046
3,2020,585,718,9.96e-05,0.2182,0.369,0.1915,0.2223,0.3695,0.1795
3,2040,605,718,9.96e-05,0.2366,0.3852,0.2025,0.2303,0.3843,0.1858
3,2060,625,718,9.96e-05,0.2426,0.4071,0.2056,0.2485,0.3785,0.187
3,2080,645,718,9.96e-05,0.2553,0.3911,0.1981,0.2508,0.3635,0.1783
3,2100,665,718,9.96e-05,0.2308,0.3447,0.2014,0.2291,0.3433,0.1915
3,2120,685,718,9.96e-05,0.2403,0.3505,0.194,0.2472,0.3593,0.18
3,2140,705,718,9.96e-05,0.2348,0.4023,0.2036,0.231,0.419,0.1954
4,2160,7,718,9.92e-05,0.2676,0.3682,0.1968,0.2725,0.3499,0.1863
4,2180,27,718,9.92e-05,0.1989,0.4465,0.2007,0.2046,0.4377,0.1915
4,2200,47,718,9.92e-05,0.2553,0.4098,0.1938,0.2535,0.3852,0.1773
4,2220,67,718,9.92e-05,0.2464,0.4088,0.2101,0.2463,0.3985,0.1986
4,2240,87,718,9.92e-05,0.2086,0.3575,0.1908,0.2122,0.3564,0.1773
4,2260,107,718,9.92e-05,0.2522,0.4121,0.2041,0.2618,0.4007,0.1925
4,2280,127,718,9.92e-05,0.234,0.4048,0.2074,0.2363,0.407,0.1934
4,2300,147,718,9.92e-05,0.2382,0.4043,0.2049,0.2436,0.3899,0.1922
4,2320,167,718,9.92e-05,0.2189,0.3974,0.1966,0.2064,0.3817,0.187
4,2340,187,718,9.92e-05,0.2307,0.3959,0.1918,0.2339,0.3927,0.1791
4,2360,207,718,9.92e-05,0.2408,0.3933,0.203,0.2375,0.3751,0.1903
4,2380,227,718,9.92e-05,0.2288,0.4056,0.2007,0.2294,0.3914,0.1833
4,2400,247,718,9.92e-05,0.2993,0.3794,0.2097,0.2797,0.3512,0.1876
4,2420,267,718,9.92e-05,0.2457,0.426,0.2091,0.2361,0.3874,0.1899
4,2440,287,718,9.92e-05,0.2567,0.3471,0.2,0.2615,0.3537,0.188
4,2460,307,718,9.92e-05,0.2516,0.3719,0.1928,0.2405,0.3662,0.1829
4,2480,327,718,9.92e-05,0.2926,0.3511,0.1862,0.2828,0.3633,0.1794
4,2500,347,718,9.92e-05,0.2445,0.4236,0.1968,0.2556,0.4122,0.1869
4,2520,367,718,9.92e-05,0.2241,0.3648,0.1895,0.2229,0.3974,0.1864
4,2540,387,718,9.92e-05,0.2125,0.3861,0.1829,0.2009,0.3794,0.1708
4,2560,407,718,9.92e-05,0.2475,0.3761,0.1913,0.2433,0.3747,0.1802
4,2580,427,718,9.92e-05,0.2383,0.3771,0.1901,0.2381,0.3795,0.1834
4,2600,447,718,9.92e-05,0.2394,0.4405,0.1994,0.2357,0.4313,0.1854
4,2620,467,718,9.92e-05,0.241,0.3823,0.191,0.2373,0.384,0.1817
4,2640,487,718,9.92e-05,0.2248,0.3576,0.1846,0.2172,0.3522,0.1727
4,2660,507,718,9.92e-05,0.2454,0.3542,0.1849,0.2423,0.3631,0.1778
4,2680,527,718,9.92e-05,0.2482,0.4217,0.1972,0.2427,0.4168,0.1921
4,2700,547,718,9.92e-05,0.2117,0.3365,0.1763,0.2148,0.3491,0.1699
4,2720,567,718,9.92e-05,0.2663,0.3923,0.1962,0.2649,0.3698,0.1868
4,2740,587,718,9.92e-05,0.256,0.3794,0.1864,0.2514,0.3739,0.1762
4,2760,607,718,9.92e-05,0.257,0.3748,0.2012,0.2373,0.3617,0.1792
4,2780,627,718,9.92e-05,0.2221,0.3921,0.2049,0.215,0.3987,0.195
4,2800,647,718,9.92e-05,0.1946,0.3709,0.1857,0.1893,0.3736,0.1805
4,2820,667,718,9.92e-05,0.2672,0.3799,0.199,0.2643,0.3666,0.1918
4,2840,687,718,9.92e-05,0.2537,0.3981,0.2056,0.2483,0.3905,0.2007
4,2860,707,718,9.92e-05,0.2532,0.3708,0.1933,0.2366,0.3649,0.1823
5,2880,9,718,9.85e-05,0.2502,0.3701,0.1992,0.2318,0.3612,0.1869
5,2900,29,718,9.85e-05,0.2362,0.3683,0.1931,0.2301,0.3891,0.1896
5,2920,49,718,9.85e-05,0.2608,0.3604,0.1955,0.246,0.3561,0.1901
5,2940,69,718,9.85e-05,0.2491,0.4166,0.2056,0.2526,0.4238,0.2007
5,2960,89,718,9.85e-05,0.2431,0.3778,0.1906,0.2277,0.3713,0.1842
5,2980,109,718,9.85e-05,0.2265,0.3904,0.1982,0.2114,0.3771,0.1901
5,3000,129,718,9.85e-05,0.249,0.3682,0.1907,0.2372,0.3827,0.1806
5,3020,149,718,9.85e-05,0.2652,0.4775,0.2168,0.2538,0.4673,0.2082
5,3040,169,718,9.85e-05,0.2341,0.3705,0.1929,0.2361,0.3645,0.1813
5,3060,189,718,9.85e-05,0.2375,0.4075,0.1984,0.2302,0.3705,0.1892
5,3080,209,718,9.85e-05,0.3063,0.3337,0.1938,0.3055,0.3246,0.1814
5,3100,229,718,9.85e-05,0.2071,0.376,0.1972,0.2062,0.363,0.1899
5,3120,249,718,9.85e-05,0.2224,0.4259,0.1996,0.2034,0.4331,0.1939
5,3140,269,718,9.85e-05,0.2356,0.3684,0.1916,0.2396,0.3563,0.1827
5,3160,289,718,9.85e-05,0.248,0.341,0.1843,0.2375,0.33,0.1712
5,3180,309,718,9.85e-05,0.2787,0.4105,0.2062,0.2731,0.4051,0.1967
5,3200,329,718,9.85e-05,0.2432,0.4088,0.2052,0.244,0.4122,0.2063
5,3220,349,718,9.85e-05,0.2479,0.4024,0.2103,0.2486,0.4178,0.2081
5,3240,369,718,9.85e-05,0.206,0.3205,0.1795,0.1989,0.3262,0.1695
5,3260,389,718,9.85e-05,0.1986,0.3256,0.175,0.1846,0.3208,0.1659
5,3280,409,718,9.85e-05,0.2561,0.4466,0.2078,0.2408,0.4088,0.1991
5,3300,429,718,9.85e-05,0.2609,0.3771,0.1927,0.2624,0.3896,0.1829
5,3320,449,718,9.85e-05,0.2483,0.3925,0.2082,0.2466,0.3963,0.204
5,3340,469,718,9.85e-05,0.2491,0.3575,0.1846,0.2339,0.3512,0.1758
5,3360,489,718,9.85e-05,0.2175,0.3346,0.1775,0.213,0.3373,0.1698
5,3380,509,718,9.85e-05,0.2542,0.4195,0.2,0.2609,0.4166,0.1971
5,3400,529,718,9.85e-05,0.2313,0.4297,0.2084,0.2228,0.4094,0.2069
5,3420,549,718,9.85e-05,0.2224,0.4131,0.1865,0.2302,0.3988,0.1792
5,3440,569,718,9.85e-05,0.2466,0.3159,0.1797,0.2401,0.3076,0.1695
5,3460,589,718,9.85e-05,0.2375,0.3459,0.1856,0.2337,0.3491,0.1797
5,3480,609,718,9.85e-05,0.2579,0.3531,0.1777,0.2531,0.3404,0.1711
5,3500,629,718,9.85e-05,0.2437,0.3933,0.1944,0.2318,0.3916,0.1898
5,3520,649,718,9.85e-05,0.2207,0.325,0.184,0.2182,0.3243,0.176
5,3540,669,718,9.85e-05,0.2752,0.3411,0.19,0.2684,0.3391,0.185
5,3560,689,718,9.85e-05,0.2412,0.3824,0.1877,0.2388,0.3927,0.1853
5,3580,709,718,9.85e-05,0.259,0.3958,0.1808,0.2541,0.398,0.1755
6,3600,11,718,9.77e-05,0.2141,0.3342,0.1677,0.2045,0.3132,0.1567
6,3620,31,718,9.77e-05,0.2419,0.3865,0.2012,0.238,0.37,0.1922
6,3640,51,718,9.77e-05,0.2326,0.3963,0.2019,0.2362,0.3954,0.1939
6,3660,71,718,9.77e-05,0.2108,0.347,0.1829,0.196,0.341,0.1742
6,3680,91,718,9.77e-05,0.223,0.3613,0.1885,0.2342,0.3707,0.1856
6,3700,111,718,9.77e-05,0.2382,0.3016,0.1765,0.2329,0.2873,0.1636
6,3720,131,718,9.77e-05,0.2049,0.4321,0.1926,0.2006,0.4212,0.1862
6,3740,151,718,9.77e-05,0.2088,0.336,0.1764,0.2074,0.3382,0.1714
6,3760,171,718,9.77e-05,0.2147,0.3676,0.1855,0.209,0.3677,0.1773
6,3780,191,718,9.77e-05,0.1941,0.3685,0.183,0.1931,0.3742,0.1783
6,3800,211,718,9.77e-05,0.2274,0.4301,0.1983,0.2265,0.4091,0.1905
6,3820,231,718,9.77e-05,0.253,0.3879,0.1984,0.2352,0.3849,0.1927
6,3840,251,718,9.77e-05,0.2317,0.365,0.1891,0.2318,0.3658,0.1844
6,3860,271,718,9.77e-05,0.2249,0.3027,0.1725,0.2374,0.3051,0.1689
6,3880,291,718,9.77e-05,0.2545,0.3658,0.1846,0.2525,0.3666,0.1807
6,3900,311,718,9.77e-05,0.2818,0.4126,0.1998,0.2849,0.3946,0.1863
6,3920,331,718,9.77e-05,0.2296,0.3495,0.1798,0.2277,0.3453,0.1726
6,3940,351,718,9.77e-05,0.2483,0.3846,0.1875,0.2515,0.3723,0.1829
6,3960,371,718,9.77e-05,0.2237,0.35,0.1821,0.2194,0.3579,0.1769
6,3980,391,718,9.77e-05,0.2241,0.3269,0.1759,0.2242,0.3233,0.1682
6,4000,411,718,9.77e-05,0.2518,0.345,0.1822,0.2482,0.3276,0.1734
6,4020,431,718,9.77e-05,0.2735,0.3881,0.1977,0.2772,0.375,0.1915
6,4040,451,718,9.77e-05,0.2425,0.3934,0.1941,0.2348,0.3992,0.1921
6,4060,471,718,9.77e-05,0.2548,0.3343,0.1768,0.2613,0.3383,0.1717
6,4080,491,718,9.77e-05,0.2315,0.356,0.1758,0.2323,0.3554,0.1696
6,4100,511,718,9.77e-05,0.2283,0.3437,0.1864,0.2223,0.3401,0.183
6,4120,531,718,9.77e-05,0.2076,0.4205,0.1958,0.2008,0.4089,0.1913
6,4140,551,718,9.77e-05,0.2485,0.3882,0.1865,0.2525,0.3762,0.178
6,4160,571,718,9.77e-05,0.2331,0.3813,0.1955,0.225,0.3802,0.1894
6,4180,591,718,9.77e-05,0.2195,0.3294,0.1722,0.2099,0.3229,0.1676
6,4200,611,718,9.77e-05,0.2365,0.3837,0.1909,0.2475,0.397,0.1923
6,4220,631,718,9.77e-05,0.2176,0.3483,0.181,0.2123,0.3419,0.1733
6,4240,651,718,9.77e-05,0.2692,0.4317,0.2003,0.2622,0.4274,0.196
6,4260,671,718,9.77e-05,0.226,0.3507,0.19,0.2176,0.3443,0.189
6,4280,691,718,9.77e-05,0.2172,0.345,0.1846,0.216,0.3383,0.178
6,4300,711,718,9.77e-05,0.253,0.3687,0.1704,0.2465,0.3724,0.167
7,4320,13,718,9.67e-05,0.249,0.3703,0.1803,0.2391,0.3757,0.1777
7,4340,33,718,9.67e-05,0.2196,0.369,0.1844,0.2169,0.3603,0.1777
7,4360,53,718,9.67e-05,0.234,0.3904,0.1974,0.2284,0.373,0.1925
7,4380,73,718,9.67e-05,0.2556,0.3896,0.1989,0.2518,0.4002,0.1957
7,4400,93,718,9.67e-05,0.2237,0.3679,0.1812,0.2092,0.3612,0.1789
7,4420,113,718,9.67e-05,0.2249,0.3685,0.1891,0.2141,0.3697,0.1841
7,4440,133,718,9.67e-05,0.2375,0.3562,0.1783,0.2318,0.3414,0.1747
7,4460,153,718,9.67e-05,0.2429,0.3982,0.1867,0.238,0.3854,0.1813
7,4480,173,718,9.67e-05,0.2534,0.4028,0.1988,0.2542,0.4066,0.1994
7,4500,193,718,9.67e-05,0.2252,0.3739,0.1864,0.2176,0.3701,0.1793
7,4520,213,718,9.67e-05,0.2754,0.3418,0.1866,0.2708,0.3386,0.1795
7,4540,233,718,9.67e-05,0.2093,0.388,0.1879,0.2176,0.3832,0.1859
7,4560,253,718,9.67e-05,0.2361,0.3646,0.1756,0.2341,0.3635,0.1717
7,4580,273,718,9.67e-05,0.2549,0.3751,0.2012,0.2551,0.3778,0.198
7,4600,293,718,9.67e-05,0.2392,0.327,0.1772,0.2559,0.3249,0.1732
7,4620,313,718,9.67e-05,0.2318,0.3374,0.1749,0.2306,0.3263,0.171
7,4640,333,718,9.67e-05,0.2491,0.3841,0.1898,0.2363,0.3597,0.181
7,4660,353,718,9.67e-05,0.2068,0.4048,0.1886,0.2088,0.3916,0.1828
7,4680,373,718,9.67e-05,0.2461,0.3633,0.1903,0.239,0.3522,0.1804
7,4700,393,718,9.67e-05,0.197,0.3199,0.174,0.1891,0.3175,0.1699
7,4720,413,718,9.67e-05,0.1881,0.3034,0.1627,0.1841,0.2948,0.158
7,4740,433,718,9.67e-05,0.2038,0.3005,0.1779,0.1952,0.3009,0.1767
7,4760,453,718,9.67e-05,0.2291,0.3642,0.186,0.2236,0.3622,0.1815
7,4780,473,718,9.67e-05,0.2085,0.3635,0.1809,0.2074,0.3627,0.1766
7,4800,493,718,9.67e-05,0.2109,0.3689,0.1813,0.2162,0.3744,0.1812
7,4820,513,718,9.67e-05,0.2456,0.321,0.1665,0.2285,0.3066,0.1578
7,4840,533,718,9.67e-05,0.2605,0.3712,0.1887,0.2638,0.3615,0.1845
7,4860,553,718,9.67e-05,0.2583,0.3569,0.184,0.255,0.3558,0.1813
7,4880,573,718,9.67e-05,0.2278,0.3146,0.1711,0.2296,0.3153,0.1684
7,4900,593,718,9.67e-05,0.236,0.3742,0.1838,0.2264,0.3638,0.1787
7,4920,613,718,9.67e-05,0.2447,0.3547,0.1753,0.2412,0.3555,0.1722
7,4940,633,718,9.67e-05,0.2258,0.3667,0.1801,0.2215,0.3556,0.174
7,4960,653,718,9.67e-05,0.2223,0.3768,0.1828,0.2217,0.375,0.1767
7,4980,673,718,9.67e-05,0.2236,0.3276,0.182,0.2274,0.3221,0.1748
7,5000,693,718,9.67e-05,0.2212,0.3581,0.166,0.2396,0.3459,0.159
7,5020,713,718,9.67e-05,0.263,0.3669,0.1867,0.2657,0.3626,0.181
8,5040,15,718,9.55e-05,0.2535,0.4067,0.211,0.2544,0.4025,0.2071
8,5060,35,718,9.55e-05,0.2414,0.341,0.171,0.2326,0.3293,0.1666
8,5080,55,718,9.55e-05,0.2245,0.37,0.1867,0.2118,0.365,0.1817
8,5100,75,718,9.55e-05,0.2036,0.3867,0.1851,0.1931,0.3904,0.183
8,5120,95,718,9.55e-05,0.2105,0.3753,0.1852,0.2057,0.3816,0.1821
8,5140,115,718,9.55e-05,0.2438,0.3724,0.18,0.2414,0.3768,0.1769
8,5160,135,718,9.55e-05,0.2375,0.3556,0.1823,0.2235,0.3653,0.1844
8,5180,155,718,9.55e-05,0.2257,0.3388,0.1756,0.212,0.335,0.1706
8,5200,175,718,9.55e-05,0.1916,0.3309,0.1754,0.1839,0.3312,0.1727
8,5220,195,718,9.55e-05,0.215,0.3378,0.1778,0.204,0.3323,0.1715
8,5240,215,718,9.55e-05,0.2255,0.374,0.1862,0.2168,0.3537,0.1771
8,5260,235,718,9.55e-05,0.2254,0.3652,0.1977,0.221,0.3544,0.191
8,5280,255,718,9.55e-05,0.2656,0.4218,0.1987,0.2642,0.4119,0.1936
8,5300,275,718,9.55e-05,0.2477,0.3188,0.1783,0.2507,0.3032,0.1691
8,5320,295,718,9.55e-05,0.2625,0.3506,0.1808,0.2611,0.3378,0.1773
8,5340,315,718,9.55e-05,0.2526,0.3624,0.1714,0.2526,0.3545,0.1665
8,5360,335,718,9.55e-05,0.2543,0.3703,0.1786,0.25,0.3691,0.1755
8,5380,355,718,9.55e-05,0.1842,0.2881,0.1555,0.1752,0.2934,0.1538
8,5400,375,718,9.55e-05,0.2196,0.3212,0.1759,0.223,0.3083,0.1691
8,5420,395,718,9.55e-05,0.2574,0.4394,0.2127,0.2545,0.4337,0.2121
8,5440,415,718,9.55e-05,0.2178,0.3887,0.1965,0.2101,0.3749,0.1928
8,5460,435,718,9.55e-05,0.2112,0.3435,0.1817,0.2177,0.3315,0.1799
8,5480,455,718,9.55e-05,0.2053,0.3416,0.1804,0.208,0.3352,0.1743
8,5500,475,718,9.55e-05,0.222,0.3866,0.1871,0.205,0.3766,0.1815
8,5520,495,718,9.55e-05,0.2342,0.3314,0.1724,0.2333,0.3189,0.1664
8,5540,515,718,9.55e-05,0.2351,0.4305,0.1979,0.2414,0.4085,0.1941
8,5560,535,718,9.55e-05,0.24,0.3929,0.17,0.2185,0.3899,0.1665
8,5580,555,718,9.55e-05,0.2551,0.3742,0.1861,0.2492,0.3677,0.182
8,5600,575,718,9.55e-05,0.253,0.3877,0.1886,0.2483,0.3892,0.1835
8,5620,595,718,9.55e-05,0.2054,0.3144,0.1678,0.19,0.2966,0.157
8,5640,615,718,9.55e-05,0.2428,0.3991,0.1978,0.2294,0.3992,0.1949
8,5660,635,718,9.55e-05,0.2547,0.3578,0.1767,0.2572,0.3432,0.1722
8,5680,655,718,9.55e-05,0.2656,0.4261,0.194,0.2734,0.4224,0.1949
8,5700,675,718,9.55e-05,0.2222,0.3839,0.1866,0.2149,0.3699,0.1808
8,5720,695,718,9.55e-05,0.2506,0.3695,0.1736,0.2375,0.3729,0.1717
8,5740,715,718,9.55e-05,0.2571,0.3576,0.1928,0.2512,0.3308,0.1848
9,5760,17,718,9.41e-05,0.2323,0.3937,0.1828,0.22,0.3855,0.1779
9,5780,37,718,9.41e-05,0.2354,0.3568,0.1776,0.2379,0.3532,0.172
9,5800,57,718,9.41e-05,0.237,0.3866,0.1876,0.2237,0.3648,0.1799
9,5820,77,718,9.41e-05,0.2195,0.3593,0.188,0.209,0.3452,0.1817
9,5840,97,718,9.41e-05,0.2224,0.3289,0.1775,0.2105,0.3408,0.1762
9,5860,117,718,9.41e-05,0.1792,0.3553,0.1798,0.1727,0.3567,0.1789
9,5880,137,718,9.41e-05,0.2961,0.4181,0.1971,0.279,0.4016,0.1952
9,5900,157,718,9.41e-05,0.2608,0.3844,0.1811,0.2475,0.3698,0.1728
9,5920,177,718,9.41e-05,0.2459,0.3759,0.1779,0.2428,0.3617,0.1688
9,5940,197,718,9.41e-05,0.2363,0.35,0.1687,0.2289,0.3534,0.166
9,5960,217,718,9.41e-05,0.2336,0.3754,0.1881,0.2394,0.3632,0.1825
9,5980,237,718,9.41e-05,0.2323,0.3681,0.1828,0.2213,0.3723,0.1759
9,6000,257,718,9.41e-05,0.2288,0.369,0.1931,0.2267,0.3574,0.1908
9,6020,277,718,9.41e-05,0.2621,0.3524,0.1872,0.2505,0.3479,0.1827
9,6040,297,718,9.41e-05,0.2372,0.3644,0.1918,0.2353,0.3456,0.1842
9,6060,317,718,9.41e-05,0.2324,0.4086,0.1846,0.2287,0.4054,0.1789
9,6080,337,718,9.41e-05,0.2356,0.3837,0.1914,0.2171,0.3869,0.1912
9,6100,357,718,9.41e-05,0.22,0.3741,0.1855,0.2164,0.3738,0.1824
9,6120,377,718,9.41e-05,0.252,0.3435,0.1829,0.2404,0.3609,0.1822
9,6140,397,718,9.41e-05,0.2137,0.3278,0.1789,0.2184,0.3343,0.1739
9,6160,417,718,9.41e-05,0.2496,0.3767,0.1929,0.2365,0.3649,0.1895
9,6180,437,718,9.41e-05,0.2181,0.4344,0.1935,0.2078,0.4299,0.19
9,6200,457,718,9.41e-05,0.2128,0.3852,0.1803,0.2081,0.3816,0.1763
9,6220,477,718,9.41e-05,0.1974,0.3454,0.1811,0.1922,0.3382,0.1771
9,6240,497,718,9.41e-05,0.245,0.3563,0.188,0.2334,0.3466,0.183
9,6260,517,718,9.41e-05,0.2501,0.3467,0.1856,0.2496,0.3517,0.1805
9,6280,537,718,9.41e-05,0.224,0.3668,0.1852,0.2195,0.3672,0.1837
9,6300,557,718,9.41e-05,0.2527,0.419,0.1941,0.2346,0.4129,0.1917
9,6320,577,718,9.41e-05,0.2475,0.3625,0.1821,0.2423,0.3731,0.1817
9,6340,597,718,9.41e-05,0.218,0.3648,0.1833,0.2124,0.3547,0.1781
9,6360,617,718,9.41e-05,0.2274,0.2906,0.1715,0.2076,0.2799,0.1659
9,6380,637,718,9.41e-05,0.237,0.3433,0.181,0.2362,0.3396,0.1774
9,6400,657,718,9.41e-05,0.2274,0.322,0.1807,0.2301,0.3088,0.1776
9,6420,677,718,9.41e-05,0.2477,0.3845,0.1852,0.2354,0.3754,0.1804
9,6440,697,718,9.41e-05,0.2235,0.3453,0.1735,0.2145,0.3338,0.1673
9,6460,717,718,9.41e-05,0.2359,0.3534,0.1873,0.2365,0.336,0.1819
10,6480,19,718,9.26e-05,0.215,0.3695,0.1839,0.1974,0.3665,0.1858
10,6500,39,718,9.26e-05,0.2436,0.3287,0.1726,0.2429,0.3314,0.1684
10,6520,59,718,9.26e-05,0.2411,0.3395,0.1805,0.2332,0.3298,0.1759
10,6540,79,718,9.26e-05,0.2585,0.3223,0.1681,0.2513,0.3131,0.1625
10,6560,99,718,9.26e-05,0.2115,0.3013,0.1655,0.2147,0.3114,0.1653
10,6580,119,718,9.26e-05,0.2346,0.3642,0.1855,0.2338,0.3535,0.182
10,6600,139,718,9.26e-05,0.262,0.2824,0.1663,0.2509,0.2676,0.1583
10,6620,159,718,9.26e-05,0.2365,0.3684,0.1687,0.2493,0.3719,0.1649
10,6640,179,718,9.26e-05,0.271,0.3309,0.1722,0.2628,0.3416,0.1713
10,6660,199,718,9.26e-05,0.2084,0.334,0.1756,0.1975,0.3223,0.1738
10,6680,219,718,9.26e-05,0.2307,0.3917,0.182,0.219,0.3793,0.1777
10,6700,239,718,9.26e-05,0.2061,0.294,0.1573,0.1993,0.2887,0.1552
10,6720,259,718,9.26e-05,0.2104,0.3357,0.1783,0.2028,0.3373,0.174
10,6740,279,718,9.26e-05,0.2123,0.345,0.1727,0.2052,0.3494,0.1739
10,6760,299,718,9.26e-05,0.2361,0.3479,0.1765,0.2183,0.343,0.1708
10,6780,319,718,9.26e-05,0.2289,0.399,0.1875,0.2276,0.3904,0.1806
10,6800,339,718,9.26e-05,0.227,0.4373,0.193,0.221,0.4391,0.19
10,6820,359,718,9.26e-05,0.245,0.3383,0.1735,0.2415,0.3326,0.1709
10,6840,379,718,9.26e-05,0.2201,0.3336,0.1737,0.2122,0.3405,0.1706
10,6860,399,718,9.26e-05,0.2293,0.3764,0.1975,0.2433,0.3838,0.197
10,6880,419,718,9.26e-05,0.2259,0.3652,0.18,0.2186,0.3546,0.1764
10,6900,439,718,9.26e-05,0.2278,0.3704,0.1851,0.2241,0.3567,0.1806
10,6920,459,718,9.26e-05,0.2302,0.3417,0.1818,0.2282,0.3351,0.1783
10,6940,479,718,9.26e-05,0.1981,0.2971,0.1589,0.1958,0.2932,0.155
10,6960,499,718,9.26e-05,0.2126,0.4258,0.1861,0.2105,0.4279,0.1852
10,6980,519,718,9.26e-05,0.2297,0.3686,0.1897,0.2199,0.374,0.1915
10,7000,539,718,9.26e-05,0.2414,0.3624,0.19,0.2309,0.3608,0.1869
10,7020,559,718,9.26e-05,0.2737,0.3672,0.1927,0.2704,0.359,0.1889
10,7040,579,718,9.26e-05,0.2495,0.3906,0.1849,0.239,0.3827,0.179
10,7060,599,718,9.26e-05,0.2079,0.3842,0.1831,0.1982,0.3795,0.1796
10,7080,619,718,9.26e-05,0.2015,0.356,0.182,0.1954,0.3469,0.1762
10,7100,639,718,9.26e-05,0.2067,0.3552,0.1741,0.2068,0.3552,0.173
10,7120,659,718,9.26e-05,0.2322,0.3524,0.1779,0.2286,0.3543,0.1735
10,7140,679,718,9.26e-05,0.262,0.3009,0.1676,0.2518,0.2929,0.1631
10,7160,699,718,9.26e-05,0.2138,0.395,0.194,0.2084,0.378,0.1878
11,7180,1,718,9.09e-05,0.2113,0.3627,0.1727,0.2038,0.3587,0.1697
11,7200,21,718,9.09e-05,0.269,0.3428,0.1821,0.2735,0.3434,0.1797
11,7220,41,718,9.09e-05,0.2485,0.3654,0.1869,0.2367,0.3621,0.1835
11,7240,61,718,9.09e-05,0.1936,0.3461,0.1778,0.1921,0.3245,0.1735
11,7260,81,718,9.09e-05,0.2101,0.3388,0.1687,0.2083,0.3238,0.1654
11,7280,101,718,9.09e-05,0.234,0.4311,0.1843,0.2262,0.4232,0.1809
11,7300,121,718,9.09e-05,0.2178,0.3325,0.1695,0.2029,0.3194,0.1619
11,7320,141,718,9.09e-05,0.2092,0.344,0.1701,0.2152,0.3247,0.1623
11,7340,161,718,9.09e-05,0.2502,0.3675,0.1802,0.2463,0.3554,0.1754
11,7360,181,718,9.09e-05,0.2611,0.4394,0.1939,0.2506,0.4358,0.1953
11,7380,201,718,9.09e-05,0.1985,0.3086,0.1755,0.1881,0.3,0.1711
11,7400,221,718,9.09e-05,0.2322,0.3612,0.1788,0.2267,0.3492,0.1774
11,7420,241,718,9.09e-05,0.2039,0.3724,0.182,0.196,0.3577,0.1772
11,7440,261,718,9.09e-05,0.2196,0.3483,0.1798,0.2066,0.3414,0.1752
11,7460,281,718,9.09e-05,0.218,0.3334,0.1701,0.211,0.3322,0.1696
11,7480,301,718,9.09e-05,0.2051,0.3257,0.171,0.1939,0.3094,0.1662
11,7500,321,718,9.09e-05,0.2262,0.3295,0.1613,0.2326,0.3196,0.1574
11,7520,341,718,9.09e-05,0.2131,0.3263,0.1654,0.2117,0.3203,0.1626
11,7540,361,718,9.09e-05,0.2204,0.3643,0.1787,0.2127,0.3519,0.1741
11,7560,381,718,9.09e-05,0.2061,0.3278,0.1674,0.198,0.3159,0.1619
11,7580,401,718,9.09e-05,0.2218,0.3447,0.1717,0.2227,0.3394,0.1676
11,7600,421,718,9.09e-05,0.2291,0.3384,0.1774,0.2145,0.3309,0.1725
11,7620,441,718,9.09e-05,0.2224,0.3841,0.1735,0.2144,0.3689,0.1706
11,7640,461,718,9.09e-05,0.2595,0.3611,0.1765,0.2496,0.346,0.1682
11,7660,481,718,9.09e-05,0.2954,0.3609,0.179,0.2839,0.3559,0.1765
11,7680,501,718,9.09e-05,0.2191,0.3372,0.1761,0.2168,0.3241,0.1731
11,7700,521,718,9.09e-05,0.2285,0.3633,0.1768,0.2226,0.3654,0.1713
11,7720,541,718,9.09e-05,0.2378,0.3916,0.1918,0.2231,0.3851,0.1887
11,7740,561,718,9.09e-05,0.2079,0.3265,0.1695,0.1988,0.3194,0.1661
11,7760,581,718,9.09e-05,0.2281,0.4141,0.1983,0.2243,0.4072,0.1961
11,7780,601,718,9.09e-05,0.2219,0.3453,0.17,0.2113,0.341,0.1665
11,7800,621,718,9.09e-05,0.2484,0.395,0.1954,0.2465,0.375,0.1882
11,7820,641,718,9.09e-05,0.2184,0.3706,0.1804,0.2158,0.3586,0.1777
11,7840,661,718,9.09e-05,0.1986,0.3557,0.1757,0.1882,0.3423,0.1705
11,7860,681,718,9.09e-05,0.206,0.3394,0.1711,0.2024,0.3332,0.1663
11,7880,701,718,9.09e-05,0.2288,0.38,0.1913,0.2172,0.3807,0.1898
12,7900,3,718,8.91e-05,0.2006,0.3175,0.1625,0.1948,0.3074,0.158
12,7920,23,718,8.91e-05,0.1717,0.3078,0.1631,0.1653,0.3053,0.1579
12,7940,43,718,8.91e-05,0.1815,0.3396,0.1774,0.179,0.3449,0.1747
12,7960,63,718,8.91e-05,0.2451,0.3249,0.1822,0.2419,0.3129,0.183
12,7980,83,718,8.91e-05,0.2392,0.3023,0.1651,0.2346,0.2948,0.1594
12,8000,103,718,8.91e-05,0.2335,0.3778,0.1845,0.2243,0.3602,0.1838
12,8020,123,718,8.91e-05,0.2077,0.358,0.1852,0.2007,0.3596,0.1823
12,8040,143,718,8.91e-05,0.2186,0.3673,0.1781,0.2172,0.3513,0.1715
12,8060,163,718,8.91e-05,0.2459,0.3127,0.1715,0.2397,0.3077,0.165
12,8080,183,718,8.91e-05,0.2664,0.356,0.1777,0.2619,0.3455,0.1712
12,8100,203,718,8.91e-05,0.2539,0.3551,0.1811,0.2458,0.3456,0.1772
12,8120,223,718,8.91e-05,0.2199,0.355,0.1617,0.2111,0.3378,0.1585
12,8140,243,718,8.91e-05,0.2022,0.4024,0.1861,0.2,0.4086,0.1847
12,8160,263,718,8.91e-05,0.2482,0.3259,0.1732,0.2478,0.3216,0.1727
12,8180,283,718,8.91e-05,0.2283,0.3474,0.1709,0.2203,0.3467,0.1706
12,8200,303,718,8.91e-05,0.2043,0.3218,0.1647,0.1977,0.3265,0.1634
12,8220,323,718,8.91e-05,0.2128,0.3599,0.1774,0.2148,0.3629,0.1779
12,8240,343,718,8.91e-05,0.2034,0.3631,0.1822,0.1918,0.3503,0.1764
12,8260,363,718,8.91e-05,0.2124,0.3512,0.173,0.2038,0.3501,0.1705
12,8280,383,718,8.91e-05,0.2302,0.3163,0.1753,0.2258,0.3055,0.1713
12,8300,403,718,8.91e-05,0.2675,0.333,0.1759,0.2525,0.3301,0.1706
12,8320,423,718,8.91e-05,0.2368,0.3577,0.177,0.2241,0.3587,0.1739
12,8340,443,718,8.91e-05,0.2262,0.321,0.1726,0.2264,0.3263,0.1716
12,8360,463,718,8.91e-05,0.2118,0.3726,0.1755,0.2027,0.3643,0.1719
12,8380,483,718,8.91e-05,0.2286,0.3336,0.1679,0.2157,0.3293,0.1638
12,8400,503,718,8.91e-05,0.2194,0.3313,0.1776,0.2071,0.3383,0.1768
12,8420,523,718,8.91e-05,0.2268,0.3519,0.1824,0.2037,0.3423,0.1791
12,8440,543,718,8.91e-05,0.1943,0.3124,0.1642,0.1883,0.3148,0.1628
12,8460,563,718,8.91e-05,0.2392,0.3738,0.175,0.2197,0.3731,0.1732
12,8480,583,718,8.91e-05,0.2132,0.3551,0.181,0.211,0.3436,0.176
12,8500,603,718,8.91e-05,0.2384,0.3094,0.1715,0.238,0.2936,0.1657
12,8520,623,718,8.91e-05,0.2464,0.3524,0.1743,0.2407,0.3554,0.1733
12,8540,643,718,8.91e-05,0.2275,0.2748,0.1668,0.2148,0.2808,0.1645
12,8560,663,718,8.91e-05,0.2468,0.3686,0.178,0.241,0.3655,0.1746
12,8580,683,718,8.91e-05,0.2439,0.3479,0.1819,0.2297,0.3315,0.1769
12,8600,703,718,8.91e-05,0.2148,0.3373,0.1712,0.2067,0.3326,0.1695
13,8620,5,718,8.71e-05,0.2039,0.328,0.1808,0.1874,0.3199,0.1788
13,8640,25,718,8.71e-05,0.2153,0.3192,0.1792,0.1945,0.3162,0.1793
13,8660,45,718,8.71e-05,0.2542,0.3094,0.1696,0.2424,0.3135,0.1655
13,8680,65,718,8.71e-05,0.2233,0.3902,0.1911,0.2145,0.3835,0.1916
13,8700,85,718,8.71e-05,0.224,0.3826,0.1755,0.214,0.3805,0.1743
13,8720,105,718,8.71e-05,0.2111,0.3249,0.1653,0.2041,0.3222,0.1621
13,8740,125,718,8.71e-05,0.1934,0.341,0.1711,0.1824,0.3346,0.1668
13,8760,145,718,8.71e-05,0.2252,0.3504,0.1728,0.2208,0.3227,0.168
13,8780,165,718,8.71e-05,0.2097,0.2794,0.1757,0.1912,0.2615,0.1693
13,8800,185,718,8.71e-05,0.2728,0.3779,0.1772,0.2624,0.3695,0.1721
13,8820,205,718,8.71e-05,0.2096,0.3472,0.1717,0.2095,0.3464,0.1707
13,8840,225,718,8.71e-05,0.2534,0.417,0.1835,0.2571,0.4176,0.1826
13,8860,245,718,8.71e-05,0.2314,0.3151,0.1579,0.2158,0.3122,0.1539
13,8880,265,718,8.71e-05,0.2498,0.3528,0.1825,0.2468,0.3426,0.1785
13,8900,285,718,8.71e-05,0.2183,0.3426,0.1737,0.2183,0.3456,0.1708
13,8920,305,718,8.71e-05,0.2322,0.3637,0.1808,0.227,0.351,0.1762
13,8940,325,718,8.71e-05,0.21,0.3396,0.1742,0.194,0.3283,0.1709
13,8960,345,718,8.71e-05,0.2118,0.3212,0.1749,0.2092,0.3284,0.1716
13,8980,365,718,8.71e-05,0.2288,0.3816,0.187,0.2217,0.3759,0.1833
13,9000,385,718,8.71e-05,0.2245,0.3263,0.1706,0.2,0.3272,0.17
13,9020,405,718,8.71e-05,0.2139,0.3882,0.1884,0.2054,0.3793,0.183
13,9040,425,718,8.71e-05,0.2052,0.3504,0.1791,0.1997,0.3365,0.1768
13,9060,445,718,8.71e-05,0.2105,0.3311,0.166,0.2091,0.3379,0.1645
13,9080,465,718,8.71e-05,0.2125,0.3492,0.1775,0.2028,0.3587,0.1766
13,9100,485,718,8.71e-05,0.2296,0.3988,0.1923,0.2077,0.3818,0.1871
13,9120,505,718,8.71e-05,0.2418,0.3365,0.1739,0.2382,0.326,0.1714
13,9140,525,718,8.71e-05,0.2173,0.33,0.176,0.2076,0.324,0.1739
13,9160,545,718,8.71e-05,0.2155,0.3239,0.1754,0.2109,0.3127,0.1718
13,9180,565,718,8.71e-05,0.2428,0.3667,0.1886,0.2365,0.3719,0.1849
13,9200,585,718,8.71e-05,0.2194,0.3838,0.1772,0.2174,0.3813,0.1758
13,9220,605,718,8.71e-05,0.2227,0.362,0.1776,0.2195,0.347,0.1722
13,9240,625,718,8.71e-05,0.2086,0.3247,0.1822,0.2033,0.3145,0.1783
13,9260,645,718,8.71e-05,0.2095,0.3597,0.169,0.2078,0.342,0.1649
13,9280,665,718,8.71e-05,0.2064,0.3613,0.1733,0.1983,0.3557,0.1712
13,9300,685,718,8.71e-05,0.2019,0.3878,0.1745,0.1973,0.3819,0.1712
13,9320,705,718,8.71e-05,0.2154,0.3307,0.1748,0.2117,0.3203,0.1723
14,9340,7,718,8.5e-05,0.2353,0.3616,0.1875,0.2352,0.3558,0.1806
14,9360,27,718,8.5e-05,0.1942,0.3173,0.1689,0.1886,0.3126,0.1656
14,9380,47,718,8.5e-05,0.2153,0.3804,0.1858,0.2114,0.3736,0.1798
14,9400,67,718,8.5e-05,0.2094,0.3366,0.1718,0.206,0.3271,0.1695
14,9420,87,718,8.5e-05,0.1975,0.315,0.178,0.1937,0.3077,0.1725
14,9440,107,718,8.5e-05,0.1983,0.3209,0.16,0.1885,0.3116,0.1576
14,9460,127,718,8.5e-05,0.1938,0.3621,0.179,0.1813,0.3502,0.1771
14,9480,147,718,8.5e-05,0.2427,0.3652,0.184,0.2292,0.3583,0.1785
14,9500,167,718,8.5e-05,0.2169,0.3675,0.1935,0.2076,0.3565,0.1906
14,9520,187,718,8.5e-05,0.252,0.3883,0.1903,0.2455,0.3809,0.1862
14,9540,207,718,8.5e-05,0.2518,0.3426,0.1833,0.2426,0.3392,0.1811
14,9560,227,718,8.5e-05,0.211,0.2785,0.1687,0.1988,0.2725,0.1644
14,9580,247,718,8.5e-05,0.26,0.3509,0.1678,0.2469,0.3458,0.1662
14,9600,267,718,8.5e-05,0.2203,0.3521,0.1794,0.214,0.3446,0.1747
14,9620,287,718,8.5e-05,0.2017,0.3519,0.1812,0.1998,0.3398,0.1814
14,9640,307,718,8.5e-05,0.2334,0.3544,0.1819,0.2228,0.3461,0.1778
14,9660,327,718,8.5e-05,0.2244,0.2847,0.1544,0.2124,0.2742,0.1535
14,9680,347,718,8.5e-05,0.2391,0.3109,0.1587,0.2456,0.3072,0.1561
14,9700,367,718,8.5e-05,0.2629,0.376,0.1827,0.2486,0.3673,0.18
14,9720,387,718,8.5e-05,0.2255,0.3725,0.183,0.2154,0.3602,0.1779
14,9740,407,718,8.5e-05,0.2288,0.351,0.1729,0.2157,0.3476,0.1706
14,9760,427,718,8.5e-05,0.2287,0.3451,0.1731,0.2244,0.3346,0.1684
14,9780,447,718,8.5e-05,0.2205,0.3466,0.1739,0.2293,0.3396,0.1717
14,9800,467,718,8.5e-05,0.2292,0.3672,0.1784,0.2223,0.3534,0.1757
14,9820,487,718,8.5e-05,0.1939,0.3016,0.1696,0.1921,0.2999,0.1668
14,9840,507,718,8.5e-05,0.243,0.3434,0.1702,0.2324,0.3517,0.1707
14,9860,527,718,8.5e-05,0.1615,0.295,0.1641,0.16,0.3064,0.1656
14,9880,547,718,8.5e-05,0.2235,0.4003,0.1947,0.2127,0.3816,0.1879
14,9900,567,718,8.5e-05,0.2263,0.3544,0.1756,0.2161,0.3454,0.1724
14,9920,587,718,8.5e-05,0.2152,0.3815,0.1895,0.2067,0.3684,0.19
14,9940,607,718,8.5e-05,0.2373,0.4313,0.1949,0.2333,0.4102,0.1909
14,9960,627,718,8.5e-05,0.2686,0.3561,0.1768,0.2534,0.3506,0.1734
14,9980,647,718,8.5e-05,0.2326,0.382,0.1828,0.2273,0.3746,0.1797
14,10000,667,718,8.5e-05,0.2273,0.3644,0.1865,0.231,0.3631,0.1848
14,10020,687,718,8.5e-05,0.2455,0.3315,0.1734,0.2457,0.3374,0.1692
14,10040,707,718,8.5e-05,0.2526,0.3743,0.1849,0.2488,0.3629,0.1813
15,10060,9,718,8.28e-05,0.191,0.3439,0.1732,0.1861,0.3393,0.1717
15,10080,29,718,8.28e-05,0.2009,0.3018,0.1621,0.1855,0.2832,0.1588
15,10100,49,718,8.28e-05,0.257,0.2941,0.167,0.2465,0.2904,0.1654
15,10120,69,718,8.28e-05,0.2078,0.3041,0.1623,0.2028,0.3089,0.1618
15,10140,89,718,8.28e-05,0.1943,0.3236,0.1633,0.1845,0.3268,0.1606
15,10160,109,718,8.28e-05,0.1737,0.3544,0.1759,0.1581,0.3501,0.1719
15,10180,129,718,8.28e-05,0.1891,0.349,0.1722,0.1798,0.3426,0.171
15,10200,149,718,8.28e-05,0.2016,0.308,0.1744,0.1909,0.2971,0.1695
15,10220,169,718,8.28e-05,0.1879,0.3507,0.1768,0.1726,0.3411,0.1746
15,10240,189,718,8.28e-05,0.216,0.353,0.1689,0.2062,0.3499,0.1656
15,10260,209,718,8.28e-05,0.2523,0.42,0.2063,0.2536,0.412,0.2033
15,10280,229,718,8.28e-05,0.2692,0.3646,0.1881,0.256,0.355,0.1827
15,10300,249,718,8.28e-05,0.254,0.3948,0.1968,0.238,0.3848,0.1935
15,10320,269,718,8.28e-05,0.2457,0.3402,0.1719,0.2345,0.3269,0.1684
15,10340,289,718,8.28e-05,0.2204,0.3565,0.1773,0.2104,0.3512,0.1737
15,10360,309,718,8.28e-05,0.2171,0.3413,0.1799,0.209,0.3423,0.1779
15,10380,329,718,8.28e-05,0.223,0.3445,0.1775,0.2212,0.3413,0.1723
15,10400,349,718,8.28e-05,0.2206,0.3696,0.1733,0.2135,0.3677,0.1687
15,10420,369,718,8.28e-05,0.2552,0.3316,0.1684,0.2539,0.3284,0.1665
15,10440,389,718,8.28e-05,0.2318,0.3403,0.1789,0.2272,0.3279,0.1746
15,10460,409,718,8.28e-05,0.2562,0.2762,0.1697,0.2495,0.2607,0.1654
15,10480,429,718,8.28e-05,0.1955,0.3391,0.1816,0.1963,0.3326,0.1811
15,10500,449,718,8.28e-05,0.2231,0.3458,0.1739,0.2185,0.3448,0.1721
15,10520,469,718,8.28e-05,0.2229,0.3475,0.1719,0.219,0.3475,0.1703
15,10540,489,718,8.28e-05,0.214,0.3439,0.1813,0.2019,0.3316,0.1743
15,10560,509,718,8.28e-05,0.2051,0.3435,0.1683,0.2049,0.3427,0.164
15,10580,529,718,8.28e-05,0.252,0.3863,0.1862,0.2392,0.3842,0.1856
15,10600,549,718,8.28e-05,0.2265,0.3225,0.171,0.2173,0.3263,0.1691
15,10620,569,718,8.28e-05,0.2113,0.3556,0.1862,0.2094,0.3498,0.1831
15,10640,589,718,8.28e-05,0.2626,0.3067,0.1692,0.2544,0.3162,0.1708
15,10660,609,718,8.28e-05,0.2017,0.3389,0.1824,0.1964,0.3329,0.1809
15,10680,629,718,8.28e-05,0.2257,0.3338,0.1905,0.2159,0.3401,0.1859
15,10700,649,718,8.28e-05,0.2147,0.3781,0.1809,0.2058,0.3632,0.1766
15,10720,669,718,8.28e-05,0.2408,0.3331,0.1734,0.2374,0.3207,0.1726
15,10740,689,718,8.28e-05,0.2476,0.3451,0.1678,0.2429,0.3345,0.1628
15,10760,709,718,8.28e-05,0.2193,0.3368,0.1699,0.1941,0.3333,0.1689
16,10780,11,718,8.04e-05,0.2276,0.3747,0.1844,0.2253,0.3621,0.1802
16,10800,31,718,8.04e-05,0.2013,0.2732,0.1599,0.1944,0.2601,0.1569
16,10820,51,718,8.04e-05,0.2039,0.3101,0.1693,0.1967,0.2934,0.1641
16,10840,71,718,8.04e-05,0.2054,0.3258,0.1744,0.1955,0.3306,0.1734
16,10860,91,718,8.04e-05,0.2178,0.2924,0.1705,0.2088,0.2894,0.1663
16,10880,111,718,8.04e-05,0.1842,0.3434,0.1627,0.1789,0.336,0.1598
16,10900,131,718,8.04e-05,0.2486,0.3458,0.1871,0.2266,0.3493,0.1856
16,10920,151,718,8.04e-05,0.2353,0.3415,0.1766,0.2269,0.3348,0.1705
16,10940,171,718,8.04e-05,0.1976,0.3655,0.1713,0.198,0.3664,0.1707
16,10960,191,718,8.04e-05,0.234,0.3303,0.1834,0.2248,0.3186,0.1794
16,10980,211,718,8.04e-05,0.2044,0.33,0.1817,0.1955,0.3335,0.1816
16,11000,231,718,8.04e-05,0.2221,0.3516,0.1823,0.2105,0.3446,0.1811
16,11020,251,718,8.04e-05,0.2109,0.2787,0.159,0.1997,0.2808,0.1586
16,11040,271,718,8.04e-05,0.2035,0.3235,0.1774,0.1931,0.3086,0.1734
16,11060,291,718,8.04e-05,0.2105,0.3768,0.1767,0.2044,0.377,0.176
16,11080,311,718,8.04e-05,0.2417,0.3394,0.1853,0.237,0.3379,0.1833
16,11100,331,718,8.04e-05,0.2055,0.3643,0.1763,0.1967,0.3594,0.1733
16,11120,351,718,8.04e-05,0.2642,0.3309,0.1854,0.2544,0.3259,0.1824
16,11140,371,718,8.04e-05,0.2087,0.3322,0.1664,0.1926,0.313,0.1579
16,11160,391,718,8.04e-05,0.2277,0.3217,0.1619,0.2236,0.3123,0.1568
16,11180,411,718,8.04e-05,0.2196,0.3166,0.1687,0.2073,0.3132,0.1646
16,11200,431,718,8.04e-05,0.2378,0.3098,0.1705,0.2291,0.3077,0.1676
16,11220,451,718,8.04e-05,0.1962,0.3109,0.1718,0.1889,0.3197,0.1701
16,11240,471,718,8.04e-05,0.2214,0.3736,0.1786,0.2258,0.3477,0.174
16,11260,491,718,8.04e-05,0.2503,0.3394,0.1784,0.2502,0.3437,0.1772
16,11280,511,718,8.04e-05,0.2352,0.4193,0.1848,0.2205,0.4132,0.1826
16,11300,531,718,8.04e-05,0.2133,0.3174,0.166,0.2078,0.2963,0.1585
16,11320,551,718,8.04e-05,0.2351,0.3889,0.188,0.2347,0.3791,0.1853
16,11340,571,718,8.04e-05,0.2411,0.3839,0.1894,0.246,0.3761,0.1858
16,11360,591,718,8.04e-05,0.2147,0.3397,0.1738,0.2033,0.3324,0.1705
16,11380,611,718,8.04e-05,0.1938,0.3618,0.1788,0.1936,0.3552,0.1775
16,11400,631,718,8.04e-05,0.1977,0.3107,0.1704,0.1879,0.3069,0.1681
16,11420,651,718,8.04e-05,0.2222,0.3691,0.1771,0.2192,0.3696,0.1766
16,11440,671,718,8.04e-05,0.2237,0.3537,0.1895,0.2178,0.3469,0.1875
16,11460,691,718,8.04e-05,0.2263,0.3319,0.1701,0.208,0.3133,0.165
16,11480,711,718,8.04e-05,0.2281,0.3318,0.1781,0.2168,0.3239,0.173
17,11500,13,718,7.8e-05,0.201,0.3813,0.1727,0.1975,0.3757,0.1713
17,11520,33,718,7.8e-05,0.1769,0.3408,0.169,0.1687,0.3358,0.1659
17,11540,53,718,7.8e-05,0.2121,0.324,0.1801,0.2049,0.3236,0.1804
17,11560,73,718,7.8e-05,0.2211,0.35,0.1814,0.2156,0.3372,0.1787
17,11580,93,718,7.8e-05,0.2025,0.3618,0.1733,0.1902,0.3561,0.1696
17,11600,113,718,7.8e-05,0.2256,0.3203,0.167,0.226,0.3141,0.164
17,11620,133,718,7.8e-05,0.2089,0.3079,0.1678,0.1969,0.3014,0.1646
17,11640,153,718,7.8e-05,0.2446,0.397,0.1824,0.2446,0.3896,0.1804
17,11660,173,718,7.8e-05,0.2486,0.3536,0.1734,0.2439,0.3497,0.1713
17,11680,193,718,7.8e-05,0.2184,0.4048,0.1925,0.2087,0.3911,0.1881
17,11700,213,718,7.8e-05,0.2353,0.3782,0.1842,0.2278,0.3718,0.1795
17,11720,233,718,7.8e-05,0.2249,0.4111,0.1961,0.2245,0.408,0.1964
17,11740,253,718,7.8e-05,0.222,0.3328,0.1775,0.2055,0.3227,0.1743
17,11760,273,718,7.8e-05,0.2293,0.3182,0.1696,0.2168,0.3116,0.1663
17,11780,293,718,7.8e-05,0.2163,0.3209,0.1734,0.2125,0.3079,0.1709
17,11800,313,718,7.8e-05,0.2445,0.3251,0.1729,0.2336,0.3223,0.1726
17,11820,333,718,7.8e-05,0.2228,0.3693,0.1857,0.2102,0.3612,0.1824
17,11840,353,718,7.8e-05,0.2186,0.3183,0.1755,0.1989,0.3108,0.1713
17,11860,373,718,7.8e-05,0.2057,0.3313,0.1684,0.2028,0.3305,0.1668
17,11880,393,718,7.8e-05,0.2248,0.4023,0.186,0.2121,0.3966,0.1841
17,11900,413,718,7.8e-05,0.2167,0.3603,0.1722,0.2153,0.3582,0.1697
17,11920,433,718,7.8e-05,0.2324,0.3552,0.1908,0.221,0.3499,0.1842
17,11940,453,718,7.8e-05,0.2086,0.4106,0.1828,0.2011,0.3939,0.1788
17,11960,473,718,7.8e-05,0.2256,0.3754,0.1866,0.2228,0.3751,0.1895
17,11980,493,718,7.8e-05,0.2116,0.3406,0.1789,0.2024,0.3318,0.1768
17,12000,513,718,7.8e-05,0.2549,0.3797,0.1803,0.2372,0.3763,0.1759
17,12020,533,718,7.8e-05,0.1973,0.3341,0.172,0.1909,0.3259,0.1712
17,12040,553,718,7.8e-05,0.1857,0.3261,0.1729,0.1809,0.324,0.1715
17,12060,573,718,7.8e-05,0.2324,0.3797,0.1811,0.2236,0.3663,0.1754
17,12080,593,718,7.8e-05,0.2215,0.3061,0.1682,0.2143,0.3034,0.1646
17,12100,613,718,7.8e-05,0.1965,0.3732,0.1761,0.1881,0.3669,0.1758
17,12120,633,718,7.8e-05,0.2315,0.3824,0.1836,0.2228,0.3631,0.179
17,12140,653,718,7.8e-05,0.2053,0.3489,0.1671,0.1907,0.3448,0.1677
17,12160,673,718,7.8e-05,0.2051,0.3455,0.1766,0.2012,0.3384,0.1744
17,12180,693,718,7.8e-05,0.2108,0.36,0.1757,0.2065,0.3556,0.1724
17,12200,713,718,7.8e-05,0.1933,0.3157,0.1742,0.1902,0.3244,0.1738
18,12220,15,718,7.54e-05,0.2623,0.2765,0.1729,0.2378,0.279,0.1701
18,12240,35,718,7.54e-05,0.2028,0.334,0.1773,0.1908,0.3185,0.1729
18,12260,55,718,7.54e-05,0.2447,0.3142,0.1765,0.2286,0.3134,0.1748
18,12280,75,718,7.54e-05,0.2285,0.3793,0.1822,0.2206,0.3699,0.179
18,12300,95,718,7.54e-05,0.2041,0.3457,0.1656,0.207,0.3364,0.1612
18,12320,115,718,7.54e-05,0.2342,0.3048,0.1738,0.2268,0.3051,0.1721
18,12340,135,718,7.54e-05,0.213,0.2965,0.1649,0.205,0.3011,0.1638
18,12360,155,718,7.54e-05,0.2235,0.3431,0.168,0.2175,0.3335,0.1661
18,12380,175,718,7.54e-05,0.2416,0.3766,0.1819,0.2353,0.3759,0.1807
18,12400,195,718,7.54e-05,0.2336,0.4098,0.1859,0.2225,0.4057,0.1842
18,12420,215,718,7.54e-05,0.2363,0.4057,0.1859,0.2337,0.4054,0.1813
18,12440,235,718,7.54e-05,0.2282,0.2974,0.1672,0.219,0.2961,0.1622
18,12460,255,718,7.54e-05,0.1904,0.2619,0.1604,0.1893,0.2608,0.1607
18,12480,275,718,7.54e-05,0.242,0.3932,0.1799,0.2246,0.3792,0.1752
18,12500,295,718,7.54e-05,0.2503,0.3379,0.1731,0.2421,0.3345,0.1748
18,12520,315,718,7.54e-05,0.2374,0.3876,0.1845,0.221,0.3867,0.1811
18,12540,335,718,7.54e-05,0.2294,0.379,0.1767,0.214,0.3615,0.1734
18,12560,355,718,7.54e-05,0.2169,0.3551,0.1768,0.2069,0.3493,0.1732
18,12580,375,718,7.54e-05,0.1865,0.2999,0.1641,0.1786,0.2948,0.1612
18,12600,395,718,7.54e-05,0.211,0.3159,0.1709,0.2072,0.2962,0.1648
18,12620,415,718,7.54e-05,0.2395,0.356,0.1777,0.2355,0.3562,0.1738
18,12640,435,718,7.54e-05,0.2455,0.404,0.1974,0.24,0.384,0.1924
18,12660,455,718,7.54e-05,0.2376,0.3844,0.1834,0.2289,0.3748,0.1815
18,12680,475,718,7.54e-05,0.2394,0.3575,0.186,0.2351,0.3503,0.1845
18,12700,495,718,7.54e-05,0.1888,0.359,0.1726,0.1782,0.3465,0.1693
18,12720,515,718,7.54e-05,0.2272,0.357,0.1775,0.2189,0.3485,0.177
18,12740,535,718,7.54e-05,0.201,0.3316,0.1802,0.1987,0.3269,0.1779
18,12760,555,718,7.54e-05,0.2148,0.3263,0.174,0.2013,0.3168,0.1709
18,12780,575,718,7.54e-05,0.2284,0.3033,0.1691,0.2214,0.3048,0.1674
18,12800,595,718,7.54e-05,0.2302,0.3943,0.1958,0.2144,0.379,0.1921
18,12820,615,718,7.54e-05,0.2114,0.3534,0.1731,0.204,0.3506,0.1696
18,12840,635,718,7.54e-05,0.2345,0.3562,0.1798,0.2279,0.3598,0.1796
18,12860,655,718,7.54e-05,0.2678,0.3066,0.1664,0.258,0.32,0.165
18,12880,675,718,7.54e-05,0.1975,0.3808,0.1947,0.1867,0.3719,0.1905
18,12900,695,718,7.54e-05,0.2301,0.3707,0.1718,0.2198,0.3619,0.1701
18,12920,715,718,7.54e-05,0.2248,0.33,0.1678,0.2165,0.3212,0.164
19,12940,17,718,7.27e-05,0.2106,0.2925,0.1785,0.198,0.2862,0.1742
19,12960,37,718,7.27e-05,0.2212,0.2866,0.157,0.2046,0.2861,0.1547
19,12980,57,718,7.27e-05,0.2131,0.4015,0.1801,0.2015,0.3909,0.1735
19,13000,77,718,7.27e-05,0.2276,0.3408,0.1752,0.2183,0.3359,0.1707
19,13020,97,718,7.27e-05,0.2258,0.377,0.1942,0.2212,0.374,0.1899
19,13040,117,718,7.27e-05,0.2182,0.3355,0.171,0.2089,0.3297,0.1683
19,13060,137,718,7.27e-05,0.2214,0.3628,0.187,0.2117,0.3469,0.1829
19,13080,157,718,7.27e-05,0.2362,0.3828,0.1798,0.2249,0.3807,0.1768
19,13100,177,718,7.27e-05,0.1837,0.2914,0.1687,0.1716,0.279,0.1655
19,13120,197,718,7.27e-05,0.2116,0.3668,0.1724,0.2047,0.3576,0.1696
19,13140,217,718,7.27e-05,0.2213,0.3148,0.1737,0.2101,0.302,0.1685
19,13160,237,718,7.27e-05,0.2343,0.348,0.1734,0.2166,0.3386,0.1708
19,13180,257,718,7.27e-05,0.2213,0.3353,0.1639,0.2155,0.3309,0.161
19,13200,277,718,7.27e-05,0.1941,0.3216,0.1689,0.1804,0.318,0.1678
19,13220,297,718,7.27e-05,0.2448,0.3502,0.1768,0.2311,0.3507,0.1775
19,13240,317,718,7.27e-05,0.2181,0.3635,0.1819,0.2142,0.3596,0.1817
19,13260,337,718,7.27e-05,0.2096,0.3104,0.1679,0.2059,0.3027,0.1623
19,13280,357,718,7.27e-05,0.2295,0.3667,0.1812,0.2214,0.3679,0.1765
19,13300,377,718,7.27e-05,0.219,0.361,0.1773,0.207,0.3528,0.1758
19,13320,397,718,7.27e-05,0.2322,0.3847,0.1891,0.2232,0.3775,0.1855
19,13340,417,718,7.27e-05,0.2183,0.3388,0.1743,0.2123,0.3327,0.171
19,13360,437,718,7.27e-05,0.202,0.3528,0.1732,0.1908,0.3487,0.1718
19,13380,457,718,7.27e-05,0.2483,0.3757,0.1875,0.2384,0.382,0.1878
19,13400,477,718,7.27e-05,0.2353,0.3593,0.1812,0.2248,0.3479,0.1752
19,13420,497,718,7.27e-05,0.2302,0.2993,0.1688,0.2143,0.28,0.1645
19,13440,517,718,7.27e-05,0.2194,0.3295,0.1655,0.208,0.3148,0.1619
19,13460,537,718,7.27e-05,0.1933,0.3103,0.1643,0.1765,0.2976,0.1621
19,13480,557,718,7.27e-05,0.2439,0.34,0.1788,0.2375,0.3307,0.1746
19,13500,577,718,7.27e-05,0.2243,0.345,0.1777,0.2174,0.3456,0.1782
19,13520,597,718,7.27e-05,0.227,0.3901,0.1859,0.2167,0.3774,0.1827
19,13540,617,718,7.27e-05,0.2097,0.3432,0.1753,0.1997,0.3478,0.1741
19,13560,637,718,7.27e-05,0.2084,0.3279,0.1713,0.2029,0.3153,0.169
19,13580,657,718,7.27e-05,0.2113,0.3533,0.1704,0.2085,0.3436,0.1685
19,13600,677,718,7.27e-05,0.218,0.3087,0.1712,0.2086,0.3064,0.1679
19,13620,697,718,7.27e-05,0.2046,0.3605,0.1803,0.2101,0.3585,0.1789
19,13640,717,718,7.27e-05,0.2405,0.4092,0.1911,0.2337,0.3947,0.1901
20,13660,19,718,7e-05,0.2018,0.3411,0.1708,0.1877,0.3431,0.1685
20,13680,39,718,7e-05,0.2393,0.3668,0.1833,0.2358,0.36,0.1827
20,13700,59,718,7e-05,0.2358,0.3329,0.1784,0.2279,0.3238,0.1743
20,13720,79,718,7e-05,0.2165,0.3332,0.1728,0.1916,0.3211,0.1728
20,13740,99,718,7e-05,0.2472,0.3446,0.1661,0.2573,0.3435,0.1645
20,13760,119,718,7e-05,0.2456,0.2978,0.1655,0.2372,0.2808,0.1616
20,13780,139,718,7e-05,0.2335,0.3673,0.1877,0.2322,0.3617,0.1872
20,13800,159,718,7e-05,0.2395,0.3747,0.1843,0.2308,0.3651,0.1826
20,13820,179,718,7e-05,0.2431,0.3627,0.1688,0.238,0.3597,0.166
20,13840,199,718,7e-05,0.185,0.339,0.1793,0.1827,0.3331,0.1776
20,13860,219,718,7e-05,0.2331,0.3577,0.1748,0.2279,0.3477,0.1716
20,13880,239,718,7e-05,0.2027,0.3596,0.1725,0.2035,0.3454,0.1675
20,13900,259,718,7e-05,0.2698,0.3702,0.1884,0.2612,0.36,0.1863
20,13920,279,718,7e-05,0.2074,0.3564,0.1821,0.1934,0.3444,0.1781
20,13940,299,718,7e-05,0.2127,0.3788,0.1819,0.2053,0.3817,0.1799
20,13960,319,718,7e-05,0.1925,0.3157,0.1674,0.1865,0.309,0.1658
20,13980,339,718,7e-05,0.2136,0.308,0.165,0.2087,0.308,0.163
20,14000,359,718,7e-05,0.2255,0.4157,0.1777,0.2149,0.4137,0.1711
20,14020,379,718,7e-05,0.2163,0.3134,0.1741,0.2007,0.3014,0.172
20,14040,399,718,7e-05,0.2144,0.3393,0.1847,0.1993,0.3325,0.1776
20,14060,419,718,7e-05,0.2022,0.3758,0.1754,0.1957,0.3745,0.1731
20,14080,439,718,7e-05,0.2076,0.2839,0.1643,0.1943,0.2855,0.1636
20,14100,459,718,7e-05,0.2235,0.399,0.1825,0.2201,0.3795,0.1772
20,14120,479,718,7e-05,0.2195,0.3318,0.1734,0.2141,0.332,0.1709
20,14140,499,718,7e-05,0.2117,0.3459,0.1782,0.1996,0.3541,0.1794
20,14160,519,718,7e-05,0.2029,0.3737,0.1801,0.199,0.3638,0.1774
20,14180,539,718,7e-05,0.1877,0.3087,0.1627,0.1705,0.311,0.1604
20,14200,559,718,7e-05,0.2771,0.3758,0.1805,0.2754,0.3665,0.1775
20,14220,579,718,7e-05,0.2076,0.3319,0.1739,0.197,0.3232,0.1698
20,14240,599,718,7e-05,0.2304,0.3441,0.1829,0.2081,0.3355,0.1809
20,14260,619,718,7e-05,0.2123,0.4123,0.19,0.21,0.4045,0.1886
20,14280,639,718,7e-05,0.2149,0.4364,0.1881,0.2182,0.4321,0.1888
20,14300,659,718,7e-05,0.2334,0.3181,0.187,0.2304,0.3111,0.186
20,14320,679,718,7e-05,0.2376,0.4176,0.1821,0.2244,0.4029,0.1793
20,14340,699,718,7e-05,0.276,0.3143,0.1592,0.2837,0.3067,0.1585
21,14360,1,718,6.72e-05,0.2141,0.3145,0.1559,0.2039,0.3139,0.1533
21,14380,21,718,6.72e-05,0.1903,0.3571,0.1765,0.186,0.3481,0.1733
21,14400,41,718,6.72e-05,0.244,0.4367,0.1921,0.236,0.4263,0.1868
21,14420,61,718,6.72e-05,0.1947,0.328,0.1622,0.1897,0.3047,0.1571
21,14440,81,718,6.72e-05,0.2474,0.3185,0.1615,0.2511,0.3166,0.1586
21,14460,101,718,6.72e-05,0.2341,0.3358,0.1703,0.2283,0.3313,0.1662
21,14480,121,718,6.72e-05,0.2303,0.3456,0.1743,0.2245,0.3447,0.174
21,14500,141,718,6.72e-05,0.1861,0.3633,0.1724,0.1723,0.3505,0.171
21,14520,161,718,6.72e-05,0.2124,0.4074,0.1848,0.2025,0.3927,0.1811
21,14540,181,718,6.72e-05,0.2024,0.3483,0.1796,0.1882,0.3481,0.1761
21,14560,201,718,6.72e-05,0.2345,0.3515,0.183,0.234,0.3458,0.1811
21,14580,221,718,6.72e-05,0.2286,0.3376,0.1738,0.2192,0.3185,0.1704
21,14600,241,718,6.72e-05,0.1809,0.3672,0.1725,0.1717,0.3542,0.169
21,14620,261,718,6.72e-05,0.2422,0.3516,0.1918,0.2283,0.3314,0.1873
21,14640,281,718,6.72e-05,0.2058,0.3957,0.1899,0.1944,0.3989,0.1877
21,14660,301,718,6.72e-05,0.1867,0.2975,0.1616,0.1781,0.2935,0.1582
21,14680,321,718,6.72e-05,0.2487,0.3933,0.1889,0.244,0.3777,0.1877
21,14700,341,718,6.72e-05,0.2325,0.337,0.1721,0.2203,0.3329,0.1693
21,14720,361,718,6.72e-05,0.2367,0.3311,0.1729,0.2204,0.324,0.1674
21,14740,381,718,6.72e-05,0.2208,0.369,0.1756,0.2131,0.3646,0.174
21,14760,401,718,6.72e-05,0.2184,0.3375,0.1692,0.2011,0.3305,0.1683
21,14780,421,718,6.72e-05,0.2201,0.3475,0.1708,0.2052,0.3457,0.1685
21,14800,441,718,6.72e-05,0.1856,0.3898,0.1747,0.1775,0.3779,0.17
21,14820,461,718,6.72e-05,0.2009,0.3562,0.1736,0.1954,0.3461,0.172
21,14840,481,718,6.72e-05,0.1817,0.3149,0.1659,0.1702,0.3088,0.1632
21,14860,501,718,6.72e-05,0.2173,0.2894,0.1672,0.2052,0.2783,0.1633
21,14880,521,718,6.72e-05,0.1818,0.2781,0.1666,0.1723,0.2736,0.1622
21,14900,541,718,6.72e-05,0.207,0.3475,0.1901,0.2003,0.3386,0.1923
21,14920,561,718,6.72e-05,0.2503,0.3761,0.1696,0.244,0.3531,0.1651
21,14940,581,718,6.72e-05,0.203,0.2893,0.1698,0.1821,0.2857,0.1686
21,14960,601,718,6.72e-05,0.2241,0.3652,0.1892,0.2162,0.3642,0.1875
21,14980,621,718,6.72e-05,0.2012,0.2876,0.1703,0.1879,0.278,0.1675
21,15000,641,718,6.72e-05,0.2295,0.345,0.1738,0.2134,0.3443,0.1707
21,15020,661,718,6.72e-05,0.2036,0.3734,0.1794,0.1888,0.3538,0.1754
21,15040,681,718,6.72e-05,0.2109,0.3879,0.1859,0.2108,0.3676,0.1815
21,15060,701,718,6.72e-05,0.2099,0.3058,0.1694,0.2101,0.3104,0.169
22,15080,3,718,6.43e-05,0.2264,0.282,0.1604,0.218,0.2804,0.1573
22,15100,23,718,6.43e-05,0.2424,0.384,0.1887,0.229,0.3596,0.1853
22,15120,43,718,6.43e-05,0.2447,0.2696,0.1564,0.2255,0.2649,0.153
22,15140,63,718,6.43e-05,0.1914,0.2776,0.1616,0.1874,0.2656,0.157
22,15160,83,718,6.43e-05,0.2136,0.3603,0.1857,0.2121,0.3479,0.1814
22,15180,103,718,6.43e-05,0.2086,0.3262,0.1666,0.1932,0.3116,0.1615
22,15200,123,718,6.43e-05,0.2357,0.3782,0.179,0.2259,0.3618,0.1756
22,15220,143,718,6.43e-05,0.1971,0.3177,0.1749,0.185,0.3124,0.1714
22,15240,163,718,6.43e-05,0.2006,0.4141,0.1824,0.1959,0.4035,0.1784
22,15260,183,718,6.43e-05,0.2268,0.3562,0.1773,0.2184,0.3506,0.1738
22,15280,203,718,6.43e-05,0.209,0.3401,0.1717,0.2015,0.329,0.1693
22,15300,223,718,6.43e-05,0.2042,0.3454,0.1808,0.1847,0.3443,0.1793
22,15320,243,718,6.43e-05,0.2351,0.3325,0.1744,0.2169,0.3156,0.1687
22,15340,263,718,6.43e-05,0.2005,0.3181,0.174,0.1988,0.3192,0.1703
22,15360,283,718,6.43e-05,0.2542,0.3801,0.1937,0.2472,0.3572,0.188
22,15380,303,718,6.43e-05,0.215,0.3425,0.1811,0.2141,0.3293,0.1773
22,15400,323,718,6.43e-05,0.2552,0.3268,0.1743,0.2439,0.3185,0.1704
22,15420,343,718,6.43e-05,0.2374,0.4006,0.1852,0.2311,0.4035,0.1838
22,15440,363,718,6.43e-05,0.2148,0.3024,0.1654,0.2044,0.2944,0.1645
22,15460,383,718,6.43e-05,0.1872,0.351,0.1791,0.1768,0.3405,0.1736
22,15480,403,718,6.43e-05,0.2044,0.3662,0.1654,0.2032,0.3615,0.1639
22,15500,423,718,6.43e-05,0.2278,0.3542,0.173,0.2187,0.3512,0.1701
22,15520,443,718,6.43e-05,0.2092,0.3345,0.1708,0.1977,0.3206,0.1676
22,15540,463,718,6.43e-05,0.2307,0.3034,0.162,0.2182,0.2968,0.1578
22,15560,483,718,6.43e-05,0.2515,0.3789,0.1882,0.2459,0.3664,0.1838
22,15580,503,718,6.43e-05,0.1969,0.3312,0.169,0.1917,0.3136,0.1664
22,15600,523,718,6.43e-05,0.2054,0.2525,0.1545,0.2064,0.2438,0.1504
22,15620,543,718,6.43e-05,0.1888,0.4074,0.1749,0.1789,0.3999,0.1717
22,15640,563,718,6.43e-05,0.2264,0.3301,0.1667,0.2112,0.3277,0.1653
22,15660,583,718,6.43e-05,0.1909,0.3721,0.1809,0.1822,0.3644,0.178
22,15680,603,718,6.43e-05,0.2714,0.3507,0.1898,0.2542,0.347,0.1872
22,15700,623,718,6.43e-05,0.21,0.3181,0.1761,0.2052,0.3005,0.1713
22,15720,643,718,6.43e-05,0.2084,0.2927,0.163,0.1899,0.283,0.1593
22,15740,663,718,6.43e-05,0.2107,0.351,0.163,0.2042,0.3334,0.1581
22,15760,683,718,6.43e-05,0.2098,0.4021,0.1894,0.2028,0.3901,0.1865
22,15780,703,718,6.43e-05,0.2049,0.3625,0.1697,0.2022,0.3531,0.165
23,15800,5,718,6.14e-05,0.206,0.3168,0.1734,0.1984,0.3027,0.1673
23,15820,25,718,6.14e-05,0.2149,0.3236,0.1645,0.2135,0.3089,0.158
23,15840,45,718,6.14e-05,0.2056,0.3399,0.1708,0.1875,0.3294,0.1676
23,15860,65,718,6.14e-05,0.2339,0.386,0.1727,0.2273,0.3738,0.1669
23,15880,85,718,6.14e-05,0.2345,0.3389,0.178,0.2201,0.3347,0.1749
23,15900,105,718,6.14e-05,0.2402,0.3158,0.181,0.2283,0.307,0.176
23,15920,125,718,6.14e-05,0.2246,0.2871,0.1724,0.213,0.2755,0.1703
23,15940,145,718,6.14e-05,0.2267,0.3372,0.1689,0.221,0.3261,0.1625
23,15960,165,718,6.14e-05,0.2018,0.2747,0.1721,0.1907,0.2669,0.1684
23,15980,185,718,6.14e-05,0.2562,0.3704,0.1786,0.2499,0.3607,0.1761
23,16000,205,718,6.14e-05,0.2333,0.3615,0.1768,0.2271,0.3604,0.1775
23,16020,225,718,6.14e-05,0.2177,0.3352,0.1677,0.2074,0.3216,0.1645
23,16040,245,718,6.14e-05,0.2297,0.3265,0.1732,0.2205,0.3207,0.1719
23,16060,265,718,6.14e-05,0.2299,0.3377,0.1676,0.2243,0.3268,0.165
23,16080,285,718,6.14e-05,0.206,0.2949,0.1646,0.184,0.2819,0.1605
23,16100,305,718,6.14e-05,0.1974,0.3544,0.1752,0.1879,0.3403,0.1722
23,16120,325,718,6.14e-05,0.2135,0.3879,0.1751,0.2079,0.3917,0.1734
23,16140,345,718,6.14e-05,0.2147,0.3446,0.1709,0.2069,0.3336,0.1679
23,16160,365,718,6.14e-05,0.1934,0.3372,0.168,0.1842,0.3279,0.1648
23,16180,385,718,6.14e-05,0.2203,0.333,0.1779,0.2203,0.3227,0.1734
23,16200,405,718,6.14e-05,0.2345,0.3212,0.1748,0.2316,0.312,0.1728
23,16220,425,718,6.14e-05,0.2413,0.3749,0.1878,0.2261,0.366,0.1848
23,16240,445,718,6.14e-05,0.1944,0.2813,0.1559,0.1858,0.2749,0.1535
23,16260,465,718,6.14e-05,0.2501,0.3507,0.1825,0.2443,0.3532,0.1816
23,16280,485,718,6.14e-05,0.2062,0.3563,0.1747,0.2003,0.3489,0.1725
23,16300,505,718,6.14e-05,0.2228,0.3394,0.1717,0.2091,0.3398,0.1679
23,16320,525,718,6.14e-05,0.2014,0.3815,0.1818,0.1935,0.3787,0.1816
23,16340,545,718,6.14e-05,0.2337,0.3225,0.1667,0.2329,0.3133,0.1643
23,16360,565,718,6.14e-05,0.2068,0.3042,0.1494,0.2005,0.3077,0.1471
23,16380,585,718,6.14e-05,0.1974,0.3309,0.1715,0.1891,0.3274,0.1678
23,16400,605,718,6.14e-05,0.2493,0.3411,0.1703,0.2498,0.3358,0.1683
23,16420,625,718,6.14e-05,0.191,0.3488,0.1768,0.1874,0.3367,0.1745
23,16440,645,718,6.14e-05,0.2392,0.3401,0.1672,0.2281,0.3335,0.1646
23,16460,665,718,6.14e-05,0.1975,0.3687,0.1896,0.1966,0.3589,0.1866
23,16480,685,718,6.14e-05,0.219,0.3217,0.1789,0.1976,0.3153,0.1789
23,16500,705,718,6.14e-05,0.2619,0.3527,0.1744,0.2563,0.3415,0.1703
24,16520,7,718,5.85e-05,0.1936,0.2945,0.1744,0.1866,0.2933,0.1737
24,16540,27,718,5.85e-05,0.2126,0.3508,0.1807,0.2014,0.347,0.1789
24,16560,47,718,5.85e-05,0.2211,0.3268,0.1683,0.2186,0.3121,0.1639
24,16580,67,718,5.85e-05,0.2586,0.313,0.1691,0.2389,0.2965,0.1646
24,16600,87,718,5.85e-05,0.2033,0.357,0.1671,0.1882,0.3465,0.1631
24,16620,107,718,5.85e-05,0.2056,0.356,0.1794,0.194,0.3404,0.1778
24,16640,127,718,5.85e-05,0.2307,0.3104,0.1805,0.2178,0.3077,0.1775
24,16660,147,718,5.85e-05,0.1983,0.3426,0.1783,0.1893,0.3329,0.1759
24,16680,167,718,5.85e-05,0.2344,0.3745,0.1886,0.2242,0.3651,0.1857
24,16700,187,718,5.85e-05,0.2055,0.3023,0.1631,0.1944,0.2888,0.158
24,16720,207,718,5.85e-05,0.2008,0.3419,0.1677,0.1942,0.3272,0.1628
24,16740,227,718,5.85e-05,0.2014,0.2925,0.1616,0.183,0.2904,0.1597
24,16760,247,718,5.85e-05,0.1741,0.298,0.1595,0.1579,0.2928,0.1577
24,16780,267,718,5.85e-05,0.2145,0.2926,0.1685,0.205,0.2827,0.1643
24,16800,287,718,5.85e-05,0.1836,0.3123,0.1622,0.1749,0.3087,0.1593
24,16820,307,718,5.85e-05,0.2252,0.3448,0.1696,0.2103,0.3285,0.1647
24,16840,327,718,5.85e-05,0.2137,0.3361,0.1705,0.2093,0.3208,0.1663
24,16860,347,718,5.85e-05,0.1933,0.2925,0.1571,0.1874,0.2864,0.1557
24,16880,367,718,5.85e-05,0.2224,0.3253,0.1717,0.2178,0.3077,0.1661
24,16900,387,718,5.85e-05,0.2061,0.3886,0.1901,0.2004,0.3783,0.1899
24,16920,407,718,5.85e-05,0.2301,0.3385,0.167,0.2203,0.3274,0.1639
24,16940,427,718,5.85e-05,0.2242,0.3596,0.1783,0.2143,0.3517,0.1737
24,16960,447,718,5.85e-05,0.1723,0.311,0.1623,0.1613,0.3005,0.1582
24,16980,467,718,5.85e-05,0.2264,0.3462,0.1759,0.2312,0.3438,0.1732
24,17000,487,718,5.85e-05,0.193,0.3544,0.1845,0.1835,0.3409,0.1799
24,17020,507,718,5.85e-05,0.2059,0.3121,0.1644,0.1912,0.2977,0.1604
24,17040,527,718,5.85e-05,0.2287,0.3597,0.1768,0.2157,0.3436,0.1714
24,17060,547,718,5.85e-05,0.1941,0.317,0.158,0.1806,0.3143,0.1547
24,17080,567,718,5.85e-05,0.2532,0.3576,0.1807,0.2434,0.3417,0.1758
24,17100,587,718,5.85e-05,0.2252,0.3133,0.1711,0.2097,0.3027,0.1697
24,17120,607,718,5.85e-05,0.2588,0.3504,0.18,0.2417,0.3407,0.1774
24,17140,627,718,5.85e-05,0.2231,0.3743,0.1775,0.2104,0.3544,0.1702
24,17160,647,718,5.85e-05,0.2229,0.2999,0.1698,0.2087,0.2914,0.1639
24,17180,667,718,5.85e-05,0.204,0.3453,0.1814,0.1965,0.3357,0.178
24,17200,687,718,5.85e-05,0.1902,0.3493,0.1838,0.178,0.3425,0.1787
24,17220,707,718,5.85e-05,0.1993,0.3469,0.1733,0.1913,0.3349,0.171
25,17240,9,718,5.55e-05,0.2395,0.3702,0.1872,0.2348,0.3675,0.1871
25,17260,29,718,5.55e-05,0.2079,0.2751,0.1661,0.1936,0.2741,0.1642
25,17280,49,718,5.55e-05,0.2027,0.2983,0.1635,0.1899,0.2834,0.1612
25,17300,69,718,5.55e-05,0.2473,0.335,0.1707,0.2313,0.32,0.1686
25,17320,89,718,5.55e-05,0.2155,0.3315,0.1708,0.2043,0.3183,0.1681
25,17340,109,718,5.55e-05,0.1794,0.2885,0.1678,0.169,0.2825,0.1658
25,17360,129,718,5.55e-05,0.1982,0.3213,0.1633,0.1839,0.3114,0.1615
25,17380,149,718,5.55e-05,0.2156,0.3668,0.1716,0.2071,0.3555,0.1682
25,17400,169,718,5.55e-05,0.223,0.3695,0.1773,0.2188,0.3548,0.1748
25,17420,189,718,5.55e-05,0.2558,0.3366,0.1767,0.2526,0.3291,0.1702
25,17440,209,718,5.55e-05,0.2244,0.2855,0.163,0.2104,0.2713,0.1589
25,17460,229,718,5.55e-05,0.2412,0.3538,0.1798,0.2326,0.3492,0.1776
25,17480,249,718,5.55e-05,0.2104,0.3504,0.1754,0.212,0.3401,0.1722
25,17500,269,718,5.55e-05,0.2132,0.2797,0.164,0.205,0.2679,0.1601
25,17520,289,718,5.55e-05,0.2336,0.3608,0.1791,0.2282,0.3489,0.1756
25,17540,309,718,5.55e-05,0.2254,0.321,0.1736,0.2123,0.3107,0.1731
25,17560,329,718,5.55e-05,0.1931,0.3259,0.1643,0.1788,0.3168,0.1597
25,17580,349,718,5.55e-05,0.2129,0.3313,0.1796,0.2125,0.3186,0.1764
25,17600,369,718,5.55e-05,0.2216,0.3266,0.1759,0.2032,0.327,0.1746
25,17620,389,718,5.55e-05,0.2102,0.3785,0.1795,0.2011,0.3726,0.1752
25,17640,409,718,5.55e-05,0.1917,0.3589,0.1786,0.1788,0.3556,0.1782
25,17660,429,718,5.55e-05,0.2173,0.3803,0.1702,0.2099,0.3637,0.1647
25,17680,449,718,5.55e-05,0.2169,0.3557,0.1859,0.2059,0.3455,0.1827
25,17700,469,718,5.55e-05,0.2275,0.3356,0.1747,0.2269,0.342,0.1726
25,17720,489,718,5.55e-05,0.2004,0.3079,0.1689,0.1914,0.2933,0.1663
25,17740,509,718,5.55e-05,0.1934,0.3192,0.1604,0.1887,0.3132,0.1571
25,17760,529,718,5.55e-05,0.2095,0.3266,0.1679,0.2109,0.3335,0.1643
25,17780,549,718,5.55e-05,0.2364,0.3713,0.1844,0.2196,0.3575,0.1799
25,17800,569,718,5.55e-05,0.2521,0.377,0.1918,0.2376,0.3637,0.1859
25,17820,589,718,5.55e-05,0.2142,0.3347,0.175,0.2002,0.3212,0.1719
25,17840,609,718,5.55e-05,0.2195,0.3415,0.1682,0.2119,0.3334,0.1647
25,17860,629,718,5.55e-05,0.2046,0.329,0.1824,0.1906,0.3189,0.1787
25,17880,649,718,5.55e-05,0.2122,0.3201,0.1785,0.1956,0.2969,0.1727
25,17900,669,718,5.55e-05,0.1818,0.2999,0.1632,0.1693,0.2937,0.1623
25,17920,689,718,5.55e-05,0.2059,0.3317,0.1718,0.197,0.3265,0.1687
25,17940,709,718,5.55e-05,0.2343,0.378,0.1835,0.2314,0.3714,0.1815
26,17960,11,718,5.25e-05,0.2156,0.2853,0.1553,0.2111,0.2876,0.1533
26,17980,31,718,5.25e-05,0.2359,0.3603,0.1739,0.2287,0.357,0.1706
26,18000,51,718,5.25e-05,0.1867,0.2998,0.1616,0.1724,0.292,0.1596
26,18020,71,718,5.25e-05,0.1881,0.3063,0.1649,0.181,0.3041,0.161
26,18040,91,718,5.25e-05,0.2531,0.366,0.1849,0.2437,0.3576,0.1787
26,18060,111,718,5.25e-05,0.2362,0.355,0.1711,0.2052,0.3383,0.1653
26,18080,131,718,5.25e-05,0.2285,0.3144,0.1662,0.209,0.303,0.1614
26,18100,151,718,5.25e-05,0.1844,0.2786,0.1648,0.1758,0.2716,0.1618
26,18120,171,718,5.25e-05,0.1942,0.3,0.1581,0.1712,0.2913,0.1542
26,18140,191,718,5.25e-05,0.2224,0.399,0.1811,0.2146,0.3966,0.1787
26,18160,211,718,5.25e-05,0.192,0.3608,0.1801,0.1857,0.334,0.1732
26,18180,231,718,5.25e-05,0.1986,0.2385,0.1515,0.1886,0.2353,0.1482
26,18200,251,718,5.25e-05,0.2034,0.3516,0.1699,0.1948,0.3326,0.1652
26,18220,271,718,5.25e-05,0.2225,0.4113,0.2055,0.2129,0.3958,0.199
26,18240,291,718,5.25e-05,0.2664,0.3018,0.169,0.2506,0.288,0.1659
26,18260,311,718,5.25e-05,0.2013,0.2915,0.1677,0.1929,0.2815,0.1637
26,18280,331,718,5.25e-05,0.2148,0.3552,0.1851,0.2159,0.3509,0.1818
26,18300,351,718,5.25e-05,0.2178,0.3448,0.1789,0.213,0.3421,0.1743
26,18320,371,718,5.25e-05,0.22,0.3713,0.1925,0.1987,0.3577,0.1904
26,18340,391,718,5.25e-05,0.1847,0.3375,0.169,0.1739,0.3199,0.1648
26,18360,411,718,5.25e-05,0.2206,0.3423,0.1807,0.2066,0.3293,0.1752
26,18380,431,718,5.25e-05,0.2229,0.3179,0.1786,0.2151,0.3088,0.1777
26,18400,451,718,5.25e-05,0.2046,0.3228,0.17,0.1918,0.322,0.1681
26,18420,471,718,5.25e-05,0.2414,0.394,0.1876,0.2285,0.374,0.1798
26,18440,491,718,5.25e-05,0.2139,0.3294,0.1753,0.2044,0.3189,0.1714
26,18460,511,718,5.25e-05,0.2296,0.332,0.1702,0.2282,0.327,0.1685
26,18480,531,718,5.25e-05,0.2108,0.3285,0.1706,0.204,0.3225,0.1698
26,18500,551,718,5.25e-05,0.1986,0.3564,0.1744,0.187,0.3506,0.1726
26,18520,571,718,5.25e-05,0.1964,0.395,0.1888,0.1871,0.3922,0.1873
26,18540,591,718,5.25e-05,0.2345,0.3453,0.1739,0.2188,0.3446,0.1719
26,18560,611,718,5.25e-05,0.2308,0.3291,0.1745,0.2199,0.3241,0.1736
26,18580,631,718,5.25e-05,0.2265,0.354,0.1777,0.224,0.3471,0.1761
26,18600,651,718,5.25e-05,0.1902,0.3627,0.174,0.1876,0.3587,0.1724
26,18620,671,718,5.25e-05,0.2079,0.3821,0.1825,0.2063,0.3736,0.1811
26,18640,691,718,5.25e-05,0.2265,0.3719,0.1804,0.2182,0.3632,0.1753
26,18660,711,718,5.25e-05,0.2095,0.3576,0.168,0.2073,0.3566,0.1648
27,18680,13,718,4.95e-05,0.2096,0.3587,0.172,0.1994,0.3468,0.1683
27,18700,33,718,4.95e-05,0.1834,0.3066,0.1687,0.1754,0.3037,0.1671
27,18720,53,718,4.95e-05,0.2033,0.3422,0.1584,0.1939,0.3392,0.1567
27,18740,73,718,4.95e-05,0.2314,0.3278,0.1808,0.233,0.3151,0.1763
27,18760,93,718,4.95e-05,0.1942,0.3777,0.1766,0.1857,0.3804,0.1777
27,18780,113,718,4.95e-05,0.177,0.3576,0.1707,0.165,0.3367,0.1645
27,18800,133,718,4.95e-05,0.2347,0.3221,0.177,0.2199,0.3158,0.1746
27,18820,153,718,4.95e-05,0.2273,0.3412,0.169,0.2185,0.3376,0.1665
27,18840,173,718,4.95e-05,0.2047,0.3296,0.1679,0.2014,0.3351,0.1674
27,18860,193,718,4.95e-05,0.2039,0.2988,0.1624,0.2011,0.296,0.1588
27,18880,213,718,4.95e-05,0.2144,0.3426,0.1746,0.1977,0.33,0.1691
27,18900,233,718,4.95e-05,0.2063,0.3284,0.175,0.1997,0.3125,0.1717
27,18920,253,718,4.95e-05,0.2014,0.341,0.1715,0.1906,0.3288,0.1667
27,18940,273,718,4.95e-05,0.2267,0.3319,0.1739,0.228,0.3304,0.1715
27,18960,293,718,4.95e-05,0.1891,0.3092,0.1611,0.1764,0.2921,0.156
27,18980,313,718,4.95e-05,0.22,0.3454,0.1762,0.2181,0.3376,0.1721
27,19000,333,718,4.95e-05,0.1952,0.3066,0.1676,0.1896,0.302,0.1649
27,19020,353,718,4.95e-05,0.1875,0.3084,0.1635,0.1808,0.3091,0.161
27,19040,373,718,4.95e-05,0.2205,0.3126,0.1671,0.208,0.3051,0.1685
27,19060,393,718,4.95e-05,0.2321,0.3466,0.1738,0.2197,0.3431,0.1711
27,19080,413,718,4.95e-05,0.221,0.3455,0.1767,0.2094,0.3333,0.1717
27,19100,433,718,4.95e-05,0.1868,0.3338,0.1612,0.1774,0.3382,0.1597
27,19120,453,718,4.95e-05,0.2073,0.3132,0.1676,0.1888,0.3092,0.1661
27,19140,473,718,4.95e-05,0.1995,0.3506,0.1731,0.1897,0.346,0.1715
27,19160,493,718,4.95e-05,0.2151,0.336,0.1739,0.2023,0.3246,0.1686
27,19180,513,718,4.95e-05,0.2333,0.3788,0.1796,0.2226,0.3666,0.1768
27,19200,533,718,4.95e-05,0.1861,0.341,0.1568,0.1838,0.3306,0.1536
27,19220,553,718,4.95e-05,0.213,0.3336,0.1781,0.2025,0.3216,0.173
27,19240,573,718,4.95e-05,0.215,0.3642,0.1789,0.2126,0.3592,0.1742
27,19260,593,718,4.95e-05,0.2072,0.3623,0.1754,0.196,0.3502,0.1726
27,19280,613,718,4.95e-05,0.1731,0.3303,0.1811,0.1635,0.3177,0.1775
27,19300,633,718,4.95e-05,0.2036,0.3104,0.1669,0.1887,0.2955,0.1625
27,19320,653,718,4.95e-05,0.2374,0.396,0.1813,0.218,0.3766,0.1769
27,19340,673,718,4.95e-05,0.194,0.2979,0.161,0.1942,0.2919,0.1587
27,19360,693,718,4.95e-05,0.2046,0.3198,0.1687,0.1998,0.3219,0.1683
27,19380,713,718,4.95e-05,0.1978,0.3488,0.1823,0.1869,0.3329,0.177
28,19400,15,718,4.65e-05,0.2346,0.3347,0.1738,0.2217,0.3115,0.1685
28,19420,35,718,4.65e-05,0.1862,0.3285,0.1646,0.176,0.3205,0.1608
28,19440,55,718,4.65e-05,0.2192,0.3398,0.1754,0.2074,0.333,0.1732
28,19460,75,718,4.65e-05,0.1901,0.307,0.1645,0.1779,0.3066,0.1624
28,19480,95,718,4.65e-05,0.2209,0.2981,0.1625,0.1987,0.2864,0.1599
28,19500,115,718,4.65e-05,0.2398,0.3182,0.175,0.233,0.2998,0.1667
28,19520,135,718,4.65e-05,0.2114,0.3115,0.1684,0.2064,0.3074,0.1669
28,19540,155,718,4.65e-05,0.1766,0.2966,0.1587,0.1663,0.2905,0.1566
28,19560,175,718,4.65e-05,0.214,0.3253,0.1754,0.2013,0.3232,0.1756
28,19580,195,718,4.65e-05,0.2195,0.3601,0.1713,0.2073,0.3536,0.1672
28,19600,215,718,4.65e-05,0.2197,0.3456,0.1708,0.2069,0.3291,0.1661
28,19620,235,718,4.65e-05,0.2261,0.297,0.1824,0.2211,0.2887,0.177
28,19640,255,718,4.65e-05,0.2152,0.3358,0.1844,0.2006,0.3232,0.1814
28,19660,275,718,4.65e-05,0.1908,0.2905,0.1619,0.1862,0.2883,0.1608
28,19680,295,718,4.65e-05,0.206,0.3399,0.1662,0.1962,0.3339,0.1627
28,19700,315,718,4.65e-05,0.2063,0.284,0.1604,0.1975,0.2745,0.1573
28,19720,335,718,4.65e-05,0.2273,0.3491,0.1842,0.2117,0.3388,0.1804
28,19740,355,718,4.65e-05,0.2315,0.3279,0.1731,0.2113,0.3113,0.1686
28,19760,375,718,4.65e-05,0.228,0.3295,0.1775,0.2102,0.3278,0.176
28,19780,395,718,4.65e-05,0.2239,0.3267,0.1763,0.2119,0.3242,0.1732
28,19800,415,718,4.65e-05,0.2079,0.301,0.1648,0.1892,0.2927,0.1623
28,19820,435,718,4.65e-05,0.2135,0.2917,0.1572,0.2071,0.2853,0.1531
28,19840,455,718,4.65e-05,0.2045,0.3113,0.1617,0.191,0.3078,0.1619
28,19860,475,718,4.65e-05,0.1956,0.325,0.172,0.1792,0.308,0.1705
28,19880,495,718,4.65e-05,0.2214,0.3723,0.1883,0.22,0.3665,0.1843
28,19900,515,718,4.65e-05,0.2242,0.3631,0.1723,0.208,0.3576,0.1715
28,19920,535,718,4.65e-05,0.2128,0.3746,0.1906,0.205,0.3633,0.1864
28,19940,555,718,4.65e-05,0.24,0.3658,0.1847,0.2272,0.3585,0.1825
28,19960,575,718,4.65e-05,0.2106,0.3434,0.176,0.2016,0.327,0.1706
28,19980,595,718,4.65e-05,0.2393,0.4089,0.1876,0.2327,0.3932,0.1815
28,20000,615,718,4.65e-05,0.1977,0.367,0.1827,0.1849,0.3532,0.1774
28,20020,635,718,4.65e-05,0.2049,0.3098,0.1636,0.194,0.2933,0.1612
28,20040,655,718,4.65e-05,0.2156,0.3982,0.1802,0.2089,0.3804,0.1741
28,20060,675,718,4.65e-05,0.2404,0.3733,0.1765,0.2267,0.3513,0.1705
28,20080,695,718,4.65e-05,0.1983,0.3064,0.1646,0.1807,0.2961,0.1609
28,20100,715,718,4.65e-05,0.2101,0.2965,0.1662,0.1932,0.2842,0.1623
29,20120,17,718,4.36e-05,0.2138,0.3391,0.1723,0.2115,0.3278,0.1695
29,20140,37,718,4.36e-05,0.2056,0.3222,0.1717,0.1991,0.3184,0.1686
29,20160,57,718,4.36e-05,0.1984,0.3385,0.1775,0.1897,0.3282,0.1755
29,20180,77,718,4.36e-05,0.1877,0.3558,0.1749,0.1774,0.3335,0.1696
29,20200,97,718,4.36e-05,0.2063,0.2944,0.1669,0.1938,0.2876,0.1638
29,20220,117,718,4.36e-05,0.1797,0.279,0.1586,0.1729,0.2665,0.1528
29,20240,137,718,4.36e-05,0.2194,0.3852,0.1766,0.2106,0.3781,0.1741
29,20260,157,718,4.36e-05,0.1988,0.3142,0.1693,0.1902,0.3014,0.1653
29,20280,177,718,4.36e-05,0.2266,0.3772,0.186,0.2167,0.3596,0.1809
29,20300,197,718,4.36e-05,0.2034,0.2792,0.1574,0.1895,0.2708,0.1543
29,20320,217,718,4.36e-05,0.2222,0.3151,0.1671,0.2059,0.3017,0.1643
29,20340,237,718,4.36e-05,0.2021,0.3365,0.1733,0.1939,0.3287,0.1686
29,20360,257,718,4.36e-05,0.2228,0.2728,0.1561,0.193,0.2675,0.1553
29,20380,277,718,4.36e-05,0.197,0.3255,0.1738,0.188,0.3176,0.1713
29,20400,297,718,4.36e-05,0.2071,0.3267,0.166,0.1926,0.321,0.1626
29,20420,317,718,4.36e-05,0.1949,0.3511,0.1749,0.1913,0.3356,0.1696
29,20440,337,718,4.36e-05,0.2353,0.4064,0.2086,0.2369,0.3881,0.2055
29,20460,357,718,4.36e-05,0.236,0.3579,0.1715,0.226,0.3351,0.1658
29,20480,377,718,4.36e-05,0.2032,0.3058,0.1789,0.1869,0.2973,0.1732
29,20500,397,718,4.36e-05,0.2023,0.3553,0.17,0.1897,0.3422,0.1665
29,20520,417,718,4.36e-05,0.2144,0.3034,0.1713,0.2088,0.3034,0.1695
29,20540,437,718,4.36e-05,0.2647,0.3395,0.1757,0.2633,0.3306,0.1712
29,20560,457,718,4.36e-05,0.2374,0.3834,0.1842,0.2325,0.3792,0.1802
29,20580,477,718,4.36e-05,0.1886,0.3036,0.1647,0.1734,0.2942,0.1607
29,20600,497,718,4.36e-05,0.1948,0.272,0.1583,0.1799,0.2582,0.1559
29,20620,517,718,4.36e-05,0.1843,0.3222,0.1645,0.1693,0.3094,0.16
29,20640,537,718,4.36e-05,0.265,0.3545,0.1704,0.246,0.3388,0.1666
29,20660,557,718,4.36e-05,0.1835,0.2986,0.168,0.1756,0.2871,0.1673
29,20680,577,718,4.36e-05,0.2693,0.3554,0.1839,0.2622,0.3501,0.182
29,20700,597,718,4.36e-05,0.2077,0.2859,0.1625,0.2025,0.2777,0.1576
29,20720,617,718,4.36e-05,0.196,0.3573,0.1683,0.1836,0.3418,0.164
29,20740,637,718,4.36e-05,0.2433,0.3146,0.1768,0.238,0.3092,0.1755
29,20760,657,718,4.36e-05,0.215,0.334,0.1697,0.2025,0.3306,0.1673
29,20780,677,718,4.36e-05,0.2099,0.3225,0.1675,0.1971,0.3082,0.1623
29,20800,697,718,4.36e-05,0.2197,0.3629,0.1937,0.2057,0.3473,0.189
29,20820,717,718,4.36e-05,0.1732,0.2837,0.1679,0.155,0.2747,0.1656
30,20840,19,718,4.07e-05,0.2072,0.2711,0.1649,0.2022,0.2638,0.1591
30,20860,39,718,4.07e-05,0.1989,0.3225,0.1778,0.1903,0.3132,0.1748
30,20880,59,718,4.07e-05,0.2236,0.3638,0.1847,0.2036,0.3419,0.1793
30,20900,79,718,4.07e-05,0.1799,0.326,0.1645,0.1649,0.3074,0.1592
30,20920,99,718,4.07e-05,0.1958,0.3361,0.1813,0.1799,0.3305,0.1786
30,20940,119,718,4.07e-05,0.2133,0.3797,0.1756,0.2012,0.3664,0.1742
30,20960,139,718,4.07e-05,0.2137,0.3634,0.182,0.215,0.3485,0.178
30,20980,159,718,4.07e-05,0.227,0.3788,0.1909,0.2216,0.3588,0.1874
30,21000,179,718,4.07e-05,0.2236,0.3625,0.1744,0.2065,0.3579,0.1716
30,21020,199,718,4.07e-05,0.2009,0.3502,0.1715,0.1952,0.3325,0.1677
30,21040,219,718,4.07e-05,0.1901,0.3582,0.1746,0.1816,0.358,0.1724
30,21060,239,718,4.07e-05,0.2359,0.358,0.1737,0.2151,0.3548,0.1714
30,21080,259,718,4.07e-05,0.1907,0.3257,0.1679,0.1836,0.3156,0.1632
30,21100,279,718,4.07e-05,0.2399,0.3387,0.1746,0.2278,0.33,0.1718
30,21120,299,718,4.07e-05,0.1946,0.3624,0.1818,0.185,0.3553,0.1769
30,21140,319,718,4.07e-05,0.2168,0.3546,0.1813,0.2087,0.3323,0.1746
30,21160,339,718,4.07e-05,0.2039,0.346,0.1739,0.188,0.3403,0.1709
30,21180,359,718,4.07e-05,0.2169,0.3318,0.1699,0.2023,0.3216,0.1661
30,21200,379,718,4.07e-05,0.2383,0.3245,0.1655,0.2191,0.3205,0.1626
30,21220,399,718,4.07e-05,0.2303,0.3835,0.1763,0.2132,0.3623,0.1706
30,21240,419,718,4.07e-05,0.2076,0.315,0.1607,0.1965,0.3012,0.1564
30,21260,439,718,4.07e-05,0.1871,0.3745,0.1753,0.1869,0.357,0.172
30,21280,459,718,4.07e-05,0.2033,0.3379,0.1878,0.1916,0.3209,0.1794
30,21300,479,718,4.07e-05,0.1924,0.3453,0.1625,0.1873,0.34,0.1596
30,21320,499,718,4.07e-05,0.2307,0.3335,0.1759,0.2237,0.3232,0.1729
30,21340,519,718,4.07e-05,0.2229,0.2937,0.1792,0.2133,0.2902,0.1749
30,21360,539,718,4.07e-05,0.2061,0.3327,0.1687,0.1938,0.3241,0.1666
30,21380,559,718,4.07e-05,0.1694,0.279,0.1682,0.1599,0.2695,0.1655
30,21400,579,718,4.07e-05,0.1935,0.3474,0.1726,0.1768,0.3293,0.1687
30,21420,599,718,4.07e-05,0.2038,0.3192,0.1714,0.1854,0.3095,0.1693
30,21440,619,718,4.07e-05,0.221,0.3109,0.161,0.2099,0.3126,0.1582
30,21460,639,718,4.07e-05,0.2196,0.3113,0.1744,0.2037,0.3009,0.1706
30,21480,659,718,4.07e-05,0.2085,0.3657,0.1802,0.1946,0.3495,0.1768
30,21500,679,718,4.07e-05,0.1998,0.3623,0.1798,0.1921,0.346,0.177
30,21520,699,718,4.07e-05,0.1955,0.3511,0.1771,0.1837,0.3403,0.1735
31,21540,1,718,3.78e-05,0.2093,0.2745,0.1634,0.1975,0.2657,0.1582
31,21560,21,718,3.78e-05,0.2046,0.3498,0.1629,0.1995,0.3372,0.1594
31,21580,41,718,3.78e-05,0.2212,0.3682,0.1927,0.2051,0.3584,0.1899
31,21600,61,718,3.78e-05,0.2357,0.3643,0.178,0.2224,0.3576,0.1743
31,21620,81,718,3.78e-05,0.2762,0.3647,0.1838,0.2606,0.3452,0.1774
31,21640,101,718,3.78e-05,0.2134,0.3404,0.1782,0.2031,0.331,0.1744
31,21660,121,718,3.78e-05,0.242,0.3818,0.179,0.2249,0.3547,0.1711
31,21680,141,718,3.78e-05,0.2042,0.3277,0.1704,0.1871,0.3194,0.1666
31,21700,161,718,3.78e-05,0.199,0.3416,0.1633,0.1915,0.3268,0.1597
31,21720,181,718,3.78e-05,0.2047,0.3545,0.1748,0.1942,0.3363,0.1709
31,21740,201,718,3.78e-05,0.1773,0.3174,0.1627,0.1669,0.3017,0.1585
31,21760,221,718,3.78e-05,0.2369,0.3314,0.1713,0.227,0.3295,0.1686
31,21780,241,718,3.78e-05,0.2511,0.3126,0.1708,0.2371,0.2948,0.1657
31,21800,261,718,3.78e-05,0.1992,0.2745,0.1659,0.1921,0.2553,0.1619
31,21820,281,718,3.78e-05,0.2011,0.3271,0.1684,0.1953,0.3101,0.1655
31,21840,301,718,3.78e-05,0.2687,0.3859,0.1868,0.2655,0.3669,0.1824
31,21860,321,718,3.78e-05,0.2686,0.4017,0.2002,0.258,0.3832,0.1947
31,21880,341,718,3.78e-05,0.2293,0.3943,0.1808,0.2238,0.3735,0.176
31,21900,361,718,3.78e-05,0.2019,0.3567,0.1779,0.191,0.3458,0.1733
31,21920,381,718,3.78e-05,0.2344,0.3671,0.1715,0.2151,0.345,0.1648
31,21940,401,718,3.78e-05,0.2142,0.3066,0.1714,0.206,0.2929,0.1655
31,21960,421,718,3.78e-05,0.1802,0.2981,0.1677,0.1655,0.2731,0.1611
31,21980,441,718,3.78e-05,0.2128,0.3297,0.1614,0.1857,0.3274,0.1596
31,22000,461,718,3.78e-05,0.2276,0.3027,0.1513,0.2033,0.2981,0.1492
31,22020,481,718,3.78e-05,0.2351,0.3071,0.1814,0.2207,0.2921,0.1766
31,22040,501,718,3.78e-05,0.2198,0.3441,0.1711,0.2001,0.3318,0.1673
31,22060,521,718,3.78e-05,0.1906,0.3582,0.1725,0.1832,0.3533,0.1705
31,22080,541,718,3.78e-05,0.205,0.3121,0.1682,0.1941,0.3027,0.1638
31,22100,561,718,3.78e-05,0.1966,0.3186,0.1657,0.1845,0.3015,0.1608
31,22120,581,718,3.78e-05,0.257,0.3596,0.182,0.2432,0.3489,0.1771
31,22140,601,718,3.78e-05,0.1882,0.3623,0.18,0.1781,0.3517,0.177
31,22160,621,718,3.78e-05,0.238,0.2912,0.1672,0.2268,0.2883,0.1637
31,22180,641,718,3.78e-05,0.2328,0.3458,0.1825,0.2143,0.3293,0.1776
31,22200,661,718,3.78e-05,0.2341,0.3286,0.169,0.219,0.3191,0.1647
31,22220,681,718,3.78e-05,0.2285,0.3339,0.164,0.2127,0.3144,0.1608
31,22240,701,718,3.78e-05,0.2166,0.345,0.167,0.2072,0.3322,0.1639
32,22260,3,718,3.5e-05,0.2178,0.3833,0.1755,0.2034,0.3709,0.1701
32,22280,23,718,3.5e-05,0.2378,0.3256,0.1671,0.23,0.317,0.163
32,22300,43,718,3.5e-05,0.2082,0.3219,0.1713,0.1953,0.3025,0.1667
32,22320,63,718,3.5e-05,0.1865,0.374,0.1759,0.1787,0.3597,0.1727
32,22340,83,718,3.5e-05,0.21,0.3099,0.1694,0.1868,0.3021,0.1658
32,22360,103,718,3.5e-05,0.2257,0.3195,0.1756,0.2087,0.314,0.1739
32,22380,123,718,3.5e-05,0.211,0.3153,0.1662,0.1955,0.3053,0.1639
32,22400,143,718,3.5e-05,0.2245,0.3132,0.1775,0.2133,0.3088,0.175
32,22420,163,718,3.5e-05,0.1927,0.3284,0.1724,0.1777,0.3163,0.1687
32,22440,183,718,3.5e-05,0.2021,0.3732,0.1748,0.1864,0.366,0.1716
32,22460,203,718,3.5e-05,0.2402,0.4028,0.1829,0.2352,0.3874,0.1794
32,22480,223,718,3.5e-05,0.2177,0.3158,0.1775,0.2039,0.3011,0.1748
32,22500,243,718,3.5e-05,0.1818,0.3225,0.176,0.172,0.313,0.1741
32,22520,263,718,3.5e-05,0.2124,0.3458,0.1894,0.1903,0.3344,0.1843
32,22540,283,718,3.5e-05,0.1978,0.3389,0.172,0.1861,0.3274,0.168
32,22560,303,718,3.5e-05,0.1907,0.2886,0.1624,0.1811,0.283,0.1604
32,22580,323,718,3.5e-05,0.2209,0.3594,0.1782,0.198,0.3359,0.1694
32,22600,343,718,3.5e-05,0.2444,0.3718,0.1819,0.2314,0.3467,0.1753
32,22620,363,718,3.5e-05,0.2199,0.3777,0.1964,0.203,0.3738,0.194
32,22640,383,718,3.5e-05,0.1728,0.3066,0.1602,0.1632,0.3019,0.1569
32,22660,403,718,3.5e-05,0.2324,0.3219,0.1683,0.2193,0.3141,0.1647
32,22680,423,718,3.5e-05,0.2369,0.3744,0.1735,0.2229,0.3618,0.1692
32,22700,443,718,3.5e-05,0.2165,0.3348,0.1695,0.204,0.3224,0.1653
32,22720,463,718,3.5e-05,0.2468,0.3352,0.172,0.2307,0.3187,0.1658
32,22740,483,718,3.5e-05,0.2037,0.3087,0.1677,0.191,0.295,0.1638
32,22760,503,718,3.5e-05,0.2268,0.343,0.1729,0.2121,0.3336,0.1702
32,22780,523,718,3.5e-05,0.1947,0.3343,0.1725,0.1821,0.3346,0.1715
32,22800,543,718,3.5e-05,0.2137,0.3302,0.1729,0.2032,0.3157,0.1693
32,22820,563,718,3.5e-05,0.1959,0.2938,0.1683,0.1857,0.2888,0.1651
32,22840,583,718,3.5e-05,0.2018,0.3378,0.1776,0.189,0.3313,0.1754
32,22860,603,718,3.5e-05,0.2205,0.3358,0.1725,0.2156,0.3261,0.1698
32,22880,623,718,3.5e-05,0.193,0.3297,0.1714,0.1828,0.3103,0.1656
32,22900,643,718,3.5e-05,0.2216,0.3655,0.1823,0.206,0.343,0.176
32,22920,663,718,3.5e-05,0.196,0.3595,0.1689,0.1865,0.3571,0.167
32,22940,683,718,3.5e-05,0.2005,0.3224,0.1763,0.1903,0.3054,0.1705
32,22960,703,718,3.5e-05,0.2557,0.2941,0.1654,0.2442,0.2717,0.1582
33,22980,5,718,3.23e-05,0.1987,0.2806,0.1603,0.1811,0.2729,0.1576
33,23000,25,718,3.23e-05,0.2286,0.3512,0.174,0.2255,0.3374,0.1725
33,23020,45,718,3.23e-05,0.2112,0.3277,0.1604,0.1986,0.3052,0.1552
33,23040,65,718,3.23e-05,0.2171,0.3472,0.1867,0.2105,0.3289,0.1827
33,23060,85,718,3.23e-05,0.1976,0.3063,0.1587,0.1855,0.2969,0.1548
33,23080,105,718,3.23e-05,0.2279,0.346,0.1744,0.2125,0.3277,0.1682
33,23100,125,718,3.23e-05,0.1981,0.3286,0.1622,0.1875,0.3113,0.158
33,23120,145,718,3.23e-05,0.213,0.2983,0.1696,0.2047,0.2892,0.1658
33,23140,165,718,3.23e-05,0.2121,0.3451,0.1688,0.1986,0.338,0.1663
33,23160,185,718,3.23e-05,0.1968,0.3121,0.1774,0.1787,0.3007,0.1746
33,23180,205,718,3.23e-05,0.2362,0.3735,0.1814,0.2154,0.3589,0.1778
33,23200,225,718,3.23e-05,0.2119,0.345,0.1767,0.1941,0.3334,0.1733
33,23220,245,718,3.23e-05,0.1844,0.3692,0.1683,0.1713,0.3567,0.1649
33,23240,265,718,3.23e-05,0.2037,0.3322,0.159,0.1942,0.3212,0.1573
33,23260,285,718,3.23e-05,0.2393,0.334,0.1791,0.2257,0.3329,0.1772
33,23280,305,718,3.23e-05,0.25,0.2898,0.1709,0.2304,0.273,0.1648
33,23300,325,718,3.23e-05,0.1951,0.3395,0.1761,0.1868,0.3308,0.1768
33,23320,345,718,3.23e-05,0.188,0.2831,0.1573,0.176,0.2737,0.1523
33,23340,365,718,3.23e-05,0.1961,0.3279,0.1632,0.1815,0.3055,0.159
33,23360,385,718,3.23e-05,0.2267,0.3337,0.1692,0.2201,0.3347,0.1669
33,23380,405,718,3.23e-05,0.2222,0.3678,0.1795,0.2151,0.3488,0.1747
33,23400,425,718,3.23e-05,0.224,0.3069,0.1731,0.2172,0.2994,0.1704
33,23420,445,718,3.23e-05,0.1992,0.3713,0.1787,0.194,0.3496,0.1766
33,23440,465,718,3.23e-05,0.197,0.317,0.1632,0.188,0.3016,0.1602
33,23460,485,718,3.23e-05,0.1987,0.3283,0.1703,0.1855,0.3155,0.1656
33,23480,505,718,3.23e-05,0.1924,0.3256,0.1771,0.1832,0.3215,0.1743
33,23500,525,718,3.23e-05,0.2015,0.3742,0.1754,0.1936,0.3563,0.1711
33,23520,545,718,3.23e-05,0.165,0.335,0.1603,0.1481,0.3323,0.1587
33,23540,565,718,3.23e-05,0.2339,0.372,0.1719,0.2156,0.3595,0.1676
33,23560,585,718,3.23e-05,0.1933,0.3175,0.1634,0.18,0.311,0.1607
33,23580,605,718,3.23e-05,0.2241,0.3321,0.1689,0.2161,0.3243,0.1678
33,23600,625,718,3.23e-05,0.1881,0.2977,0.1671,0.1788,0.2905,0.1642
33,23620,645,718,3.23e-05,0.2367,0.3629,0.1815,0.2233,0.3502,0.1771
33,23640,665,718,3.23e-05,0.2369,0.3461,0.1847,0.2264,0.329,0.18
33,23660,685,718,3.23e-05,0.2117,0.3867,0.1769,0.1968,0.3656,0.1726
33,23680,705,718,3.23e-05,0.2158,0.3062,0.1635,0.203,0.2952,0.1598
34,23700,7,718,2.96e-05,0.2219,0.3411,0.1678,0.2068,0.3269,0.164
34,23720,27,718,2.96e-05,0.2161,0.3074,0.1799,0.1958,0.2809,0.1704
34,23740,47,718,2.96e-05,0.2273,0.3174,0.1639,0.2113,0.3075,0.1592
34,23760,67,718,2.96e-05,0.2084,0.3494,0.168,0.1954,0.3312,0.1656
34,23780,87,718,2.96e-05,0.1842,0.3421,0.1693,0.1813,0.3411,0.1669
34,23800,107,718,2.96e-05,0.2078,0.3028,0.1633,0.201,0.2928,0.1582
34,23820,127,718,2.96e-05,0.1942,0.2908,0.1624,0.1831,0.2763,0.1596
34,23840,147,718,2.96e-05,0.2032,0.344,0.1707,0.1854,0.3223,0.1642
34,23860,167,718,2.96e-05,0.198,0.2951,0.1667,0.1897,0.2873,0.163
34,23880,187,718,2.96e-05,0.2189,0.3134,0.1714,0.2091,0.2974,0.1669
34,23900,207,718,2.96e-05,0.2356,0.4197,0.1815,0.2224,0.3963,0.1758
34,23920,227,718,2.96e-05,0.2617,0.344,0.1813,0.2369,0.3253,0.1787
34,23940,247,718,2.96e-05,0.2024,0.314,0.1689,0.1923,0.3026,0.166
34,23960,267,718,2.96e-05,0.2213,0.3496,0.1799,0.2034,0.3407,0.1777
34,23980,287,718,2.96e-05,0.1897,0.3086,0.1705,0.1656,0.2973,0.1644
34,24000,307,718,2.96e-05,0.2233,0.3057,0.1682,0.2111,0.3011,0.1675
34,24020,327,718,2.96e-05,0.2324,0.3222,0.1711,0.216,0.3099,0.1668
34,24040,347,718,2.96e-05,0.1848,0.3049,0.1642,0.1701,0.2942,0.1614
34,24060,367,718,2.96e-05,0.2203,0.2944,0.1631,0.2026,0.2837,0.1588
34,24080,387,718,2.96e-05,0.2229,0.2753,0.1637,0.2047,0.2647,0.1592
34,24100,407,718,2.96e-05,0.2155,0.3552,0.1685,0.1951,0.3414,0.1653
34,24120,427,718,2.96e-05,0.2138,0.2993,0.1601,0.2023,0.2907,0.1576
34,24140,447,718,2.96e-05,0.1965,0.3544,0.1713,0.1769,0.3369,0.1674
34,24160,467,718,2.96e-05,0.2133,0.3344,0.1763,0.209,0.3297,0.1737
34,24180,487,718,2.96e-05,0.2246,0.3706,0.1763,0.2071,0.3506,0.172
34,24200,507,718,2.96e-05,0.2246,0.3492,0.172,0.2071,0.3384,0.169
34,24220,527,718,2.96e-05,0.1919,0.2604,0.1562,0.1715,0.2464,0.1502
34,24240,547,718,2.96e-05,0.1685,0.289,0.1655,0.1537,0.2788,0.1613
34,24260,567,718,2.96e-05,0.1765,0.3149,0.1853,0.1616,0.3174,0.1842
34,24280,587,718,2.96e-05,0.2031,0.35,0.1717,0.1889,0.3285,0.1685
34,24300,607,718,2.96e-05,0.1945,0.3237,0.1586,0.1878,0.3089,0.1541
34,24320,627,718,2.96e-05,0.245,0.331,0.1788,0.2285,0.3136,0.1726
34,24340,647,718,2.96e-05,0.2065,0.2831,0.1645,0.1999,0.2653,0.159
34,24360,667,718,2.96e-05,0.1723,0.2582,0.1536,0.1561,0.2536,0.152
34,24380,687,718,2.96e-05,0.2383,0.3123,0.1702,0.2237,0.2966,0.1647
34,24400,707,718,2.96e-05,0.1753,0.3171,0.1654,0.154,0.3013,0.1607
35,24420,9,718,2.7e-05,0.2182,0.367,0.1731,0.2029,0.3577,0.1697
35,24440,29,718,2.7e-05,0.2473,0.3183,0.1699,0.2301,0.3056,0.1653
35,24460,49,718,2.7e-05,0.1658,0.3472,0.1715,0.1592,0.3282,0.1671
35,24480,69,718,2.7e-05,0.2226,0.3293,0.1792,0.2056,0.3187,0.1761
35,24500,89,718,2.7e-05,0.2021,0.2806,0.162,0.1912,0.2663,0.1576
35,24520,109,718,2.7e-05,0.2026,0.3266,0.1679,0.1924,0.3086,0.1629
35,24540,129,718,2.7e-05,0.2092,0.3611,0.1658,0.2002,0.3486,0.1605
35,24560,149,718,2.7e-05,0.2319,0.3548,0.1731,0.221,0.3336,0.1671
35,24580,169,718,2.7e-05,0.1933,0.3453,0.1725,0.1749,0.3215,0.1658
35,24600,189,718,2.7e-05,0.208,0.3476,0.1687,0.1941,0.3402,0.165
35,24620,209,718,2.7e-05,0.2205,0.3444,0.1787,0.1997,0.3295,0.1724
35,24640,229,718,2.7e-05,0.1933,0.3177,0.1639,0.1768,0.3111,0.1615
35,24660,249,718,2.7e-05,0.1961,0.375,0.1725,0.1923,0.3557,0.1666
35,24680,269,718,2.7e-05,0.1925,0.316,0.1648,0.1801,0.3018,0.1604
35,24700,289,718,2.7e-05,0.2023,0.3161,0.1751,0.1809,0.3116,0.172
35,24720,309,718,2.7e-05,0.1973,0.3415,0.176,0.1794,0.3316,0.1729
35,24740,329,718,2.7e-05,0.2126,0.3279,0.1699,0.2006,0.3115,0.1661
35,24760,349,718,2.7e-05,0.2261,0.3409,0.1721,0.21,0.3289,0.1654
35,24780,369,718,2.7e-05,0.2278,0.3106,0.1675,0.2113,0.2952,0.1615
35,24800,389,718,2.7e-05,0.2405,0.3472,0.1726,0.2219,0.3343,0.1678
35,24820,409,718,2.7e-05,0.2036,0.3604,0.1838,0.1895,0.3402,0.1779
35,24840,429,718,2.7e-05,0.2073,0.3254,0.1712,0.1959,0.312,0.1678
35,24860,449,718,2.7e-05,0.1871,0.3704,0.1868,0.1749,0.3482,0.1811
35,24880,469,718,2.7e-05,0.1856,0.3265,0.1687,0.1721,0.3146,0.1663
35,24900,489,718,2.7e-05,0.1884,0.3606,0.1741,0.1759,0.3435,0.1696
35,24920,509,718,2.7e-05,0.2251,0.3432,0.1757,0.2216,0.3265,0.1711
35,24940,529,718,2.7e-05,0.2253,0.2866,0.1617,0.2125,0.2765,0.1592
35,24960,549,718,2.7e-05,0.1719,0.3248,0.1716,0.1603,0.3028,0.1659
35,24980,569,718,2.7e-05,0.2276,0.3594,0.1866,0.2217,0.3516,0.1839
35,25000,589,718,2.7e-05,0.2098,0.3739,0.1858,0.1921,0.3591,0.1815
35,25020,609,718,2.7e-05,0.1861,0.3315,0.1716,0.1752,0.326,0.1691
35,25040,629,718,2.7e-05,0.2201,0.3377,0.1744,0.1997,0.3234,0.1702
35,25060,649,718,2.7e-05,0.2301,0.3817,0.181,0.225,0.3642,0.1768
35,25080,669,718,2.7e-05,0.194,0.3183,0.1625,0.1861,0.3026,0.1583
35,25100,689,718,2.7e-05,0.2028,0.3218,0.1747,0.191,0.3228,0.1742
35,25120,709,718,2.7e-05,0.1849,0.2973,0.1599,0.1736,0.2879,0.1571
36,25140,11,718,2.46e-05,0.2339,0.4059,0.1825,0.2224,0.3991,0.18
36,25160,31,718,2.46e-05,0.2104,0.3552,0.1769,0.1994,0.3434,0.173
36,25180,51,718,2.46e-05,0.2055,0.3642,0.176,0.1938,0.3501,0.1705
36,25200,71,718,2.46e-05,0.2099,0.3264,0.1798,0.1997,0.3114,0.1759
36,25220,91,718,2.46e-05,0.193,0.2855,0.1503,0.1755,0.2693,0.147
36,25240,111,718,2.46e-05,0.227,0.3434,0.1685,0.2205,0.3285,0.1641
36,25260,131,718,2.46e-05,0.1926,0.2978,0.1595,0.1811,0.2806,0.1552
36,25280,151,718,2.46e-05,0.233,0.3816,0.1809,0.2233,0.3645,0.1748
36,25300,171,718,2.46e-05,0.2177,0.3089,0.1744,0.2035,0.2994,0.1703
36,25320,191,718,2.46e-05,0.2233,0.3122,0.1728,0.2101,0.304,0.1706
36,25340,211,718,2.46e-05,0.2249,0.343,0.1659,0.2099,0.3333,0.1641
36,25360,231,718,2.46e-05,0.2086,0.3007,0.1728,0.1992,0.2857,0.1678
36,25380,251,718,2.46e-05,0.2029,0.3548,0.1841,0.1822,0.3412,0.1798
36,25400,271,718,2.46e-05,0.2341,0.3318,0.1697,0.2285,0.3106,0.166
36,25420,291,718,2.46e-05,0.2067,0.3655,0.1705,0.1964,0.349,0.1666
36,25440,311,718,2.46e-05,0.2011,0.3138,0.1621,0.1915,0.3089,0.1581
36,25460,331,718,2.46e-05,0.2276,0.3613,0.1779,0.2028,0.3563,0.1746
36,25480,351,718,2.46e-05,0.1852,0.3398,0.1679,0.17,0.3172,0.1626
36,25500,371,718,2.46e-05,0.2062,0.3069,0.1763,0.1956,0.2997,0.1746
36,25520,391,718,2.46e-05,0.221,0.3414,0.1841,0.2028,0.3241,0.1808
36,25540,411,718,2.46e-05,0.2032,0.3116,0.1648,0.1918,0.3029,0.1634
36,25560,431,718,2.46e-05,0.2095,0.3187,0.1672,0.2049,0.2995,0.1611
36,25580,451,718,2.46e-05,0.1656,0.2812,0.156,0.1478,0.2765,0.1538
36,25600,471,718,2.46e-05,0.2228,0.3581,0.1751,0.2082,0.337,0.1701
36,25620,491,718,2.46e-05,0.1772,0.2883,0.1604,0.1579,0.2685,0.1549
36,25640,511,718,2.46e-05,0.2192,0.3081,0.1633,0.2057,0.3067,0.1609
36,25660,531,718,2.46e-05,0.1873,0.2872,0.1629,0.1783,0.2784,0.1613
36,25680,551,718,2.46e-05,0.2271,0.322,0.1719,0.2136,0.3155,0.1679
36,25700,571,718,2.46e-05,0.2093,0.3209,0.1701,0.1935,0.3075,0.1672
36,25720,591,718,2.46e-05,0.2254,0.3314,0.1693,0.2041,0.3051,0.1643
36,25740,611,718,2.46e-05,0.224,0.2747,0.1626,0.2148,0.2562,0.1565
36,25760,631,718,2.46e-05,0.2139,0.3263,0.1745,0.1971,0.3165,0.173
36,25780,651,718,2.46e-05,0.2008,0.3162,0.1739,0.1827,0.3123,0.1734
36,25800,671,718,2.46e-05,0.2508,0.3149,0.1736,0.2394,0.299,0.1689
36,25820,691,718,2.46e-05,0.1889,0.3052,0.1701,0.1746,0.2936,0.167
36,25840,711,718,2.46e-05,0.2203,0.3296,0.1715,0.2033,0.3066,0.1647
37,25860,13,718,2.22e-05,0.2136,0.3243,0.1662,0.2001,0.3185,0.1639
37,25880,33,718,2.22e-05,0.1983,0.3385,0.1779,0.1854,0.3282,0.1757
37,25900,53,718,2.22e-05,0.2204,0.3208,0.1705,0.2105,0.3097,0.167
37,25920,73,718,2.22e-05,0.1912,0.3186,0.1692,0.1746,0.3021,0.1668
37,25940,93,718,2.22e-05,0.2102,0.4029,0.1848,0.2071,0.3832,0.1805
37,25960,113,718,2.22e-05,0.2449,0.3451,0.1742,0.2292,0.3278,0.1678
37,25980,133,718,2.22e-05,0.2044,0.2366,0.1644,0.1785,0.2238,0.1611
37,26000,153,718,2.22e-05,0.1735,0.3206,0.173,0.1634,0.3107,0.1712
37,26020,173,718,2.22e-05,0.187,0.2936,0.1651,0.1692,0.2807,0.1614
37,26040,193,718,2.22e-05,0.1795,0.273,0.1639,0.1677,0.2607,0.1598
37,26060,213,718,2.22e-05,0.2239,0.3262,0.1694,0.2047,0.3073,0.1631
37,26080,233,718,2.22e-05,0.178,0.3429,0.1666,0.164,0.323,0.1599
37,26100,253,718,2.22e-05,0.2032,0.3692,0.1711,0.1957,0.3534,0.1686
37,26120,273,718,2.22e-05,0.1951,0.2864,0.16,0.1797,0.2803,0.1576
37,26140,293,718,2.22e-05,0.1869,0.357,0.1715,0.1807,0.3421,0.1665
37,26160,313,718,2.22e-05,0.1895,0.332,0.1808,0.1777,0.3113,0.1755
37,26180,333,718,2.22e-05,0.2529,0.3293,0.1854,0.2373,0.3142,0.1783
37,26200,353,718,2.22e-05,0.2078,0.3978,0.1832,0.1992,0.3818,0.18
37,26220,373,718,2.22e-05,0.229,0.2588,0.1757,0.2131,0.2448,0.1726
37,26240,393,718,2.22e-05,0.2338,0.3364,0.1707,0.2194,0.3206,0.1672
37,26260,413,718,2.22e-05,0.1875,0.3494,0.1761,0.1691,0.3336,0.1706
37,26280,433,718,2.22e-05,0.197,0.3406,0.1609,0.1869,0.3275,0.1565
37,26300,453,718,2.22e-05,0.2291,0.3318,0.1774,0.2176,0.3235,0.174
37,26320,473,718,2.22e-05,0.2366,0.3046,0.1628,0.2269,0.2913,0.1579
37,26340,493,718,2.22e-05,0.2107,0.3509,0.1768,0.2027,0.3357,0.1746
37,26360,513,718,2.22e-05,0.1774,0.2589,0.1505,0.1683,0.2478,0.1468
37,26380,533,718,2.22e-05,0.1867,0.3214,0.1649,0.1836,0.3127,0.1614
37,26400,553,718,2.22e-05,0.2148,0.338,0.17,0.1969,0.3177,0.1647
37,26420,573,718,2.22e-05,0.2068,0.3995,0.178,0.1935,0.391,0.1744
37,26440,593,718,2.22e-05,0.2428,0.312,0.1679,0.2346,0.2995,0.163
37,26460,613,718,2.22e-05,0.1992,0.2949,0.1602,0.19,0.2869,0.1582
37,26480,633,718,2.22e-05,0.2274,0.3557,0.1832,0.2154,0.3513,0.1794
37,26500,653,718,2.22e-05,0.2309,0.3773,0.1746,0.2077,0.3491,0.1689
37,26520,673,718,2.22e-05,0.2313,0.386,0.1787,0.2204,0.3768,0.1767
37,26540,693,718,2.22e-05,0.1853,0.3493,0.173,0.1765,0.3415,0.1709
37,26560,713,718,2.22e-05,0.2112,0.3159,0.1753,0.1957,0.3033,0.1712
38,26580,15,718,2e-05,0.2133,0.3688,0.1787,0.2094,0.3496,0.172
38,26600,35,718,2e-05,0.1981,0.3649,0.1719,0.1898,0.3503,0.1666
38,26620,55,718,2e-05,0.1737,0.3362,0.1609,0.1555,0.3202,0.1579
38,26640,75,718,2e-05,0.2079,0.321,0.1693,0.1912,0.3115,0.1662
38,26660,95,718,2e-05,0.1681,0.3585,0.1778,0.1573,0.3417,0.173
38,26680,115,718,2e-05,0.1949,0.3641,0.1908,0.1779,0.3535,0.1829
38,26700,135,718,2e-05,0.1945,0.32,0.1736,0.189,0.3009,0.1692
38,26720,155,718,2e-05,0.2057,0.3099,0.169,0.1984,0.2951,0.1649
38,26740,175,718,2e-05,0.2062,0.3093,0.1727,0.1907,0.2985,0.1673
38,26760,195,718,2e-05,0.2018,0.3511,0.1737,0.1824,0.3426,0.1692
38,26780,215,718,2e-05,0.2274,0.3568,0.1746,0.2188,0.3379,0.1705
38,26800,235,718,2e-05,0.1945,0.361,0.1833,0.1754,0.3472,0.1783
38,26820,255,718,2e-05,0.1978,0.2969,0.1665,0.1827,0.2822,0.1614
38,26840,275,718,2e-05,0.1923,0.3135,0.1749,0.1819,0.2984,0.1699
38,26860,295,718,2e-05,0.1822,0.3137,0.1708,0.168,0.2968,0.1652
38,26880,315,718,2e-05,0.2122,0.2839,0.1622,0.1955,0.2689,0.1573
38,26900,335,718,2e-05,0.222,0.3335,0.1758,0.2032,0.3157,0.171
38,26920,355,718,2e-05,0.2378,0.3883,0.1803,0.2262,0.3773,0.1755
38,26940,375,718,2e-05,0.1924,0.3747,0.181,0.1771,0.3556,0.1766
38,26960,395,718,2e-05,0.1967,0.3035,0.1687,0.1775,0.2961,0.1666
38,26980,415,718,2e-05,0.2068,0.3225,0.1628,0.1987,0.2989,0.1564
38,27000,435,718,2e-05,0.1983,0.3637,0.1785,0.1832,0.3464,0.1731
38,27020,455,718,2e-05,0.2175,0.352,0.1713,0.1985,0.3373,0.1684
38,27040,475,718,2e-05,0.2476,0.356,0.1827,0.2321,0.3358,0.1794
38,27060,495,718,2e-05,0.2352,0.3506,0.1762,0.2244,0.3313,0.1719
38,27080,515,718,2e-05,0.1884,0.3393,0.1728,0.1843,0.3208,0.1681
38,27100,535,718,2e-05,0.2022,0.4251,0.1857,0.1957,0.4075,0.1823
38,27120,555,718,2e-05,0.2381,0.3572,0.1791,0.2299,0.3387,0.1716
38,27140,575,718,2e-05,0.2185,0.3221,0.1727,0.2014,0.306,0.1677
38,27160,595,718,2e-05,0.2029,0.3467,0.1714,0.1984,0.3341,0.1665
38,27180,615,718,2e-05,0.2157,0.3352,0.1715,0.2054,0.3202,0.1682
38,27200,635,718,2e-05,0.2158,0.3529,0.1806,0.203,0.3287,0.1755
38,27220,655,718,2e-05,0.185,0.3385,0.173,0.1718,0.328,0.1695
38,27240,675,718,2e-05,0.2241,0.3383,0.1728,0.2042,0.3322,0.1669
38,27260,695,718,2e-05,0.2195,0.2937,0.1599,0.2139,0.2839,0.155
38,27280,715,718,2e-05,0.2142,0.3035,0.1654,0.1944,0.2862,0.1595
39,27300,17,718,1.79e-05,0.1901,0.3188,0.1692,0.1756,0.2966,0.1632
39,27320,37,718,1.79e-05,0.2017,0.338,0.1609,0.1905,0.3344,0.1604
39,27340,57,718,1.79e-05,0.1915,0.3025,0.1672,0.1801,0.2886,0.1621
39,27360,77,718,1.79e-05,0.1964,0.3053,0.1682,0.1765,0.2892,0.163
39,27380,97,718,1.79e-05,0.1993,0.3398,0.1695,0.1895,0.3288,0.1661
39,27400,117,718,1.79e-05,0.2043,0.3158,0.1754,0.1907,0.3157,0.1737
39,27420,137,718,1.79e-05,0.1755,0.2962,0.1697,0.1612,0.286,0.1674
39,27440,157,718,1.79e-05,0.2087,0.3393,0.1724,0.1913,0.3234,0.1667
39,27460,177,718,1.79e-05,0.1987,0.3375,0.1802,0.1883,0.3338,0.1804
39,27480,197,718,1.79e-05,0.2092,0.3436,0.1741,0.1996,0.3309,0.17
39,27500,217,718,1.79e-05,0.2073,0.3283,0.1649,0.1908,0.3128,0.1599
39,27520,237,718,1.79e-05,0.1909,0.3609,0.1741,0.184,0.3534,0.1701
39,27540,257,718,1.79e-05,0.2059,0.3637,0.1759,0.1927,0.3543,0.1724
39,27560,277,718,1.79e-05,0.2155,0.277,0.1622,0.1981,0.2662,0.1582
39,27580,297,718,1.79e-05,0.1903,0.2849,0.1689,0.1828,0.2828,0.169
39,27600,317,718,1.79e-05,0.2338,0.3093,0.1758,0.2127,0.2998,0.1708
39,27620,337,718,1.79e-05,0.2232,0.3474,0.1641,0.2016,0.3344,0.1594
39,27640,357,718,1.79e-05,0.2349,0.3239,0.1662,0.2259,0.3018,0.1594
39,27660,377,718,1.79e-05,0.2022,0.3143,0.1746,0.1884,0.3005,0.1677
39,27680,397,718,1.79e-05,0.1947,0.3821,0.1726,0.1812,0.3673,0.1686
39,27700,417,718,1.79e-05,0.2015,0.2903,0.1632,0.1856,0.2746,0.1589
39,27720,437,718,1.79e-05,0.1996,0.2916,0.1716,0.1801,0.2816,0.1662
39,27740,457,718,1.79e-05,0.1653,0.2839,0.1658,0.1521,0.2654,0.1609
39,27760,477,718,1.79e-05,0.1891,0.3145,0.1648,0.1742,0.2974,0.1607
39,27780,497,718,1.79e-05,0.1731,0.2753,0.1598,0.1616,0.2653,0.1559
39,27800,517,718,1.79e-05,0.2162,0.3275,0.1672,0.2011,0.3173,0.1646
39,27820,537,718,1.79e-05,0.1907,0.3197,0.1673,0.1781,0.3104,0.1646
39,27840,557,718,1.79e-05,0.2307,0.3382,0.1703,0.2113,0.3292,0.1688
39,27860,577,718,1.79e-05,0.1777,0.341,0.1694,0.1661,0.3139,0.1644
39,27880,597,718,1.79e-05,0.1888,0.2833,0.1646,0.1693,0.2685,0.1619
39,27900,617,718,1.79e-05,0.2044,0.3491,0.1729,0.1863,0.3374,0.1706
39,27920,637,718,1.79e-05,0.1964,0.3547,0.1759,0.1795,0.3444,0.1722
39,27940,657,718,1.79e-05,0.2063,0.3246,0.1656,0.1989,0.3033,0.1617
39,27960,677,718,1.79e-05,0.1714,0.3042,0.1595,0.1579,0.2892,0.157
39,27980,697,718,1.79e-05,0.2127,0.3359,0.1734,0.207,0.3274,0.1688
39,28000,717,718,1.79e-05,0.1731,0.278,0.1611,0.1541,0.264,0.1563
40,28020,19,718,1.59e-05,0.1839,0.2831,0.1622,0.1642,0.2797,0.1605
40,28040,39,718,1.59e-05,0.183,0.3294,0.1707,0.1718,0.3148,0.1676
40,28060,59,718,1.59e-05,0.2129,0.3603,0.1764,0.203,0.3486,0.174
40,28080,79,718,1.59e-05,0.1891,0.3012,0.1691,0.1695,0.2803,0.1654
40,28100,99,718,1.59e-05,0.2181,0.3542,0.1848,0.2083,0.3346,0.1821
40,28120,119,718,1.59e-05,0.2228,0.3066,0.1674,0.2125,0.2918,0.1622
40,28140,139,718,1.59e-05,0.2055,0.2989,0.1619,0.1938,0.2895,0.1605
40,28160,159,718,1.59e-05,0.2344,0.3589,0.1804,0.217,0.3407,0.1761
40,28180,179,718,1.59e-05,0.173,0.3237,0.1669,0.1647,0.317,0.1627
40,28200,199,718,1.59e-05,0.182,0.3406,0.1778,0.1644,0.3283,0.1741
40,28220,219,718,1.59e-05,0.1875,0.3566,0.1838,0.1726,0.3467,0.1809
40,28240,239,718,1.59e-05,0.182,0.3,0.1653,0.1646,0.2858,0.1593
40,28260,259,718,1.59e-05,0.1925,0.3478,0.1809,0.1853,0.3297,0.1769
40,28280,279,718,1.59e-05,0.1771,0.318,0.1661,0.1695,0.2996,0.1617
40,28300,299,718,1.59e-05,0.238,0.3279,0.1627,0.2225,0.3058,0.1579
40,28320,319,718,1.59e-05,0.2339,0.3054,0.179,0.2171,0.287,0.1755
40,28340,339,718,1.59e-05,0.1854,0.2967,0.1609,0.1714,0.2767,0.1558
40,28360,359,718,1.59e-05,0.2319,0.3088,0.1679,0.2161,0.2996,0.1636
40,28380,379,718,1.59e-05,0.2111,0.3549,0.1625,0.1952,0.34,0.1573
40,28400,399,718,1.59e-05,0.2507,0.3576,0.1829,0.232,0.3418,0.1777
40,28420,419,718,1.59e-05,0.2141,0.3314,0.1764,0.2018,0.314,0.1724
40,28440,439,718,1.59e-05,0.2345,0.3288,0.1813,0.226,0.3133,0.1746
40,28460,459,718,1.59e-05,0.1983,0.3954,0.1796,0.1868,0.3909,0.1777
40,28480,479,718,1.59e-05,0.2062,0.3977,0.1807,0.1895,0.3845,0.1758
40,28500,499,718,1.59e-05,0.1928,0.3157,0.1668,0.1786,0.2995,0.1622
40,28520,519,718,1.59e-05,0.2191,0.3086,0.1717,0.198,0.2966,0.166
40,28540,539,718,1.59e-05,0.2105,0.3143,0.1719,0.1829,0.2974,0.1687
40,28560,559,718,1.59e-05,0.1862,0.3056,0.1666,0.1706,0.2966,0.1613
40,28580,579,718,1.59e-05,0.2289,0.2983,0.1613,0.2157,0.2864,0.1568
40,28600,599,718,1.59e-05,0.175,0.2913,0.156,0.1604,0.2793,0.1526
40,28620,619,718,1.59e-05,0.2595,0.2942,0.1497,0.2276,0.2807,0.1467
40,28640,639,718,1.59e-05,0.2302,0.3005,0.1669,0.2192,0.2828,0.1617
40,28660,659,718,1.59e-05,0.1935,0.3455,0.1749,0.1814,0.3197,0.1693
40,28680,679,718,1.59e-05,0.21,0.4266,0.1834,0.1961,0.4022,0.1757
40,28700,699,718,1.59e-05,0.2278,0.3516,0.1824,0.2083,0.3336,0.1782
41,28720,1,718,1.41e-05,0.2175,0.3417,0.1746,0.2041,0.3221,0.1704
41,28740,21,718,1.41e-05,0.2008,0.3301,0.1697,0.1882,0.3143,0.1643
41,28760,41,718,1.41e-05,0.2053,0.2903,0.1674,0.194,0.2726,0.1632
41,28780,61,718,1.41e-05,0.1902,0.3472,0.18,0.1768,0.3298,0.1748
41,28800,81,718,1.41e-05,0.2077,0.3526,0.1831,0.196,0.3292,0.178
41,28820,101,718,1.41e-05,0.186,0.3259,0.1682,0.1725,0.3168,0.1648
41,28840,121,718,1.41e-05,0.2444,0.3059,0.176,0.2311,0.3001,0.1709
41,28860,141,718,1.41e-05,0.2471,0.3573,0.1881,0.2328,0.3383,0.1816
41,28880,161,718,1.41e-05,0.2072,0.3444,0.1673,0.1922,0.3252,0.1616
41,28900,181,718,1.41e-05,0.2398,0.3674,0.1802,0.226,0.3495,0.1753
41,28920,201,718,1.41e-05,0.1929,0.3178,0.1737,0.1894,0.301,0.1703
41,28940,221,718,1.41e-05,0.2351,0.3543,0.1788,0.2217,0.3319,0.1708
41,28960,241,718,1.41e-05,0.2102,0.3743,0.1827,0.1976,0.3596,0.1806
41,28980,261,718,1.41e-05,0.2012,0.3423,0.174,0.1828,0.3261,0.1697
41,29000,281,718,1.41e-05,0.1864,0.3502,0.1721,0.177,0.3419,0.1694
41,29020,301,718,1.41e-05,0.193,0.3144,0.1757,0.1835,0.2973,0.1694
41,29040,321,718,1.41e-05,0.1916,0.301,0.1638,0.1758,0.2962,0.1613
41,29060,341,718,1.41e-05,0.21,0.3343,0.1724,0.1978,0.3241,0.1688
41,29080,361,718,1.41e-05,0.1964,0.3627,0.1758,0.1813,0.3492,0.1713
41,29100,381,718,1.41e-05,0.2047,0.3123,0.1712,0.1879,0.2951,0.165
41,29120,401,718,1.41e-05,0.1874,0.3718,0.1679,0.1787,0.354,0.1623
41,29140,421,718,1.41e-05,0.1972,0.2947,0.1563,0.1867,0.289,0.1542
41,29160,441,718,1.41e-05,0.213,0.3191,0.1689,0.1906,0.3039,0.1656
41,29180,461,718,1.41e-05,0.1842,0.3524,0.1718,0.1787,0.3404,0.1689
41,29200,481,718,1.41e-05,0.2297,0.3285,0.1794,0.2209,0.3179,0.1737
41,29220,501,718,1.41e-05,0.2155,0.3133,0.1655,0.2003,0.2986,0.1605
41,29240,521,718,1.41e-05,0.2116,0.3056,0.1603,0.1958,0.2825,0.1543
41,29260,541,718,1.41e-05,0.1965,0.2881,0.1657,0.1848,0.2712,0.1611
41,29280,561,718,1.41e-05,0.2364,0.3127,0.1732,0.2178,0.3001,0.1679
41,29300,581,718,1.41e-05,0.2578,0.3598,0.1712,0.2518,0.3412,0.1657
41,29320,601,718,1.41e-05,0.2005,0.3325,0.1669,0.1805,0.3204,0.1637
41,29340,621,718,1.41e-05,0.177,0.3029,0.1674,0.1646,0.2856,0.1604
41,29360,641,718,1.41e-05,0.2043,0.3452,0.1701,0.1916,0.3202,0.1647
41,29380,661,718,1.41e-05,0.19,0.2897,0.1664,0.1725,0.2824,0.1631
41,29400,681,718,1.41e-05,0.1905,0.3256,0.1669,0.175,0.3031,0.1616
41,29420,701,718,1.41e-05,0.2193,0.2972,0.165,0.2031,0.282,0.1615
42,29440,3,718,1.24e-05,0.2089,0.3302,0.1762,0.2003,0.3184,0.1712
42,29460,23,718,1.24e-05,0.1985,0.319,0.1655,0.1814,0.3077,0.1618
42,29480,43,718,1.24e-05,0.2082,0.3472,0.1731,0.193,0.335,0.1679
42,29500,63,718,1.24e-05,0.2086,0.3224,0.168,0.1911,0.309,0.164
42,29520,83,718,1.24e-05,0.2108,0.3201,0.1656,0.1954,0.3044,0.1626
42,29540,103,718,1.24e-05,0.1931,0.3037,0.1684,0.179,0.3002,0.1671
42,29560,123,718,1.24e-05,0.2262,0.3276,0.1775,0.2153,0.3146,0.1699
42,29580,143,718,1.24e-05,0.1965,0.3304,0.181,0.1891,0.3129,0.1763
42,29600,163,718,1.24e-05,0.2674,0.3211,0.1711,0.2411,0.3069,0.1653
42,29620,183,718,1.24e-05,0.2369,0.3349,0.1776,0.2194,0.3065,0.1717
42,29640,203,718,1.24e-05,0.2578,0.2884,0.1619,0.2542,0.2725,0.1568
42,29660,223,718,1.24e-05,0.1745,0.3405,0.1774,0.1616,0.3209,0.1705
42,29680,243,718,1.24e-05,0.1925,0.3025,0.1711,0.1755,0.2884,0.1685
42,29700,263,718,1.24e-05,0.2277,0.3661,0.1734,0.2231,0.3477,0.1706
42,29720,283,718,1.24e-05,0.2097,0.3346,0.1775,0.196,0.3216,0.1729
42,29740,303,718,1.24e-05,0.2168,0.3433,0.173,0.2052,0.3232,0.1656
42,29760,323,718,1.24e-05,0.228,0.3293,0.1674,0.2119,0.3062,0.161
42,29780,343,718,1.24e-05,0.1824,0.2853,0.1628,0.1732,0.2739,0.1588
42,29800,363,718,1.24e-05,0.2067,0.3484,0.1781,0.1961,0.3363,0.1737
42,29820,383,718,1.24e-05,0.1827,0.3253,0.1742,0.1644,0.3065,0.1696
42,29840,403,718,1.24e-05,0.2016,0.3509,0.1795,0.1821,0.3393,0.1751
42,29860,423,718,1.24e-05,0.1834,0.3501,0.1719,0.1667,0.3347,0.1657
42,29880,443,718,1.24e-05,0.1855,0.2908,0.1629,0.177,0.2822,0.1583
42,29900,463,718,1.24e-05,0.2216,0.3349,0.1785,0.2075,0.3238,0.1739
42,29920,483,718,1.24e-05,0.1811,0.3424,0.1726,0.1664,0.3175,0.1666
42,29940,503,718,1.24e-05,0.2148,0.345,0.1676,0.2037,0.3283,0.163
42,29960,523,718,1.24e-05,0.2193,0.3926,0.1802,0.2131,0.3781,0.1766
42,29980,543,718,1.24e-05,0.1687,0.2568,0.1496,0.1526,0.2447,0.1445
42,30000,563,718,1.24e-05,0.2185,0.3881,0.1924,0.2033,0.3713,0.1858
42,30020,583,718,1.24e-05,0.2175,0.2888,0.1747,0.2024,0.2835,0.1719
42,30040,603,718,1.24e-05,0.1948,0.3223,0.1666,0.1792,0.3096,0.161
42,30060,623,718,1.24e-05,0.1768,0.3079,0.1674,0.1619,0.2953,0.1628
42,30080,643,718,1.24e-05,0.2157,0.3625,0.1728,0.2018,0.3422,0.1664
42,30100,663,718,1.24e-05,0.2109,0.3704,0.1748,0.1992,0.3566,0.1696
42,30120,683,718,1.24e-05,0.2194,0.3524,0.1774,0.2054,0.3286,0.17
42,30140,703,718,1.24e-05,0.1979,0.358,0.1685,0.1854,0.3398,0.1642
43,30160,5,718,1.09e-05,0.1881,0.3814,0.1832,0.1786,0.3724,0.1822
43,30180,25,718,1.09e-05,0.1863,0.3147,0.1666,0.1735,0.3018,0.159
43,30200,45,718,1.09e-05,0.2051,0.359,0.1798,0.194,0.3426,0.1773
43,30220,65,718,1.09e-05,0.1982,0.3256,0.1713,0.189,0.305,0.1663
43,30240,85,718,1.09e-05,0.2226,0.3121,0.1627,0.2123,0.3078,0.1611
43,30260,105,718,1.09e-05,0.1856,0.2895,0.1573,0.1728,0.2802,0.1549
43,30280,125,718,1.09e-05,0.2056,0.3028,0.164,0.1985,0.2942,0.1621
43,30300,145,718,1.09e-05,0.2009,0.3407,0.1673,0.184,0.3315,0.1632
43,30320,165,718,1.09e-05,0.2548,0.3109,0.1889,0.225,0.2863,0.1808
43,30340,185,718,1.09e-05,0.179,0.3056,0.1627,0.1664,0.2889,0.1582
43,30360,205,718,1.09e-05,0.2191,0.3613,0.1799,0.2014,0.3541,0.1778
43,30380,225,718,1.09e-05,0.1966,0.3079,0.1713,0.1794,0.2924,0.1666
43,30400,245,718,1.09e-05,0.1958,0.3042,0.1587,0.1779,0.3025,0.1571
43,30420,265,718,1.09e-05,0.2008,0.3517,0.1725,0.1831,0.3319,0.1684
43,30440,285,718,1.09e-05,0.2003,0.3356,0.1694,0.1888,0.3154,0.164
43,30460,305,718,1.09e-05,0.1906,0.3683,0.1792,0.1791,0.349,0.174
43,30480,325,718,1.09e-05,0.1918,0.3308,0.1702,0.1773,0.3085,0.1633
43,30500,345,718,1.09e-05,0.2137,0.321,0.1777,0.2038,0.2953,0.1713
43,30520,365,718,1.09e-05,0.1908,0.3123,0.17,0.1786,0.2984,0.1671
43,30540,385,718,1.09e-05,0.1874,0.341,0.1728,0.1798,0.3281,0.1698
43,30560,405,718,1.09e-05,0.2286,0.3535,0.1782,0.2127,0.3317,0.1754
43,30580,425,718,1.09e-05,0.2416,0.4131,0.1918,0.2256,0.3995,0.185
43,30600,445,718,1.09e-05,0.1807,0.3009,0.1667,0.1591,0.2861,0.1617
43,30620,465,718,1.09e-05,0.1738,0.3123,0.1653,0.1642,0.2965,0.1607
43,30640,485,718,1.09e-05,0.2229,0.3614,0.1831,0.2077,0.3525,0.179
43,30660,505,718,1.09e-05,0.2109,0.3752,0.1794,0.2023,0.3626,0.1733
43,30680,525,718,1.09e-05,0.1595,0.2677,0.1595,0.1452,0.2514,0.1543
43,30700,545,718,1.09e-05,0.2007,0.2491,0.1575,0.1818,0.242,0.1543
43,30720,565,718,1.09e-05,0.1891,0.3666,0.1854,0.1821,0.3454,0.1809
43,30740,585,718,1.09e-05,0.2083,0.3458,0.1807,0.2006,0.3312,0.1778
43,30760,605,718,1.09e-05,0.1985,0.3402,0.1657,0.1855,0.3235,0.161
43,30780,625,718,1.09e-05,0.2152,0.2751,0.1652,0.198,0.2687,0.16
43,30800,645,718,1.09e-05,0.1924,0.3862,0.179,0.1808,0.3694,0.1728
43,30820,665,718,1.09e-05,0.1783,0.2893,0.1639,0.1639,0.2842,0.1593
43,30840,685,718,1.09e-05,0.2029,0.338,0.1686,0.1841,0.3084,0.1611
43,30860,705,718,1.09e-05,0.1752,0.3246,0.173,0.16,0.3101,0.1697
44,30880,7,718,9.52e-06,0.2348,0.329,0.1718,0.2264,0.3122,0.1654
44,30900,27,718,9.52e-06,0.1971,0.3139,0.1714,0.1932,0.3041,0.17
44,30920,47,718,9.52e-06,0.2288,0.2621,0.1557,0.2097,0.2519,0.151
44,30940,67,718,9.52e-06,0.2152,0.3281,0.1789,0.1965,0.3158,0.1746
44,30960,87,718,9.52e-06,0.2202,0.3351,0.18,0.2147,0.3147,0.1752
44,30980,107,718,9.52e-06,0.2047,0.3156,0.1583,0.1962,0.3051,0.1547
44,31000,127,718,9.52e-06,0.2148,0.3826,0.185,0.1993,0.37,0.1829
44,31020,147,718,9.52e-06,0.2202,0.3203,0.1811,0.206,0.3016,0.1766
44,31040,167,718,9.52e-06,0.2129,0.3316,0.1643,0.2013,0.3115,0.1602
44,31060,187,718,9.52e-06,0.1849,0.2809,0.1645,0.1701,0.2731,0.1598
44,31080,207,718,9.52e-06,0.1974,0.3572,0.1795,0.1852,0.3471,0.1762
44,31100,227,718,9.52e-06,0.2181,0.2961,0.1595,0.2094,0.2743,0.1536
44,31120,247,718,9.52e-06,0.1869,0.3179,0.1701,0.1726,0.2992,0.1663
44,31140,267,718,9.52e-06,0.2551,0.3621,0.1801,0.234,0.3451,0.1759
44,31160,287,718,9.52e-06,0.1839,0.3049,0.1671,0.1745,0.2901,0.1629
44,31180,307,718,9.52e-06,0.227,0.3799,0.182,0.2157,0.3658,0.1784
44,31200,327,718,9.52e-06,0.187,0.3212,0.1748,0.1698,0.3094,0.1705
44,31220,347,718,9.52e-06,0.1631,0.3296,0.1672,0.1476,0.3082,0.1616
44,31240,367,718,9.52e-06,0.2243,0.3576,0.1771,0.2214,0.3381,0.1711
44,31260,387,718,9.52e-06,0.2212,0.3393,0.1788,0.2072,0.3253,0.1735
44,31280,407,718,9.52e-06,0.2171,0.311,0.1575,0.1919,0.2988,0.1535
44,31300,427,718,9.52e-06,0.2085,0.3213,0.1682,0.1946,0.3088,0.165
44,31320,447,718,9.52e-06,0.2337,0.3499,0.1798,0.221,0.3332,0.1749
44,31340,467,718,9.52e-06,0.1685,0.3105,0.1674,0.1623,0.299,0.1636
44,31360,487,718,9.52e-06,0.2103,0.2865,0.1663,0.2029,0.2822,0.1624
44,31380,507,718,9.52e-06,0.1691,0.2781,0.1603,0.1557,0.2635,0.1577
44,31400,527,718,9.52e-06,0.2161,0.2936,0.1621,0.2029,0.2855,0.1573
44,31420,547,718,9.52e-06,0.2074,0.3433,0.1821,0.1928,0.328,0.1769
44,31440,567,718,9.52e-06,0.1866,0.3468,0.1729,0.174,0.3282,0.1671
44,31460,587,718,9.52e-06,0.2048,0.3036,0.1734,0.1959,0.2854,0.1692
44,31480,607,718,9.52e-06,0.2062,0.3538,0.1744,0.1925,0.3368,0.1736
44,31500,627,718,9.52e-06,0.1866,0.3301,0.1824,0.17,0.3143,0.1803
44,31520,647,718,9.52e-06,0.223,0.379,0.1697,0.2111,0.3752,0.1678
44,31540,667,718,9.52e-06,0.2063,0.318,0.1723,0.1945,0.3015,0.1647
44,31560,687,718,9.52e-06,0.2209,0.2971,0.1647,0.1918,0.2801,0.1622
44,31580,707,718,9.52e-06,0.2069,0.3494,0.1723,0.1978,0.3303,0.1667
45,31600,9,718,8.34e-06,0.2052,0.3732,0.17,0.1921,0.3627,0.1653
45,31620,29,718,8.34e-06,0.1859,0.3767,0.1746,0.1758,0.3576,0.1694
45,31640,49,718,8.34e-06,0.195,0.2992,0.1657,0.177,0.2832,0.1597
45,31660,69,718,8.34e-06,0.1773,0.3466,0.1795,0.1668,0.3296,0.1724
45,31680,89,718,8.34e-06,0.2046,0.3153,0.1661,0.1947,0.3032,0.1614
45,31700,109,718,8.34e-06,0.1886,0.2813,0.1559,0.1759,0.2701,0.1522
45,31720,129,718,8.34e-06,0.1636,0.2835,0.166,0.1491,0.2642,0.1591
45,31740,149,718,8.34e-06,0.1903,0.3254,0.1593,0.1802,0.3255,0.1582
45,31760,169,718,8.34e-06,0.1771,0.268,0.1532,0.1636,0.2617,0.1495
45,31780,189,718,8.34e-06,0.1851,0.3468,0.1768,0.1713,0.3267,0.1711
45,31800,209,718,8.34e-06,0.2211,0.3438,0.1776,0.2022,0.3316,0.1724
45,31820,229,718,8.34e-06,0.1847,0.3093,0.1608,0.1741,0.2928,0.1561
45,31840,249,718,8.34e-06,0.221,0.3053,0.1621,0.2116,0.2911,0.1572
45,31860,269,718,8.34e-06,0.2195,0.3475,0.1763,0.2054,0.3391,0.1742
45,31880,289,718,8.34e-06,0.225,0.2755,0.157,0.2071,0.2653,0.1532
45,31900,309,718,8.34e-06,0.1813,0.3534,0.1772,0.1702,0.3345,0.1738
45,31920,329,718,8.34e-06,0.208,0.3575,0.1702,0.1947,0.3456,0.1664
45,31940,349,718,8.34e-06,0.2128,0.3762,0.1781,0.1972,0.3649,0.1718
45,31960,369,718,8.34e-06,0.2075,0.2659,0.1494,0.1852,0.2522,0.1474
45,31980,389,718,8.34e-06,0.2254,0.3106,0.1741,0.2018,0.2988,0.169
45,32000,409,718,8.34e-06,0.1949,0.2788,0.1622,0.1783,0.2622,0.1569
45,32020,429,718,8.34e-06,0.1798,0.3276,0.1759,0.1736,0.316,0.1708
45,32040,449,718,8.34e-06,0.2657,0.3736,0.1821,0.2519,0.3533,0.1752
45,32060,469,718,8.34e-06,0.2011,0.3477,0.186,0.1791,0.3404,0.1785
45,32080,489,718,8.34e-06,0.1786,0.315,0.1591,0.1654,0.301,0.1542
45,32100,509,718,8.34e-06,0.2674,0.3484,0.173,0.253,0.3299,0.1659
45,32120,529,718,8.34e-06,0.1848,0.2761,0.154,0.1664,0.2636,0.1494
45,32140,549,718,8.34e-06,0.2013,0.2975,0.1732,0.1875,0.2903,0.1726
45,32160,569,718,8.34e-06,0.1963,0.3468,0.1705,0.1882,0.3318,0.1661
45,32180,589,718,8.34e-06,0.2092,0.3098,0.1618,0.1836,0.2957,0.1579
45,32200,609,718,8.34e-06,0.2389,0.3063,0.1653,0.2233,0.2907,0.16
45,32220,629,718,8.34e-06,0.1883,0.364,0.1759,0.1785,0.3512,0.1766
45,32240,649,718,8.34e-06,0.2026,0.3071,0.1646,0.1878,0.2852,0.1567
45,32260,669,718,8.34e-06,0.1927,0.3123,0.17,0.1858,0.2956,0.1655
45,32280,689,718,8.34e-06,0.2521,0.3418,0.1684,0.2438,0.3235,0.1621
45,32300,709,718,8.34e-06,0.199,0.3811,0.179,0.1895,0.365,0.1744
46,32320,11,718,7.32e-06,0.1636,0.352,0.1707,0.1503,0.3334,0.1665
46,32340,31,718,7.32e-06,0.2218,0.3037,0.1665,0.2105,0.2764,0.16
46,32360,51,718,7.32e-06,0.1937,0.3126,0.1778,0.1786,0.2796,0.1704
46,32380,71,718,7.32e-06,0.1794,0.3047,0.1622,0.1676,0.2909,0.1583
46,32400,91,718,7.32e-06,0.2138,0.3879,0.183,0.1952,0.3771,0.1792
46,32420,111,718,7.32e-06,0.224,0.3336,0.1712,0.2085,0.3212,0.1671
46,32440,131,718,7.32e-06,0.2261,0.3209,0.1769,0.2157,0.3093,0.1722
46,32460,151,718,7.32e-06,0.1939,0.349,0.17,0.1792,0.3317,0.1651
46,32480,171,718,7.32e-06,0.1654,0.2758,0.1612,0.1483,0.262,0.1569
46,32500,191,718,7.32e-06,0.2276,0.3227,0.1782,0.2111,0.3017,0.1718
46,32520,211,718,7.32e-06,0.2374,0.3511,0.1772,0.208,0.3222,0.1698
46,32540,231,718,7.32e-06,0.2158,0.3405,0.1708,0.2026,0.3212,0.1638
46,32560,251,718,7.32e-06,0.1822,0.3509,0.1784,0.172,0.3394,0.1735
46,32580,271,718,7.32e-06,0.2011,0.3133,0.1792,0.1839,0.2977,0.1736
46,32600,291,718,7.32e-06,0.2196,0.3767,0.1913,0.2084,0.3594,0.1875
46,32620,311,718,7.32e-06,0.2363,0.3304,0.169,0.2212,0.3129,0.1659
46,32640,331,718,7.32e-06,0.2121,0.2989,0.1604,0.1886,0.2922,0.1562
46,32660,351,718,7.32e-06,0.2001,0.3113,0.1642,0.1929,0.2951,0.1584
46,32680,371,718,7.32e-06,0.2069,0.3406,0.1666,0.195,0.325,0.1627
46,32700,391,718,7.32e-06,0.1914,0.3612,0.1763,0.175,0.3425,0.1712
46,32720,411,718,7.32e-06,0.2154,0.3686,0.1786,0.1981,0.3429,0.1731
46,32740,431,718,7.32e-06,0.177,0.3085,0.171,0.16,0.2951,0.1668
46,32760,451,718,7.32e-06,0.2013,0.3374,0.1671,0.1863,0.3314,0.1639
46,32780,471,718,7.32e-06,0.2753,0.3634,0.1781,0.2659,0.3443,0.1732
46,32800,491,718,7.32e-06,0.2036,0.2925,0.1547,0.1851,0.2784,0.1502
46,32820,511,718,7.32e-06,0.1955,0.3177,0.1717,0.1808,0.3087,0.1677
46,32840,531,718,7.32e-06,0.1874,0.3052,0.1623,0.1671,0.2964,0.158
46,32860,551,718,7.32e-06,0.2125,0.3133,0.1655,0.2015,0.2972,0.1609
46,32880,571,718,7.32e-06,0.1978,0.3375,0.174,0.1703,0.316,0.1698
46,32900,591,718,7.32e-06,0.1847,0.3049,0.1702,0.1611,0.2809,0.164
46,32920,611,718,7.32e-06,0.1946,0.3132,0.1694,0.1688,0.3028,0.166
46,32940,631,718,7.32e-06,0.2256,0.3431,0.1804,0.2121,0.3213,0.1752
46,32960,651,718,7.32e-06,0.1851,0.2637,0.1625,0.1653,0.2442,0.1566
46,32980,671,718,7.32e-06,0.2,0.3346,0.1737,0.1842,0.3206,0.1672
46,33000,691,718,7.32e-06,0.2004,0.3153,0.1721,0.1932,0.307,0.1679
46,33020,711,718,7.32e-06,0.2023,0.3106,0.1581,0.189,0.2958,0.1536
47,33040,13,718,6.49e-06,0.2098,0.3045,0.1645,0.199,0.2833,0.1578
47,33060,33,718,6.49e-06,0.2365,0.3128,0.1762,0.2275,0.2949,0.1725
47,33080,53,718,6.49e-06,0.215,0.3589,0.1826,0.2046,0.343,0.1788
47,33100,73,718,6.49e-06,0.185,0.2958,0.1637,0.1694,0.2837,0.159
47,33120,93,718,6.49e-06,0.1991,0.3179,0.1692,0.1807,0.2985,0.1604
47,33140,113,718,6.49e-06,0.2056,0.3528,0.1782,0.1915,0.3347,0.1732
47,33160,133,718,6.49e-06,0.1946,0.2965,0.1635,0.1762,0.2793,0.1599
47,33180,153,718,6.49e-06,0.2171,0.3323,0.1841,0.1997,0.306,0.1795
47,33200,173,718,6.49e-06,0.1972,0.3145,0.1645,0.1872,0.2919,0.1594
47,33220,193,718,6.49e-06,0.2031,0.3522,0.1702,0.1927,0.3367,0.1656
47,33240,213,718,6.49e-06,0.2285,0.3399,0.1747,0.2114,0.3305,0.1695
47,33260,233,718,6.49e-06,0.2268,0.3302,0.1651,0.2129,0.3194,0.1624
47,33280,253,718,6.49e-06,0.203,0.3797,0.1787,0.1876,0.3635,0.1717
47,33300,273,718,6.49e-06,0.2099,0.2613,0.1546,0.1913,0.2483,0.1517
47,33320,293,718,6.49e-06,0.177,0.3221,0.1666,0.1634,0.3048,0.1618
47,33340,313,718,6.49e-06,0.2186,0.3245,0.1732,0.211,0.3058,0.1682
47,33360,333,718,6.49e-06,0.1964,0.2771,0.1572,0.1707,0.2592,0.1539
47,33380,353,718,6.49e-06,0.1855,0.2941,0.1621,0.1799,0.2776,0.1563
47,33400,373,718,6.49e-06,0.2063,0.3267,0.1671,0.2023,0.3055,0.1616
47,33420,393,718,6.49e-06,0.2218,0.3615,0.1714,0.2052,0.3369,0.1651
47,33440,413,718,6.49e-06,0.1984,0.333,0.1716,0.1793,0.3163,0.1679
47,33460,433,718,6.49e-06,0.2125,0.3085,0.1714,0.1993,0.2947,0.1673
47,33480,453,718,6.49e-06,0.1999,0.3224,0.1809,0.1782,0.3107,0.1758
47,33500,473,718,6.49e-06,0.1894,0.3352,0.1701,0.1773,0.3123,0.1638
47,33520,493,718,6.49e-06,0.1895,0.3277,0.1731,0.1725,0.3186,0.1679
47,33540,513,718,6.49e-06,0.1942,0.3558,0.1685,0.1852,0.3392,0.1648
47,33560,533,718,6.49e-06,0.1776,0.3164,0.1666,0.1629,0.2981,0.1618
47,33580,553,718,6.49e-06,0.1736,0.315,0.1726,0.1591,0.2968,0.1671
47,33600,573,718,6.49e-06,0.2283,0.3431,0.1739,0.2155,0.3214,0.169
47,33620,593,718,6.49e-06,0.2174,0.3857,0.1768,0.2028,0.3724,0.1718
47,33640,613,718,6.49e-06,0.1638,0.3123,0.1621,0.1575,0.3031,0.1596
47,33660,633,718,6.49e-06,0.2375,0.3372,0.1951,0.2322,0.3298,0.1922
47,33680,653,718,6.49e-06,0.1933,0.3261,0.1632,0.183,0.3133,0.1566
47,33700,673,718,6.49e-06,0.1944,0.3527,0.1785,0.1852,0.3433,0.1745
47,33720,693,718,6.49e-06,0.1602,0.2842,0.1594,0.1428,0.2758,0.1567
47,33740,713,718,6.49e-06,0.1869,0.2997,0.168,0.1702,0.2857,0.1665
48,33760,15,718,5.84e-06,0.1843,0.329,0.1675,0.1671,0.2983,0.1617
48,33780,35,718,5.84e-06,0.1985,0.3563,0.1656,0.1884,0.3379,0.1606
48,33800,55,718,5.84e-06,0.2398,0.3257,0.1687,0.2233,0.3156,0.1651
48,33820,75,718,5.84e-06,0.1744,0.3281,0.1641,0.1608,0.312,0.1608
48,33840,95,718,5.84e-06,0.2169,0.3058,0.1612,0.191,0.2879,0.1577
48,33860,115,718,5.84e-06,0.2238,0.318,0.1654,0.2068,0.3121,0.1626
48,33880,135,718,5.84e-06,0.1985,0.3924,0.183,0.1871,0.3669,0.1773
48,33900,155,718,5.84e-06,0.2163,0.3321,0.1695,0.1934,0.3128,0.1648
48,33920,175,718,5.84e-06,0.2063,0.2774,0.1579,0.1897,0.2614,0.153
48,33940,195,718,5.84e-06,0.1708,0.2617,0.1514,0.1547,0.2581,0.1487
48,33960,215,718,5.84e-06,0.2085,0.3139,0.168,0.1891,0.2973,0.1624
48,33980,235,718,5.84e-06,0.2366,0.2923,0.1638,0.2246,0.2824,0.1617
48,34000,255,718,5.84e-06,0.2038,0.3285,0.1621,0.1918,0.311,0.1565
48,34020,275,718,5.84e-06,0.1811,0.3454,0.1733,0.1675,0.3236,0.1685
48,34040,295,718,5.84e-06,0.1717,0.3061,0.1776,0.1599,0.2896,0.1761
48,34060,315,718,5.84e-06,0.185,0.377,0.1859,0.1674,0.3653,0.182
48,34080,335,718,5.84e-06,0.2242,0.3632,0.1759,0.2158,0.3432,0.1719
48,34100,355,718,5.84e-06,0.229,0.2976,0.1726,0.2049,0.2807,0.1666
48,34120,375,718,5.84e-06,0.2108,0.3786,0.181,0.1954,0.3557,0.1752
48,34140,395,718,5.84e-06,0.2199,0.3468,0.1884,0.2027,0.3279,0.1846
48,34160,415,718,5.84e-06,0.2019,0.311,0.1615,0.186,0.2992,0.157
48,34180,435,718,5.84e-06,0.2079,0.3214,0.1671,0.1897,0.3122,0.1632
48,34200,455,718,5.84e-06,0.2147,0.3223,0.166,0.1995,0.3086,0.1618
48,34220,475,718,5.84e-06,0.2044,0.3214,0.1679,0.1881,0.2923,0.1596
48,34240,495,718,5.84e-06,0.1765,0.3067,0.1705,0.1705,0.2907,0.1632
48,34260,515,718,5.84e-06,0.1621,0.2583,0.1556,0.1495,0.2475,0.152
48,34280,535,718,5.84e-06,0.1966,0.273,0.164,0.1832,0.272,0.162
48,34300,555,718,5.84e-06,0.203,0.3123,0.1617,0.1872,0.2952,0.1551
48,34320,575,718,5.84e-06,0.2012,0.3307,0.1712,0.1916,0.3081,0.1645
48,34340,595,718,5.84e-06,0.193,0.3132,0.1722,0.1838,0.2979,0.1666
48,34360,615,718,5.84e-06,0.1837,0.3293,0.1775,0.1701,0.3162,0.1731
48,34380,635,718,5.84e-06,0.1993,0.3102,0.1732,0.1759,0.2959,0.168
48,34400,655,718,5.84e-06,0.2133,0.2946,0.1705,0.1965,0.2752,0.1648
48,34420,675,718,5.84e-06,0.1683,0.3004,0.167,0.1524,0.2829,0.1611
48,34440,695,718,5.84e-06,0.1857,0.3816,0.1764,0.1737,0.3703,0.1738
48,34460,715,718,5.84e-06,0.2334,0.3665,0.1758,0.2097,0.3446,0.1701
49,34480,17,718,5.37e-06,0.1905,0.3367,0.1757,0.1718,0.307,0.1674
49,34500,37,718,5.37e-06,0.1903,0.3395,0.177,0.1728,0.3221,0.173
49,34520,57,718,5.37e-06,0.1854,0.3413,0.1636,0.1748,0.3136,0.1573
49,34540,77,718,5.37e-06,0.1849,0.3088,0.1549,0.1689,0.2957,0.1513
49,34560,97,718,5.37e-06,0.2397,0.4008,0.187,0.2128,0.3795,0.1799
49,34580,117,718,5.37e-06,0.234,0.3362,0.1741,0.217,0.3228,0.1699
49,34600,137,718,5.37e-06,0.215,0.3542,0.1763,0.2021,0.3265,0.1746
49,34620,157,718,5.37e-06,0.2112,0.3174,0.1723,0.1912,0.3029,0.169
49,34640,177,718,5.37e-06,0.1894,0.2977,0.1704,0.1779,0.2839,0.1673
49,34660,197,718,5.37e-06,0.2111,0.3761,0.1812,0.1998,0.3492,0.1758
49,34680,217,718,5.37e-06,0.2062,0.3246,0.1701,0.1912,0.3073,0.1666
49,34700,237,718,5.37e-06,0.2008,0.3248,0.1825,0.1837,0.312,0.1813
49,34720,257,718,5.37e-06,0.2629,0.3609,0.1782,0.2414,0.3415,0.172
49,34740,277,718,5.37e-06,0.2134,0.2909,0.1634,0.1975,0.2733,0.158
49,34760,297,718,5.37e-06,0.2272,0.3478,0.1706,0.2202,0.3268,0.1659
49,34780,317,718,5.37e-06,0.196,0.3102,0.1661,0.182,0.2964,0.1607
49,34800,337,718,5.37e-06,0.1571,0.3115,0.1663,0.1449,0.2904,0.1615
49,34820,357,718,5.37e-06,0.2017,0.3262,0.1706,0.1832,0.3054,0.1653
49,34840,377,718,5.37e-06,0.2107,0.2935,0.1607,0.1927,0.2779,0.1555
49,34860,397,718,5.37e-06,0.2225,0.3241,0.1653,0.2258,0.3054,0.1593
49,34880,417,718,5.37e-06,0.1914,0.3068,0.1646,0.1786,0.2914,0.1598
49,34900,437,718,5.37e-06,0.1704,0.3281,0.1609,0.1614,0.3068,0.1552
49,34920,457,718,5.37e-06,0.1969,0.3142,0.1714,0.1809,0.2932,0.1668
49,34940,477,718,5.37e-06,0.19,0.2991,0.1624,0.1737,0.2862,0.1595
49,34960,497,718,5.37e-06,0.2176,0.3315,0.1818,0.2047,0.3232,0.1806
49,34980,517,718,5.37e-06,0.2269,0.3227,0.177,0.2127,0.3102,0.172
49,35000,537,718,5.37e-06,0.1894,0.2941,0.1603,0.1696,0.2791,0.1546
49,35020,557,718,5.37e-06,0.2053,0.3224,0.168,0.186,0.3103,0.1633
49,35040,577,718,5.37e-06,0.2305,0.3125,0.1788,0.2041,0.2935,0.1744
49,35060,597,718,5.37e-06,0.1859,0.3046,0.1525,0.1723,0.2879,0.1485
49,35080,617,718,5.37e-06,0.1953,0.2941,0.1602,0.1708,0.2731,0.1516
49,35100,637,718,5.37e-06,0.2148,0.3117,0.1704,0.2023,0.2918,0.1645
49,35120,657,718,5.37e-06,0.2525,0.3302,0.1687,0.2404,0.3138,0.1632
49,35140,677,718,5.37e-06,0.2068,0.2789,0.1676,0.1831,0.265,0.1614
49,35160,697,718,5.37e-06,0.2221,0.3134,0.1707,0.2053,0.2931,0.1659
49,35180,717,718,5.37e-06,0.2064,0.3454,0.1766,0.188,0.332,0.1749
50,35200,19,718,5.09e-06,0.1769,0.2954,0.1685,0.1665,0.2821,0.1635
50,35220,39,718,5.09e-06,0.2247,0.3162,0.1652,0.213,0.2888,0.1577
50,35240,59,718,5.09e-06,0.1931,0.3371,0.1665,0.1759,0.3198,0.161
50,35260,79,718,5.09e-06,0.1819,0.2908,0.1609,0.1717,0.2788,0.1558
50,35280,99,718,5.09e-06,0.192,0.3433,0.18,0.1772,0.3295,0.1738
50,35300,119,718,5.09e-06,0.2164,0.3603,0.1785,0.2016,0.3459,0.1759
50,35320,139,718,5.09e-06,0.2011,0.2997,0.1772,0.1883,0.2793,0.1704
50,35340,159,718,5.09e-06,0.1867,0.3033,0.1646,0.1645,0.2901,0.161
50,35360,179,718,5.09e-06,0.1863,0.3368,0.1738,0.173,0.3181,0.169
50,35380,199,718,5.09e-06,0.1965,0.3283,0.1685,0.1816,0.3066,0.1614
50,35400,219,718,5.09e-06,0.2009,0.2964,0.1651,0.1802,0.2864,0.1607
50,35420,239,718,5.09e-06,0.1778,0.3153,0.1718,0.1707,0.3027,0.1673
50,35440,259,718,5.09e-06,0.1669,0.2403,0.1515,0.1504,0.2312,0.1491
50,35460,279,718,5.09e-06,0.1843,0.3392,0.1742,0.1779,0.3262,0.1716
50,35480,299,718,5.09e-06,0.2229,0.3229,0.1905,0.2015,0.3149,0.1871
50,35500,319,718,5.09e-06,0.1915,0.2669,0.1618,0.1691,0.2514,0.1588
50,35520,339,718,5.09e-06,0.2404,0.3735,0.1875,0.2259,0.3539,0.1809
50,35540,359,718,5.09e-06,0.2293,0.4021,0.1798,0.2179,0.3843,0.174
50,35560,379,718,5.09e-06,0.1848,0.2718,0.1587,0.1733,0.2633,0.1557
50,35580,399,718,5.09e-06,0.1583,0.3022,0.1658,0.144,0.2927,0.1605
50,35600,419,718,5.09e-06,0.222,0.3398,0.1772,0.2077,0.3226,0.1717
50,35620,439,718,5.09e-06,0.2165,0.319,0.1654,0.2049,0.3074,0.1604
50,35640,459,718,5.09e-06,0.2153,0.3542,0.1895,0.203,0.3288,0.1824
50,35660,479,718,5.09e-06,0.1888,0.313,0.1623,0.1672,0.295,0.1551
50,35680,499,718,5.09e-06,0.2171,0.3066,0.1642,0.2055,0.2816,0.1564
50,35700,519,718,5.09e-06,0.1891,0.3433,0.1642,0.1758,0.3336,0.1612
50,35720,539,718,5.09e-06,0.1792,0.3005,0.1561,0.1672,0.2934,0.154
50,35740,559,718,5.09e-06,0.1963,0.3036,0.1664,0.1781,0.2793,0.159
50,35760,579,718,5.09e-06,0.2296,0.3449,0.1804,0.2054,0.3322,0.1737
50,35780,599,718,5.09e-06,0.238,0.3086,0.1694,0.2131,0.2943,0.1668
50,35800,619,718,5.09e-06,0.2182,0.3583,0.1827,0.1987,0.3406,0.1756
50,35820,639,718,5.09e-06,0.2064,0.2845,0.1534,0.1936,0.2739,0.1499
50,35840,659,718,5.09e-06,0.1682,0.3389,0.1649,0.1492,0.327,0.1621
50,35860,679,718,5.09e-06,0.2044,0.3133,0.1743,0.1957,0.2948,0.169
50,35880,699,718,5.09e-06,0.2064,0.3137,0.1686,0.1972,0.3094,0.1692
