epoch,global_iter,iter_in_epoch,iters_per_epoch,lr,loss_qfl,loss_bbox,loss_dfl,aux_loss_qfl,aux_loss_bbox,aux_loss_dfl
1,0,1,2875,2.62e-09,0.5035,1.4031,0.5187,0.5086,1.3181,0.5358
1,20,21,2875,1.17e-06,0.5953,1.2266,0.5209,0.5451,1.1126,0.5494
1,40,41,2875,2.34e-06,0.6091,1.2015,0.5181,0.4994,1.1279,0.5474
1,60,61,2875,3.5e-06,0.4342,1.6093,0.5187,0.2808,1.2578,0.4777
1,80,81,2875,4.67e-06,0.6114,1.3303,0.519,0.342,1.1147,0.4886
1,100,101,2875,5.84e-06,0.6404,1.2296,0.5206,0.4239,1.1574,0.4881
1,120,121,2875,7e-06,0.712,1.2621,0.5169,0.4257,1.0542,0.457
1,140,141,2875,8.17e-06,0.7139,1.2578,0.5158,0.3498,1.0002,0.4662
1,160,161,2875,9.34e-06,0.6387,1.2063,0.5177,0.2828,0.9889,0.4623
1,180,181,2875,1.05e-05,0.7478,1.1802,0.5172,0.3614,1.021,0.4791
1,200,201,2875,1.17e-05,0.7692,1.177,0.5115,0.3627,0.963,0.449
1,220,221,2875,1.28e-05,0.6774,1.3906,0.5061,0.2549,0.9835,0.4126
1,240,241,2875,1.4e-05,0.6952,1.3324,0.5077,0.3577,1.014,0.377
1,260,261,2875,1.52e-05,0.8242,1.1337,0.5056,0.3615,0.913,0.4221
1,280,281,2875,1.63e-05,0.8231,1.4774,0.4962,0.2151,0.8582,0.3185
1,300,301,2875,1.75e-05,0.852,1.1403,0.503,0.3093,0.873,0.4165
1,320,321,2875,1.87e-05,0.9109,1.158,0.4968,0.3448,0.8118,0.39
1,340,341,2875,1.98e-05,0.821,1.1809,0.5035,0.3532,0.8142,0.4012
1,360,361,2875,2.1e-05,0.886,1.1483,0.4763,0.2921,0.741,0.3458
1,380,381,2875,2.22e-05,0.8161,1.0142,0.4522,0.2488,0.6841,0.3318
1,400,401,2875,2.33e-05,0.6788,1.2224,0.4631,0.3548,0.8546,0.3395
1,420,421,2875,2.45e-05,0.6286,0.9854,0.4283,0.2976,0.7486,0.3262
1,440,441,2875,2.57e-05,0.6096,1.0304,0.4449,0.275,0.6801,0.3173
1,460,461,2875,2.63e-05,0.5314,0.8675,0.4285,0.3161,0.5943,0.2812
1,480,481,2875,2.63e-05,0.6947,0.9962,0.3914,0.3515,0.7472,0.3283
1,500,501,2875,2.63e-05,0.6629,0.9104,0.3698,0.3357,0.608,0.2827
1,520,521,2875,2.63e-05,0.6406,0.9668,0.3506,0.371,0.6289,0.3062
1,540,541,2875,2.63e-05,0.4639,0.8192,0.4144,0.3247,0.6198,0.3234
1,560,561,2875,2.63e-05,0.6354,0.864,0.4193,0.3572,0.5936,0.3146
1,580,581,2875,2.63e-05,0.6799,0.8754,0.4384,0.4082,0.5693,0.3251
1,600,601,2875,2.63e-05,0.6817,0.8215,0.4144,0.4031,0.5246,0.3027
1,620,621,2875,2.63e-05,0.4997,0.7294,0.3748,0.3384,0.5006,0.2466
1,640,641,2875,2.63e-05,0.5104,0.8044,0.4329,0.3089,0.5465,0.3007
1,660,661,2875,2.63e-05,0.4934,0.7629,0.3965,0.3427,0.5282,0.2712
1,680,681,2875,2.63e-05,0.3842,0.7217,0.384,0.2929,0.594,0.2772
1,700,701,2875,2.63e-05,0.4317,0.6853,0.3865,0.3031,0.4916,0.2724
1,720,721,2875,2.63e-05,0.4287,0.835,0.3832,0.3422,0.5912,0.2768
1,740,741,2875,2.63e-05,0.4142,0.6865,0.4044,0.3006,0.5269,0.2708
1,760,761,2875,2.63e-05,0.3928,0.7637,0.3692,0.3539,0.5222,0.243
1,780,781,2875,2.63e-05,0.3586,0.7567,0.3987,0.2676,0.5138,0.2518
1,800,801,2875,2.63e-05,0.3831,0.7787,0.3557,0.3046,0.5927,0.2456
1,820,821,2875,2.63e-05,0.3769,0.7365,0.3661,0.2808,0.6047,0.2745
1,840,841,2875,2.63e-05,0.3613,0.6745,0.3567,0.2881,0.5555,0.2493
1,860,861,2875,2.63e-05,0.6929,0.7928,0.3984,0.5335,0.4585,0.254
1,880,881,2875,2.63e-05,0.4822,0.8651,0.4095,0.3655,0.5053,0.2741
1,900,901,2875,2.63e-05,0.3794,0.6543,0.3755,0.3072,0.447,0.2305
1,920,921,2875,2.63e-05,0.3252,0.7488,0.3571,0.2866,0.5539,0.2435
1,940,941,2875,2.63e-05,0.3403,0.6867,0.3614,0.3527,0.5389,0.2431
1,960,961,2875,2.63e-05,0.5481,0.6637,0.4206,0.4535,0.4857,0.2905
1,980,981,2875,2.63e-05,0.4507,0.7115,0.3365,0.3459,0.5137,0.2379
1,1000,1001,2875,2.63e-05,0.456,0.8725,0.39,0.3449,0.6613,0.2813
1,1020,1021,2875,2.63e-05,0.4096,0.6239,0.3739,0.3436,0.4294,0.2357
1,1040,1041,2875,2.63e-05,0.4703,0.5787,0.3412,0.3273,0.4802,0.2284
1,1060,1061,2875,2.63e-05,0.5022,0.5926,0.35,0.4147,0.4932,0.2368
1,1080,1081,2875,2.63e-05,0.3406,0.6276,0.3763,0.2897,0.4869,0.2625
1,1100,1101,2875,2.63e-05,0.345,0.6201,0.3443,0.3362,0.4964,0.2297
1,1120,1121,2875,2.63e-05,0.4849,0.7035,0.3557,0.3533,0.5218,0.2543
1,1140,1141,2875,2.63e-05,0.2612,0.5193,0.347,0.2521,0.3647,0.2113
1,1160,1161,2875,2.63e-05,0.2775,0.7383,0.3264,0.2684,0.5418,0.2204
1,1180,1181,2875,2.63e-05,0.3594,0.5748,0.3696,0.3451,0.3957,0.2326
1,1200,1201,2875,2.63e-05,0.4907,0.5719,0.3723,0.4247,0.4376,0.2489
1,1220,1221,2875,2.63e-05,0.2824,0.6053,0.3315,0.2717,0.5449,0.2391
1,1240,1241,2875,2.63e-05,0.4081,0.7428,0.3748,0.3358,0.5344,0.25
1,1260,1261,2875,2.63e-05,0.2888,0.5442,0.3601,0.2961,0.4906,0.2419
1,1280,1281,2875,2.63e-05,0.3283,0.4685,0.3527,0.334,0.3289,0.194
1,1300,1301,2875,2.63e-05,0.3344,0.5709,0.3524,0.2847,0.4516,0.2243
1,1320,1321,2875,2.63e-05,0.3795,0.5098,0.3711,0.3492,0.37,0.2399
1,1340,1341,2875,2.63e-05,0.4223,0.6372,0.371,0.3342,0.5347,0.29
1,1360,1361,2875,2.63e-05,0.3036,0.5453,0.3601,0.2948,0.4311,0.2447
1,1380,1381,2875,2.63e-05,0.442,0.6287,0.3151,0.3744,0.514,0.233
1,1400,1401,2875,2.63e-05,0.4347,0.599,0.3885,0.2963,0.3914,0.2457
1,1420,1421,2875,2.63e-05,0.449,0.6363,0.3599,0.3863,0.4913,0.2201
1,1440,1441,2875,2.63e-05,0.4252,0.5274,0.3694,0.3172,0.4072,0.2318
1,1460,1461,2875,2.63e-05,0.3535,0.6223,0.332,0.3387,0.4997,0.2319
1,1480,1481,2875,2.63e-05,0.331,0.4922,0.342,0.2867,0.4244,0.2219
1,1500,1501,2875,2.63e-05,0.4405,0.6424,0.3775,0.3824,0.5147,0.2781
1,1520,1521,2875,2.63e-05,0.3103,0.5402,0.3083,0.2976,0.4944,0.2228
1,1540,1541,2875,2.63e-05,0.4273,0.6045,0.3454,0.3797,0.4953,0.2501
1,1560,1561,2875,2.63e-05,0.3542,0.5216,0.357,0.29,0.3922,0.2259
1,1580,1581,2875,2.63e-05,0.3674,0.5124,0.3376,0.3138,0.4137,0.2256
1,1600,1601,2875,2.63e-05,0.3575,0.6427,0.3314,0.3143,0.4623,0.2097
1,1620,1621,2875,2.63e-05,0.3211,0.5341,0.3324,0.2989,0.403,0.2126
1,1640,1641,2875,2.63e-05,0.3259,0.5374,0.3468,0.3023,0.4198,0.2188
1,1660,1661,2875,2.63e-05,0.3897,0.5921,0.3323,0.3187,0.5093,0.2502
1,1680,1681,2875,2.63e-05,0.4045,0.5816,0.3346,0.3875,0.4699,0.237
1,1700,1701,2875,2.63e-05,0.3534,0.5613,0.3322,0.3332,0.4284,0.2217
1,1720,1721,2875,2.63e-05,0.4697,0.6784,0.3675,0.4537,0.5812,0.2819
1,1740,1741,2875,2.63e-05,0.3318,0.5198,0.3083,0.3053,0.4408,0.2126
1,1760,1761,2875,2.63e-05,0.3192,0.6724,0.311,0.2985,0.5308,0.2391
1,1780,1781,2875,2.63e-05,0.2628,0.4413,0.3022,0.2765,0.3722,0.2045
1,1800,1801,2875,2.63e-05,0.4779,0.512,0.3525,0.4153,0.406,0.2316
1,1820,1821,2875,2.63e-05,0.3852,0.5042,0.3494,0.3682,0.4138,0.2386
1,1840,1841,2875,2.63e-05,0.2847,0.4971,0.347,0.2773,0.3673,0.2272
1,1860,1861,2875,2.63e-05,0.432,0.5935,0.3378,0.4079,0.4444,0.2537
1,1880,1881,2875,2.63e-05,0.291,0.5024,0.3237,0.2904,0.4025,0.2234
1,1900,1901,2875,2.63e-05,0.3884,0.5411,0.3389,0.3325,0.4775,0.2439
1,1920,1921,2875,2.63e-05,0.3756,0.5857,0.3219,0.4035,0.4823,0.2245
1,1940,1941,2875,2.63e-05,0.3413,0.572,0.2978,0.3038,0.4705,0.2251
1,1960,1961,2875,2.63e-05,0.3594,0.4657,0.3108,0.3447,0.3814,0.2237
1,1980,1981,2875,2.63e-05,0.3476,0.5598,0.3157,0.3055,0.4718,0.2286
1,2000,2001,2875,2.63e-05,0.2822,0.5422,0.2944,0.2653,0.4463,0.2138
1,2020,2021,2875,2.63e-05,0.3548,0.5544,0.3027,0.3532,0.4971,0.2323
1,2040,2041,2875,2.63e-05,0.3773,0.5405,0.3137,0.3676,0.4386,0.2124
1,2060,2061,2875,2.63e-05,0.2782,0.5191,0.292,0.2622,0.4279,0.2128
1,2080,2081,2875,2.63e-05,0.2768,0.4571,0.2918,0.2721,0.3885,0.204
1,2100,2101,2875,2.63e-05,0.3261,0.5111,0.3417,0.2876,0.3943,0.2076
1,2120,2121,2875,2.63e-05,0.3545,0.5306,0.313,0.2824,0.4459,0.2297
1,2140,2141,2875,2.63e-05,0.3069,0.4691,0.29,0.3026,0.3605,0.1931
1,2160,2161,2875,2.63e-05,0.3915,0.4197,0.3124,0.4037,0.3668,0.2132
1,2180,2181,2875,2.63e-05,0.3014,0.5166,0.2818,0.282,0.4416,0.2178
1,2200,2201,2875,2.63e-05,0.3139,0.4207,0.302,0.2991,0.3907,0.2276
1,2220,2221,2875,2.63e-05,0.2635,0.4417,0.2758,0.2184,0.3672,0.2003
1,2240,2241,2875,2.63e-05,0.3817,0.4866,0.3257,0.3652,0.3782,0.2131
1,2260,2261,2875,2.63e-05,0.3431,0.5096,0.3077,0.3414,0.418,0.2201
1,2280,2281,2875,2.63e-05,0.3486,0.6482,0.3648,0.3547,0.5162,0.2734
1,2300,2301,2875,2.63e-05,0.3767,0.5359,0.3211,0.355,0.451,0.2301
1,2320,2321,2875,2.63e-05,0.2827,0.4845,0.2853,0.2696,0.4033,0.2021
1,2340,2341,2875,2.63e-05,0.3853,0.5205,0.3113,0.3344,0.4114,0.2315
1,2360,2361,2875,2.63e-05,0.3124,0.5295,0.3,0.2881,0.4229,0.2149
1,2380,2381,2875,2.63e-05,0.3621,0.5511,0.3117,0.3408,0.4776,0.2295
1,2400,2401,2875,2.63e-05,0.3165,0.6162,0.2992,0.3192,0.5042,0.2141
1,2420,2421,2875,2.63e-05,0.3142,0.5204,0.2886,0.3354,0.397,0.1951
1,2440,2441,2875,2.63e-05,0.3624,0.4769,0.3411,0.331,0.4149,0.2507
1,2460,2461,2875,2.63e-05,0.2972,0.6027,0.2872,0.258,0.5041,0.2133
1,2480,2481,2875,2.63e-05,0.3035,0.4873,0.3105,0.3038,0.3792,0.2056
1,2500,2501,2875,2.63e-05,0.4315,0.5321,0.3324,0.4616,0.3738,0.2093
1,2520,2521,2875,2.63e-05,0.29,0.5595,0.3094,0.299,0.5031,0.2364
1,2540,2541,2875,2.63e-05,0.3266,0.5396,0.3132,0.2808,0.4568,0.2223
1,2560,2561,2875,2.63e-05,0.2753,0.4224,0.2858,0.2548,0.3522,0.1949
1,2580,2581,2875,2.63e-05,0.2728,0.441,0.2862,0.2533,0.3826,0.2119
1,2600,2601,2875,2.63e-05,0.3508,0.4605,0.2656,0.3775,0.4055,0.2005
1,2620,2621,2875,2.63e-05,0.27,0.5305,0.2783,0.2784,0.48,0.2249
1,2640,2641,2875,2.63e-05,0.3583,0.4752,0.287,0.2992,0.3975,0.2061
1,2660,2661,2875,2.63e-05,0.3281,0.4707,0.2913,0.35,0.4473,0.2224
1,2680,2681,2875,2.63e-05,0.322,0.4519,0.2972,0.3009,0.4241,0.2276
1,2700,2701,2875,2.63e-05,0.3854,0.5519,0.3331,0.3778,0.4538,0.2461
1,2720,2721,2875,2.63e-05,0.3596,0.4818,0.2971,0.3249,0.4011,0.2129
1,2740,2741,2875,2.63e-05,0.3425,0.4881,0.3057,0.3108,0.3859,0.2154
1,2760,2761,2875,2.63e-05,0.3045,0.3542,0.2821,0.2711,0.3181,0.1851
1,2780,2781,2875,2.63e-05,0.3034,0.4597,0.293,0.2955,0.4024,0.2208
1,2800,2801,2875,2.63e-05,0.3253,0.423,0.2922,0.3299,0.3749,0.2264
1,2820,2821,2875,2.63e-05,0.3547,0.5088,0.2976,0.3645,0.4677,0.2439
1,2840,2841,2875,2.63e-05,0.2708,0.4875,0.2551,0.2749,0.5357,0.2175
1,2860,2861,2875,2.63e-05,0.3247,0.4077,0.2925,0.3006,0.3336,0.2111
2,2880,6,2875,2.62e-05,0.3336,0.4808,0.2797,0.3224,0.4621,0.239
2,2900,26,2875,2.62e-05,0.3057,0.5226,0.297,0.3327,0.4422,0.2305
2,2920,46,2875,2.62e-05,0.2874,0.5495,0.2943,0.2501,0.4404,0.2105
2,2940,66,2875,2.62e-05,0.3014,0.4373,0.2846,0.2781,0.3813,0.2031
2,2960,86,2875,2.62e-05,0.3086,0.4046,0.2832,0.2809,0.3656,0.1988
2,2980,106,2875,2.62e-05,0.3825,0.5126,0.3204,0.3901,0.4478,0.2465
2,3000,126,2875,2.62e-05,0.2657,0.471,0.2633,0.2655,0.4421,0.218
2,3020,146,2875,2.62e-05,0.3362,0.4701,0.2875,0.2908,0.4403,0.2305
2,3040,166,2875,2.62e-05,0.3015,0.5164,0.2978,0.2832,0.4492,0.2364
2,3060,186,2875,2.62e-05,0.3471,0.4838,0.2843,0.3486,0.4079,0.225
2,3080,206,2875,2.62e-05,0.3413,0.5476,0.3061,0.3417,0.4791,0.2352
2,3100,226,2875,2.62e-05,0.2836,0.4022,0.2793,0.291,0.3133,0.1988
2,3120,246,2875,2.62e-05,0.374,0.4007,0.2571,0.3196,0.4078,0.2023
2,3140,266,2875,2.62e-05,0.2493,0.4598,0.26,0.2594,0.3943,0.2
2,3160,286,2875,2.62e-05,0.2884,0.4585,0.2651,0.2462,0.3809,0.1947
2,3180,306,2875,2.62e-05,0.2998,0.5336,0.2705,0.2919,0.4825,0.2093
2,3200,326,2875,2.62e-05,0.3579,0.4689,0.2874,0.3215,0.4112,0.2194
2,3220,346,2875,2.62e-05,0.2486,0.403,0.257,0.2853,0.3626,0.1962
2,3240,366,2875,2.62e-05,0.354,0.3932,0.2748,0.3613,0.3242,0.2023
2,3260,386,2875,2.62e-05,0.3154,0.4609,0.2813,0.2869,0.4011,0.2077
2,3280,406,2875,2.62e-05,0.3893,0.4968,0.2775,0.3661,0.4816,0.227
2,3300,426,2875,2.62e-05,0.2729,0.4237,0.2184,0.2537,0.3465,0.1655
2,3320,446,2875,2.62e-05,0.271,0.4722,0.2474,0.2662,0.4127,0.1909
2,3340,466,2875,2.62e-05,0.4127,0.597,0.3068,0.3821,0.53,0.2744
2,3360,486,2875,2.62e-05,0.3098,0.4236,0.2647,0.2664,0.3591,0.2049
2,3380,506,2875,2.62e-05,0.3198,0.4851,0.293,0.3288,0.4017,0.2058
2,3400,526,2875,2.62e-05,0.2662,0.4803,0.2695,0.2503,0.4254,0.2218
2,3420,546,2875,2.62e-05,0.2599,0.3294,0.2584,0.2443,0.304,0.1839
2,3440,566,2875,2.62e-05,0.3015,0.4576,0.2774,0.29,0.4221,0.2118
2,3460,586,2875,2.62e-05,0.3087,0.3485,0.2732,0.2908,0.3059,0.1912
2,3480,606,2875,2.62e-05,0.3101,0.4768,0.3031,0.2741,0.3881,0.2166
2,3500,626,2875,2.62e-05,0.2962,0.4404,0.246,0.304,0.3921,0.1907
2,3520,646,2875,2.62e-05,0.3227,0.4456,0.2454,0.2767,0.3691,0.1986
2,3540,666,2875,2.62e-05,0.2667,0.4585,0.2548,0.2672,0.4077,0.2016
2,3560,686,2875,2.62e-05,0.2606,0.3725,0.2561,0.2775,0.3278,0.1813
2,3580,706,2875,2.62e-05,0.3049,0.5404,0.2846,0.2891,0.4684,0.2438
2,3600,726,2875,2.62e-05,0.3128,0.4285,0.2738,0.2832,0.4173,0.2232
2,3620,746,2875,2.62e-05,0.2658,0.4662,0.2703,0.2629,0.3879,0.1887
2,3640,766,2875,2.62e-05,0.3343,0.3971,0.2995,0.2993,0.3697,0.2223
2,3660,786,2875,2.62e-05,0.2379,0.4021,0.2564,0.2313,0.3938,0.2084
2,3680,806,2875,2.62e-05,0.3613,0.5465,0.2531,0.337,0.4779,0.2138
2,3700,826,2875,2.62e-05,0.3619,0.4482,0.2829,0.3261,0.3463,0.2201
2,3720,846,2875,2.62e-05,0.2947,0.4652,0.2756,0.2839,0.429,0.2247
2,3740,866,2875,2.62e-05,0.2654,0.4284,0.2602,0.2836,0.3653,0.1982
2,3760,886,2875,2.62e-05,0.3146,0.4798,0.2888,0.3335,0.429,0.2218
2,3780,906,2875,2.62e-05,0.2817,0.4404,0.2686,0.3006,0.396,0.2106
2,3800,926,2875,2.62e-05,0.2623,0.4389,0.2464,0.2549,0.4254,0.2047
2,3820,946,2875,2.62e-05,0.2975,0.488,0.2511,0.2746,0.4111,0.1923
2,3840,966,2875,2.62e-05,0.3632,0.4798,0.2547,0.342,0.4018,0.1872
2,3860,986,2875,2.62e-05,0.2953,0.5487,0.2755,0.3076,0.4655,0.2111
2,3880,1006,2875,2.62e-05,0.3016,0.5311,0.2713,0.2865,0.5207,0.2321
2,3900,1026,2875,2.62e-05,0.2744,0.4558,0.268,0.29,0.4074,0.2213
2,3920,1046,2875,2.62e-05,0.2442,0.4625,0.2671,0.2387,0.412,0.209
2,3940,1066,2875,2.62e-05,0.286,0.4581,0.2409,0.2753,0.4364,0.2044
2,3960,1086,2875,2.62e-05,0.2856,0.3842,0.227,0.2742,0.3402,0.1754
2,3980,1106,2875,2.62e-05,0.3708,0.4489,0.2752,0.3456,0.3964,0.22
2,4000,1126,2875,2.62e-05,0.3583,0.6247,0.3002,0.376,0.5059,0.2603
2,4020,1146,2875,2.62e-05,0.3491,0.5015,0.2508,0.38,0.426,0.2001
2,4040,1166,2875,2.62e-05,0.3548,0.4533,0.281,0.2864,0.3971,0.2028
2,4060,1186,2875,2.62e-05,0.3243,0.4386,0.2916,0.3339,0.3606,0.2197
2,4080,1206,2875,2.62e-05,0.3396,0.5515,0.2933,0.2998,0.4563,0.2545
2,4100,1226,2875,2.62e-05,0.4132,0.483,0.3126,0.4095,0.429,0.2327
2,4120,1246,2875,2.62e-05,0.2646,0.444,0.2493,0.2593,0.4082,0.1975
2,4140,1266,2875,2.62e-05,0.312,0.5276,0.2534,0.2702,0.499,0.2072
2,4160,1286,2875,2.62e-05,0.2988,0.4785,0.2615,0.3159,0.4508,0.2097
2,4180,1306,2875,2.62e-05,0.2638,0.4358,0.2422,0.2567,0.3468,0.1764
2,4200,1326,2875,2.62e-05,0.3824,0.5364,0.275,0.4029,0.4897,0.2447
2,4220,1346,2875,2.62e-05,0.337,0.3463,0.2416,0.3058,0.2772,0.1769
2,4240,1366,2875,2.62e-05,0.2188,0.3481,0.2328,0.2097,0.3254,0.1741
2,4260,1386,2875,2.62e-05,0.3057,0.4734,0.2442,0.3326,0.4545,0.2022
2,4280,1406,2875,2.62e-05,0.302,0.3884,0.2443,0.3141,0.3637,0.2009
2,4300,1426,2875,2.62e-05,0.2745,0.441,0.2675,0.2561,0.4062,0.2262
2,4320,1446,2875,2.62e-05,0.293,0.5867,0.2715,0.2792,0.5174,0.2187
2,4340,1466,2875,2.62e-05,0.3052,0.4201,0.2694,0.2771,0.3662,0.2112
2,4360,1486,2875,2.62e-05,0.3291,0.406,0.2545,0.3313,0.3795,0.1928
2,4380,1506,2875,2.62e-05,0.341,0.3909,0.2398,0.35,0.3812,0.1908
2,4400,1526,2875,2.62e-05,0.4087,0.3791,0.2627,0.3122,0.3074,0.1935
2,4420,1546,2875,2.62e-05,0.3309,0.4338,0.2615,0.3068,0.4,0.2178
2,4440,1566,2875,2.62e-05,0.2857,0.5024,0.2751,0.3174,0.4522,0.2271
2,4460,1586,2875,2.62e-05,0.4091,0.42,0.2706,0.3554,0.3804,0.2092
2,4480,1606,2875,2.62e-05,0.3118,0.5068,0.2863,0.2737,0.441,0.2144
2,4500,1626,2875,2.62e-05,0.3095,0.3603,0.2224,0.3164,0.3132,0.1647
2,4520,1646,2875,2.62e-05,0.2805,0.4672,0.242,0.2766,0.4327,0.1978
2,4540,1666,2875,2.62e-05,0.3171,0.4295,0.2534,0.3246,0.384,0.2079
2,4560,1686,2875,2.62e-05,0.3303,0.3913,0.2699,0.2651,0.3474,0.2109
2,4580,1706,2875,2.62e-05,0.2543,0.3178,0.2383,0.2104,0.2891,0.1766
2,4600,1726,2875,2.62e-05,0.2876,0.4102,0.2439,0.2758,0.3884,0.2018
2,4620,1746,2875,2.62e-05,0.3168,0.381,0.2502,0.2935,0.3598,0.2066
2,4640,1766,2875,2.62e-05,0.2909,0.414,0.2432,0.2756,0.3649,0.1935
2,4660,1786,2875,2.62e-05,0.267,0.4,0.2232,0.2756,0.3891,0.1783
2,4680,1806,2875,2.62e-05,0.4697,0.3868,0.2385,0.4453,0.376,0.2207
2,4700,1826,2875,2.62e-05,0.2627,0.458,0.2581,0.2735,0.4123,0.2062
2,4720,1846,2875,2.62e-05,0.3414,0.5383,0.2721,0.3401,0.4431,0.2132
2,4740,1866,2875,2.62e-05,0.267,0.4116,0.2485,0.2656,0.3632,0.2004
2,4760,1886,2875,2.62e-05,0.3564,0.3743,0.2547,0.3067,0.3305,0.2033
2,4780,1906,2875,2.62e-05,0.2834,0.361,0.2271,0.2735,0.3552,0.2103
2,4800,1926,2875,2.62e-05,0.3675,0.4412,0.2455,0.3616,0.3896,0.1967
2,4820,1946,2875,2.62e-05,0.2822,0.4569,0.2794,0.2806,0.4276,0.2203
2,4840,1966,2875,2.62e-05,0.263,0.4572,0.2476,0.2443,0.4661,0.2065
2,4860,1986,2875,2.62e-05,0.2812,0.3941,0.2579,0.2603,0.3747,0.2052
2,4880,2006,2875,2.62e-05,0.3569,0.4196,0.2644,0.3193,0.3678,0.2042
2,4900,2026,2875,2.62e-05,0.2953,0.4271,0.2509,0.3001,0.4099,0.227
2,4920,2046,2875,2.62e-05,0.3461,0.4964,0.2733,0.3192,0.4378,0.2155
2,4940,2066,2875,2.62e-05,0.3075,0.429,0.266,0.3019,0.397,0.2225
2,4960,2086,2875,2.62e-05,0.249,0.4676,0.2287,0.2393,0.4301,0.1965
2,4980,2106,2875,2.62e-05,0.4196,0.4613,0.286,0.3816,0.4396,0.2487
2,5000,2126,2875,2.62e-05,0.2507,0.3711,0.2164,0.2303,0.3803,0.1862
2,5020,2146,2875,2.62e-05,0.3426,0.4786,0.2778,0.3335,0.4478,0.2437
2,5040,2166,2875,2.62e-05,0.2929,0.4318,0.2414,0.2901,0.3835,0.1911
2,5060,2186,2875,2.62e-05,0.3743,0.5371,0.2739,0.3489,0.5118,0.2378
2,5080,2206,2875,2.62e-05,0.4458,0.4219,0.2827,0.3896,0.3308,0.2083
2,5100,2226,2875,2.62e-05,0.3109,0.6071,0.2811,0.2899,0.5646,0.256
2,5120,2246,2875,2.62e-05,0.2919,0.3605,0.2354,0.2731,0.351,0.1989
2,5140,2266,2875,2.62e-05,0.2489,0.3772,0.2284,0.2559,0.3377,0.1847
2,5160,2286,2875,2.62e-05,0.3249,0.4286,0.2307,0.3055,0.4119,0.2055
2,5180,2306,2875,2.62e-05,0.3413,0.4306,0.2564,0.3359,0.4364,0.2197
2,5200,2326,2875,2.62e-05,0.2949,0.484,0.26,0.2919,0.4116,0.2134
2,5220,2346,2875,2.62e-05,0.3575,0.4586,0.2567,0.3409,0.4267,0.2261
2,5240,2366,2875,2.62e-05,0.2695,0.4363,0.2517,0.255,0.4081,0.2112
2,5260,2386,2875,2.62e-05,0.3627,0.4857,0.255,0.3426,0.4629,0.2339
2,5280,2406,2875,2.62e-05,0.3704,0.409,0.2618,0.3343,0.3439,0.1953
2,5300,2426,2875,2.62e-05,0.3541,0.3981,0.2538,0.3239,0.3605,0.2083
2,5320,2446,2875,2.62e-05,0.2889,0.4355,0.2518,0.2766,0.4083,0.2186
2,5340,2466,2875,2.62e-05,0.3621,0.4094,0.2804,0.3407,0.3643,0.2093
2,5360,2486,2875,2.62e-05,0.3225,0.3885,0.2223,0.2794,0.3567,0.1835
2,5380,2506,2875,2.62e-05,0.2431,0.4687,0.2357,0.2482,0.4409,0.1876
2,5400,2526,2875,2.62e-05,0.4297,0.335,0.2254,0.3792,0.3131,0.1923
2,5420,2546,2875,2.62e-05,0.2833,0.4273,0.2173,0.2811,0.389,0.1862
2,5440,2566,2875,2.62e-05,0.2603,0.3416,0.2133,0.2317,0.2798,0.1609
2,5460,2586,2875,2.62e-05,0.2689,0.4814,0.2416,0.2755,0.3999,0.1838
2,5480,2606,2875,2.62e-05,0.4264,0.6294,0.282,0.4155,0.5258,0.193
2,5500,2626,2875,2.62e-05,0.2829,0.3656,0.242,0.2531,0.331,0.195
2,5520,2646,2875,2.62e-05,0.3021,0.4193,0.2513,0.2817,0.3921,0.2159
2,5540,2666,2875,2.62e-05,0.3131,0.4552,0.2457,0.3137,0.3991,0.2069
2,5560,2686,2875,2.62e-05,0.3733,0.5023,0.2833,0.3456,0.4606,0.2539
2,5580,2706,2875,2.62e-05,0.3408,0.4947,0.2919,0.3282,0.4554,0.2277
2,5600,2726,2875,2.62e-05,0.292,0.5439,0.2516,0.2753,0.4779,0.2193
2,5620,2746,2875,2.62e-05,0.3382,0.4678,0.2411,0.3606,0.4419,0.1964
2,5640,2766,2875,2.62e-05,0.3237,0.3584,0.2444,0.3308,0.3377,0.201
2,5660,2786,2875,2.62e-05,0.3076,0.5059,0.2453,0.3036,0.46,0.2047
2,5680,2806,2875,2.62e-05,0.3149,0.4321,0.2385,0.3024,0.4039,0.2082
2,5700,2826,2875,2.62e-05,0.328,0.4705,0.2586,0.3223,0.4453,0.2206
2,5720,2846,2875,2.62e-05,0.3387,0.4844,0.2653,0.3271,0.4524,0.2277
2,5740,2866,2875,2.62e-05,0.3197,0.3335,0.2272,0.2937,0.3198,0.1972
3,5760,11,2875,2.62e-05,0.1801,0.3767,0.2246,0.1889,0.3311,0.184
3,5780,31,2875,2.62e-05,0.3575,0.5352,0.283,0.3314,0.4751,0.2447
3,5800,51,2875,2.62e-05,0.3373,0.5146,0.2494,0.3301,0.4828,0.2118
3,5820,71,2875,2.62e-05,0.2469,0.4052,0.2275,0.2634,0.3778,0.1986
3,5840,91,2875,2.62e-05,0.3489,0.4377,0.2515,0.3331,0.4156,0.2115
3,5860,111,2875,2.62e-05,0.3142,0.3654,0.2244,0.2814,0.3321,0.1849
3,5880,131,2875,2.62e-05,0.3596,0.3856,0.2196,0.3613,0.3522,0.1829
3,5900,151,2875,2.62e-05,0.2898,0.4806,0.2323,0.2724,0.4914,0.2113
3,5920,171,2875,2.62e-05,0.3209,0.3954,0.2603,0.2976,0.3371,0.1985
3,5940,191,2875,2.62e-05,0.2439,0.4279,0.2614,0.2392,0.4031,0.2318
3,5960,211,2875,2.62e-05,0.438,0.4192,0.2385,0.4583,0.3424,0.199
3,5980,231,2875,2.62e-05,0.2849,0.4023,0.2449,0.2962,0.3832,0.2045
3,6000,251,2875,2.62e-05,0.2788,0.3882,0.222,0.2599,0.3907,0.2079
3,6020,271,2875,2.62e-05,0.3259,0.3842,0.2339,0.3194,0.34,0.1905
3,6040,291,2875,2.62e-05,0.2437,0.3889,0.234,0.2383,0.3678,0.2016
3,6060,311,2875,2.62e-05,0.2861,0.3994,0.2507,0.2879,0.3581,0.2145
3,6080,331,2875,2.62e-05,0.2597,0.4471,0.2404,0.2516,0.3875,0.2066
3,6100,351,2875,2.62e-05,0.2666,0.3678,0.2275,0.2806,0.3219,0.1967
3,6120,371,2875,2.62e-05,0.2974,0.3636,0.234,0.3174,0.3487,0.1999
3,6140,391,2875,2.62e-05,0.2866,0.3894,0.2314,0.2703,0.3457,0.1946
3,6160,411,2875,2.62e-05,0.42,0.4605,0.2563,0.3605,0.3808,0.2104
3,6180,431,2875,2.62e-05,0.2626,0.3682,0.241,0.2824,0.3106,0.2054
3,6200,451,2875,2.62e-05,0.3183,0.4305,0.2477,0.27,0.3875,0.2161
3,6220,471,2875,2.62e-05,0.2897,0.3421,0.2334,0.2642,0.3055,0.1868
3,6240,491,2875,2.62e-05,0.2724,0.4502,0.2336,0.2292,0.4294,0.2001
3,6260,511,2875,2.62e-05,0.2541,0.3971,0.2349,0.2685,0.3786,0.2065
3,6280,531,2875,2.62e-05,0.3133,0.4017,0.2215,0.3211,0.3807,0.1957
3,6300,551,2875,2.62e-05,0.3048,0.3897,0.2239,0.2781,0.3719,0.1904
3,6320,571,2875,2.62e-05,0.2905,0.3111,0.213,0.2769,0.2957,0.1719
3,6340,591,2875,2.62e-05,0.2526,0.545,0.2366,0.248,0.4948,0.2114
3,6360,611,2875,2.62e-05,0.3325,0.363,0.2388,0.2923,0.338,0.2093
3,6380,631,2875,2.62e-05,0.2979,0.3629,0.2414,0.2709,0.3266,0.1893
3,6400,651,2875,2.62e-05,0.282,0.4139,0.2473,0.2638,0.3808,0.2179
3,6420,671,2875,2.62e-05,0.2336,0.3453,0.2229,0.2415,0.323,0.1887
3,6440,691,2875,2.62e-05,0.3191,0.3901,0.2351,0.3239,0.3562,0.1994
3,6460,711,2875,2.62e-05,0.2782,0.3611,0.2235,0.2677,0.2899,0.1785
3,6480,731,2875,2.62e-05,0.297,0.443,0.228,0.3005,0.4246,0.2042
3,6500,751,2875,2.62e-05,0.3193,0.3934,0.24,0.34,0.377,0.2062
3,6520,771,2875,2.62e-05,0.3481,0.4739,0.2376,0.3243,0.4676,0.2186
3,6540,791,2875,2.62e-05,0.2798,0.4698,0.2404,0.2792,0.4347,0.2061
3,6560,811,2875,2.62e-05,0.323,0.4355,0.2439,0.3063,0.3467,0.1815
3,6580,831,2875,2.62e-05,0.35,0.4943,0.2448,0.4019,0.4783,0.2344
3,6600,851,2875,2.62e-05,0.2903,0.4019,0.2472,0.2749,0.366,0.2099
3,6620,871,2875,2.62e-05,0.3177,0.3495,0.2089,0.3182,0.3497,0.1841
3,6640,891,2875,2.62e-05,0.2614,0.3165,0.248,0.2237,0.2932,0.1852
3,6660,911,2875,2.62e-05,0.2312,0.3374,0.204,0.2145,0.3468,0.1788
3,6680,931,2875,2.62e-05,0.3382,0.3682,0.2001,0.344,0.3357,0.1867
3,6700,951,2875,2.62e-05,0.3249,0.3737,0.2337,0.3331,0.3331,0.1758
3,6720,971,2875,2.62e-05,0.336,0.4221,0.2319,0.3255,0.4028,0.2165
3,6740,991,2875,2.62e-05,0.306,0.4136,0.2239,0.2938,0.3804,0.2046
3,6760,1011,2875,2.62e-05,0.3167,0.3324,0.2082,0.2727,0.3175,0.186
3,6780,1031,2875,2.62e-05,0.3205,0.4448,0.2455,0.3054,0.3968,0.2086
3,6800,1051,2875,2.62e-05,0.3089,0.4651,0.2354,0.3115,0.4222,0.185
3,6820,1071,2875,2.62e-05,0.2673,0.3987,0.209,0.272,0.3688,0.1858
3,6840,1091,2875,2.62e-05,0.2839,0.3324,0.2022,0.2943,0.3329,0.1851
3,6860,1111,2875,2.62e-05,0.2487,0.4524,0.224,0.2319,0.3819,0.1738
3,6880,1131,2875,2.62e-05,0.3097,0.3449,0.2069,0.2942,0.3442,0.186
3,6900,1151,2875,2.62e-05,0.3115,0.402,0.2251,0.2919,0.3636,0.1827
3,6920,1171,2875,2.62e-05,0.367,0.4307,0.2805,0.3258,0.3488,0.2185
3,6940,1191,2875,2.62e-05,0.3421,0.2868,0.2505,0.3529,0.2622,0.1959
3,6960,1211,2875,2.62e-05,0.3096,0.4087,0.2504,0.302,0.3997,0.2212
3,6980,1231,2875,2.62e-05,0.2669,0.3125,0.215,0.2728,0.3003,0.1707
3,7000,1251,2875,2.62e-05,0.3628,0.4198,0.2363,0.3422,0.3649,0.1969
3,7020,1271,2875,2.62e-05,0.3222,0.4993,0.2568,0.3665,0.4533,0.2285
3,7040,1291,2875,2.62e-05,0.2612,0.3951,0.2313,0.2627,0.4093,0.2124
3,7060,1311,2875,2.62e-05,0.4455,0.4507,0.2631,0.417,0.3969,0.2261
3,7080,1331,2875,2.62e-05,0.2109,0.3402,0.2141,0.2143,0.3042,0.1807
3,7100,1351,2875,2.62e-05,0.206,0.3712,0.207,0.2096,0.345,0.1852
3,7120,1371,2875,2.62e-05,0.2723,0.3571,0.2261,0.2658,0.3597,0.1954
3,7140,1391,2875,2.62e-05,0.313,0.3664,0.2044,0.3068,0.3533,0.175
3,7160,1411,2875,2.62e-05,0.334,0.3841,0.2278,0.3094,0.322,0.1716
3,7180,1431,2875,2.62e-05,0.245,0.2981,0.198,0.2405,0.2792,0.1692
3,7200,1451,2875,2.62e-05,0.2769,0.4138,0.2418,0.2708,0.3615,0.1881
3,7220,1471,2875,2.62e-05,0.3418,0.3747,0.2197,0.3504,0.3338,0.1697
3,7240,1491,2875,2.62e-05,0.2519,0.377,0.2123,0.2554,0.3498,0.189
3,7260,1511,2875,2.62e-05,0.2787,0.3372,0.2106,0.2685,0.3303,0.1866
3,7280,1531,2875,2.62e-05,0.3213,0.4195,0.244,0.3042,0.3974,0.2136
3,7300,1551,2875,2.62e-05,0.3682,0.5044,0.2801,0.3792,0.4918,0.2675
3,7320,1571,2875,2.62e-05,0.3675,0.3622,0.2373,0.3649,0.3536,0.2108
3,7340,1591,2875,2.62e-05,0.2605,0.3967,0.239,0.2222,0.3718,0.2129
3,7360,1611,2875,2.62e-05,0.2817,0.4945,0.2401,0.269,0.4537,0.2061
3,7380,1631,2875,2.62e-05,0.2764,0.3157,0.223,0.2682,0.2996,0.1986
3,7400,1651,2875,2.62e-05,0.3904,0.4509,0.2421,0.3456,0.3801,0.1896
3,7420,1671,2875,2.62e-05,0.3747,0.472,0.2464,0.3737,0.4238,0.2055
3,7440,1691,2875,2.62e-05,0.3348,0.3613,0.2323,0.3293,0.3667,0.2038
3,7460,1711,2875,2.62e-05,0.3028,0.3533,0.2172,0.2863,0.3262,0.1734
3,7480,1731,2875,2.62e-05,0.2916,0.3896,0.2326,0.2606,0.3432,0.191
3,7500,1751,2875,2.62e-05,0.249,0.3821,0.2101,0.2379,0.3583,0.1708
3,7520,1771,2875,2.62e-05,0.2301,0.3641,0.2348,0.249,0.3324,0.199
3,7540,1791,2875,2.62e-05,0.2448,0.3855,0.2334,0.2195,0.3403,0.1988
3,7560,1811,2875,2.62e-05,0.2537,0.4097,0.2214,0.2422,0.4129,0.1992
3,7580,1831,2875,2.62e-05,0.2283,0.3594,0.2034,0.219,0.3669,0.189
3,7600,1851,2875,2.62e-05,0.2219,0.3325,0.1928,0.2157,0.3107,0.1725
3,7620,1871,2875,2.62e-05,0.3783,0.3623,0.2605,0.3308,0.3659,0.219
3,7640,1891,2875,2.62e-05,0.3099,0.4543,0.2073,0.2824,0.4344,0.1884
3,7660,1911,2875,2.62e-05,0.3197,0.3893,0.2237,0.2906,0.3616,0.1898
3,7680,1931,2875,2.62e-05,0.3679,0.3115,0.2128,0.3712,0.3019,0.1772
3,7700,1951,2875,2.62e-05,0.239,0.4724,0.249,0.2016,0.4587,0.2315
3,7720,1971,2875,2.62e-05,0.2908,0.5199,0.2206,0.2552,0.4725,0.1921
3,7740,1991,2875,2.62e-05,0.2522,0.3159,0.1931,0.2376,0.326,0.1718
3,7760,2011,2875,2.62e-05,0.3456,0.4612,0.2423,0.3315,0.4193,0.2099
3,7780,2031,2875,2.62e-05,0.3882,0.4936,0.2661,0.3641,0.4237,0.2332
3,7800,2051,2875,2.62e-05,0.2922,0.349,0.2172,0.3105,0.3377,0.1992
3,7820,2071,2875,2.62e-05,0.3608,0.4046,0.2028,0.3431,0.405,0.1976
3,7840,2091,2875,2.62e-05,0.3266,0.2827,0.2114,0.2721,0.249,0.1715
3,7860,2111,2875,2.62e-05,0.3431,0.4605,0.2453,0.3011,0.3868,0.2009
3,7880,2131,2875,2.62e-05,0.3677,0.4194,0.2436,0.3592,0.4025,0.2383
3,7900,2151,2875,2.62e-05,0.3044,0.3882,0.2111,0.284,0.3945,0.2102
3,7920,2171,2875,2.62e-05,0.3002,0.3941,0.23,0.2743,0.3312,0.1883
3,7940,2191,2875,2.62e-05,0.2956,0.4216,0.2297,0.2841,0.3764,0.1933
3,7960,2211,2875,2.62e-05,0.3857,0.4181,0.2492,0.3664,0.3566,0.2041
3,7980,2231,2875,2.62e-05,0.2101,0.4036,0.2099,0.1974,0.3667,0.1805
3,8000,2251,2875,2.62e-05,0.2952,0.4326,0.2312,0.2925,0.3992,0.2035
3,8020,2271,2875,2.62e-05,0.25,0.3148,0.2021,0.2494,0.33,0.1883
3,8040,2291,2875,2.62e-05,0.3435,0.3987,0.2394,0.3328,0.3676,0.2152
3,8060,2311,2875,2.62e-05,0.322,0.3749,0.2391,0.3264,0.3599,0.2018
3,8080,2331,2875,2.62e-05,0.2453,0.3432,0.208,0.2237,0.3286,0.1932
3,8100,2351,2875,2.62e-05,0.216,0.3629,0.2022,0.209,0.3206,0.1822
3,8120,2371,2875,2.62e-05,0.3278,0.3863,0.2118,0.2963,0.3552,0.1811
3,8140,2391,2875,2.62e-05,0.2515,0.4433,0.2223,0.2544,0.4276,0.1977
3,8160,2411,2875,2.62e-05,0.2913,0.458,0.244,0.2826,0.3884,0.2129
3,8180,2431,2875,2.62e-05,0.2951,0.4411,0.2424,0.2914,0.439,0.2172
3,8200,2451,2875,2.62e-05,0.2712,0.2929,0.1927,0.254,0.2726,0.1664
3,8220,2471,2875,2.62e-05,0.2437,0.379,0.2226,0.2364,0.3529,0.2055
3,8240,2491,2875,2.62e-05,0.342,0.3688,0.2544,0.3519,0.351,0.2288
3,8260,2511,2875,2.62e-05,0.2597,0.3447,0.2217,0.2501,0.3159,0.1964
3,8280,2531,2875,2.62e-05,0.2717,0.4342,0.22,0.2526,0.399,0.1993
3,8300,2551,2875,2.62e-05,0.2902,0.4428,0.2293,0.2842,0.3878,0.2004
3,8320,2571,2875,2.62e-05,0.3561,0.4255,0.2371,0.3425,0.4034,0.2095
3,8340,2591,2875,2.62e-05,0.343,0.3628,0.2236,0.3161,0.3337,0.2018
3,8360,2611,2875,2.62e-05,0.2598,0.3408,0.1968,0.2586,0.3396,0.1781
3,8380,2631,2875,2.62e-05,0.3309,0.3741,0.2293,0.3342,0.3096,0.173
3,8400,2651,2875,2.62e-05,0.2492,0.3943,0.2043,0.2379,0.3846,0.1847
3,8420,2671,2875,2.62e-05,0.2451,0.2511,0.1947,0.237,0.2536,0.1604
3,8440,2691,2875,2.62e-05,0.3078,0.4231,0.2191,0.3005,0.4215,0.2119
3,8460,2711,2875,2.62e-05,0.35,0.3374,0.2203,0.3549,0.3128,0.1836
3,8480,2731,2875,2.62e-05,0.2463,0.3961,0.2193,0.2346,0.3867,0.2056
3,8500,2751,2875,2.62e-05,0.2124,0.3717,0.2279,0.1991,0.3733,0.2127
3,8520,2771,2875,2.62e-05,0.2897,0.3985,0.2312,0.2722,0.3774,0.2105
3,8540,2791,2875,2.62e-05,0.2514,0.4014,0.2276,0.2351,0.3931,0.2197
3,8560,2811,2875,2.62e-05,0.3172,0.3923,0.2002,0.3003,0.3601,0.1726
3,8580,2831,2875,2.62e-05,0.229,0.4005,0.1966,0.2327,0.3968,0.1849
3,8600,2851,2875,2.62e-05,0.3664,0.4227,0.2471,0.3295,0.386,0.2212
3,8620,2871,2875,2.62e-05,0.3114,0.4167,0.242,0.2965,0.4224,0.2207
4,8640,16,2875,2.6e-05,0.214,0.3663,0.1969,0.2319,0.3506,0.1792
4,8660,36,2875,2.6e-05,0.2871,0.3706,0.2041,0.2352,0.3435,0.1967
4,8680,56,2875,2.6e-05,0.3784,0.4128,0.2129,0.328,0.392,0.1965
4,8700,76,2875,2.6e-05,0.3194,0.4006,0.2104,0.2965,0.3769,0.1906
4,8720,96,2875,2.6e-05,0.4076,0.3208,0.2189,0.3306,0.2884,0.1754
4,8740,116,2875,2.6e-05,0.3535,0.352,0.2142,0.3351,0.3351,0.193
4,8760,136,2875,2.6e-05,0.2375,0.3764,0.2008,0.2437,0.3418,0.1833
4,8780,156,2875,2.6e-05,0.3084,0.4285,0.2446,0.2928,0.375,0.2092
4,8800,176,2875,2.6e-05,0.358,0.357,0.2152,0.3445,0.3561,0.1867
4,8820,196,2875,2.6e-05,0.2914,0.3893,0.2262,0.2831,0.3801,0.2136
4,8840,216,2875,2.6e-05,0.2631,0.3868,0.2231,0.2709,0.3511,0.1817
4,8860,236,2875,2.6e-05,0.3121,0.4304,0.2231,0.28,0.3774,0.1807
4,8880,256,2875,2.6e-05,0.2468,0.3704,0.2353,0.2344,0.3589,0.229
4,8900,276,2875,2.6e-05,0.3192,0.3809,0.2144,0.2693,0.3608,0.1797
4,8920,296,2875,2.6e-05,0.3383,0.293,0.2147,0.2852,0.2709,0.174
4,8940,316,2875,2.6e-05,0.3124,0.4189,0.2513,0.308,0.4065,0.2304
4,8960,336,2875,2.6e-05,0.3079,0.4515,0.2235,0.2935,0.3911,0.189
4,8980,356,2875,2.6e-05,0.3418,0.377,0.2206,0.2955,0.3577,0.1943
4,9000,376,2875,2.6e-05,0.2662,0.4752,0.2264,0.2698,0.4593,0.2054
4,9020,396,2875,2.6e-05,0.3107,0.434,0.2111,0.3032,0.4236,0.2049
4,9040,416,2875,2.6e-05,0.4187,0.3587,0.2366,0.4311,0.264,0.1743
4,9060,436,2875,2.6e-05,0.301,0.4413,0.2279,0.301,0.4001,0.2107
4,9080,456,2875,2.6e-05,0.2394,0.2986,0.1994,0.2429,0.2718,0.1689
4,9100,476,2875,2.6e-05,0.3589,0.5144,0.27,0.3378,0.4625,0.243
4,9120,496,2875,2.6e-05,0.4032,0.321,0.2064,0.4182,0.2659,0.1645
4,9140,516,2875,2.6e-05,0.3256,0.4172,0.2414,0.3625,0.3961,0.2227
4,9160,536,2875,2.6e-05,0.2847,0.4422,0.225,0.2639,0.4284,0.2059
4,9180,556,2875,2.6e-05,0.347,0.3879,0.2106,0.3339,0.3582,0.1734
4,9200,576,2875,2.6e-05,0.3001,0.4563,0.189,0.2964,0.4324,0.1794
4,9220,596,2875,2.6e-05,0.3285,0.4642,0.216,0.3061,0.4093,0.1711
4,9240,616,2875,2.6e-05,0.319,0.406,0.2181,0.2635,0.3741,0.1978
4,9260,636,2875,2.6e-05,0.3264,0.3567,0.2058,0.3103,0.3391,0.1859
4,9280,656,2875,2.6e-05,0.2729,0.4219,0.2082,0.2823,0.4174,0.1972
4,9300,676,2875,2.6e-05,0.2306,0.3123,0.2088,0.2146,0.2595,0.1674
4,9320,696,2875,2.6e-05,0.2756,0.3523,0.2141,0.2561,0.3496,0.1969
4,9340,716,2875,2.6e-05,0.405,0.3056,0.2164,0.3719,0.3045,0.1899
4,9360,736,2875,2.6e-05,0.216,0.4567,0.2303,0.2041,0.3593,0.183
4,9380,756,2875,2.6e-05,0.3182,0.4093,0.2134,0.2784,0.3433,0.1668
4,9400,776,2875,2.6e-05,0.394,0.3463,0.1886,0.4056,0.3141,0.1609
4,9420,796,2875,2.6e-05,0.2902,0.3903,0.206,0.2792,0.3721,0.1786
4,9440,816,2875,2.6e-05,0.2579,0.4769,0.222,0.2376,0.4239,0.2002
4,9460,836,2875,2.6e-05,0.3457,0.4755,0.2494,0.386,0.4438,0.2185
4,9480,856,2875,2.6e-05,0.2463,0.392,0.2015,0.2258,0.3925,0.1933
4,9500,876,2875,2.6e-05,0.2523,0.4011,0.2473,0.2432,0.3632,0.2161
4,9520,896,2875,2.6e-05,0.3274,0.4098,0.2069,0.3052,0.3976,0.19
4,9540,916,2875,2.6e-05,0.2553,0.3433,0.2128,0.2571,0.3223,0.1796
4,9560,936,2875,2.6e-05,0.2786,0.3799,0.2075,0.296,0.3361,0.1892
4,9580,956,2875,2.6e-05,0.2739,0.3144,0.1961,0.2634,0.317,0.1813
4,9600,976,2875,2.6e-05,0.3913,0.3477,0.2202,0.3895,0.3302,0.1877
4,9620,996,2875,2.6e-05,0.2729,0.3378,0.1815,0.2745,0.34,0.165
4,9640,1016,2875,2.6e-05,0.356,0.3563,0.228,0.3095,0.3204,0.2008
4,9660,1036,2875,2.6e-05,0.3361,0.343,0.2085,0.3294,0.3407,0.1843
4,9680,1056,2875,2.6e-05,0.2511,0.3653,0.2021,0.2441,0.3653,0.1921
4,9700,1076,2875,2.6e-05,0.3523,0.362,0.2271,0.3622,0.3097,0.1862
4,9720,1096,2875,2.6e-05,0.3392,0.3942,0.214,0.3101,0.3832,0.1954
4,9740,1116,2875,2.6e-05,0.3296,0.4547,0.2289,0.3308,0.4261,0.1967
4,9760,1136,2875,2.6e-05,0.2818,0.4236,0.2103,0.2799,0.4232,0.1998
4,9780,1156,2875,2.6e-05,0.3583,0.3748,0.2188,0.338,0.315,0.1856
4,9800,1176,2875,2.6e-05,0.309,0.3423,0.2195,0.3141,0.3223,0.1929
4,9820,1196,2875,2.6e-05,0.3079,0.4131,0.2202,0.2993,0.3742,0.1938
4,9840,1216,2875,2.6e-05,0.2748,0.3954,0.209,0.2649,0.3653,0.1908
4,9860,1236,2875,2.6e-05,0.4047,0.3699,0.2271,0.4038,0.3053,0.1842
4,9880,1256,2875,2.6e-05,0.2761,0.2891,0.2116,0.2677,0.2769,0.1899
4,9900,1276,2875,2.6e-05,0.3509,0.4123,0.2336,0.3389,0.3673,0.1996
4,9920,1296,2875,2.6e-05,0.2765,0.3047,0.2172,0.2804,0.2886,0.1917
4,9940,1316,2875,2.6e-05,0.2631,0.2565,0.203,0.2065,0.2181,0.1722
4,9960,1336,2875,2.6e-05,0.2893,0.4101,0.2094,0.2771,0.3945,0.1912
4,9980,1356,2875,2.6e-05,0.2766,0.4293,0.2082,0.2816,0.3964,0.198
4,10000,1376,2875,2.6e-05,0.2893,0.3821,0.2104,0.2795,0.3855,0.2
4,10020,1396,2875,2.6e-05,0.2565,0.3678,0.1966,0.2312,0.344,0.1777
4,10040,1416,2875,2.6e-05,0.2135,0.3448,0.2039,0.2263,0.3253,0.1877
4,10060,1436,2875,2.6e-05,0.3115,0.4438,0.2374,0.3282,0.3788,0.1987
4,10080,1456,2875,2.6e-05,0.2902,0.3542,0.2031,0.3009,0.3623,0.1927
4,10100,1476,2875,2.6e-05,0.2911,0.3831,0.2007,0.2978,0.3623,0.1853
4,10120,1496,2875,2.6e-05,0.2414,0.4187,0.2141,0.2304,0.4073,0.2024
4,10140,1516,2875,2.6e-05,0.3438,0.3503,0.2071,0.3293,0.3335,0.1919
4,10160,1536,2875,2.6e-05,0.2985,0.3785,0.2398,0.2946,0.3449,0.213
4,10180,1556,2875,2.6e-05,0.29,0.4598,0.2476,0.268,0.4012,0.2286
4,10200,1576,2875,2.6e-05,0.3017,0.4188,0.2316,0.2908,0.3946,0.2132
4,10220,1596,2875,2.6e-05,0.3376,0.4019,0.2253,0.3356,0.3918,0.2157
4,10240,1616,2875,2.6e-05,0.2498,0.3976,0.229,0.2464,0.3797,0.2145
4,10260,1636,2875,2.6e-05,0.3324,0.3867,0.2387,0.2965,0.3761,0.2159
4,10280,1656,2875,2.6e-05,0.2918,0.4272,0.2145,0.275,0.4218,0.1929
4,10300,1676,2875,2.6e-05,0.2787,0.3884,0.2064,0.2772,0.3598,0.18
4,10320,1696,2875,2.6e-05,0.3424,0.4032,0.2406,0.3426,0.3488,0.2183
4,10340,1716,2875,2.6e-05,0.2565,0.3575,0.2083,0.2566,0.3407,0.1921
4,10360,1736,2875,2.6e-05,0.3182,0.3715,0.2283,0.2693,0.3633,0.2049
4,10380,1756,2875,2.6e-05,0.2175,0.298,0.196,0.2001,0.3108,0.1927
4,10400,1776,2875,2.6e-05,0.271,0.4043,0.2145,0.2717,0.3656,0.1996
4,10420,1796,2875,2.6e-05,0.5023,0.4094,0.2505,0.4629,0.3722,0.2146
4,10440,1816,2875,2.6e-05,0.2941,0.3913,0.2171,0.278,0.3914,0.2004
4,10460,1836,2875,2.6e-05,0.3753,0.394,0.2324,0.3847,0.3709,0.2186
4,10480,1856,2875,2.6e-05,0.353,0.3959,0.2274,0.3482,0.3675,0.2052
4,10500,1876,2875,2.6e-05,0.3627,0.3874,0.2134,0.3526,0.364,0.1789
4,10520,1896,2875,2.6e-05,0.4071,0.4857,0.2392,0.4112,0.4725,0.2319
4,10540,1916,2875,2.6e-05,0.3253,0.3206,0.2212,0.2951,0.318,0.2066
4,10560,1936,2875,2.6e-05,0.2862,0.3243,0.2089,0.2907,0.3204,0.1935
4,10580,1956,2875,2.6e-05,0.2402,0.3681,0.2095,0.2244,0.3284,0.176
4,10600,1976,2875,2.6e-05,0.3485,0.3899,0.2108,0.3071,0.3578,0.1959
4,10620,1996,2875,2.6e-05,0.2428,0.4452,0.2134,0.2239,0.4401,0.2024
4,10640,2016,2875,2.6e-05,0.2883,0.3563,0.2293,0.2867,0.3186,0.1972
4,10660,2036,2875,2.6e-05,0.3106,0.443,0.2048,0.2925,0.402,0.1915
4,10680,2056,2875,2.6e-05,0.2717,0.2753,0.1936,0.2637,0.2656,0.173
4,10700,2076,2875,2.6e-05,0.3637,0.4287,0.2256,0.3459,0.3524,0.1779
4,10720,2096,2875,2.6e-05,0.2771,0.4728,0.2256,0.2622,0.4396,0.2138
4,10740,2116,2875,2.6e-05,0.3891,0.2522,0.2009,0.3415,0.2477,0.1765
4,10760,2136,2875,2.6e-05,0.2834,0.4015,0.2168,0.2674,0.3731,0.1963
4,10780,2156,2875,2.6e-05,0.3396,0.5055,0.268,0.3539,0.4683,0.2579
4,10800,2176,2875,2.6e-05,0.2777,0.3283,0.1904,0.3045,0.3387,0.1819
4,10820,2196,2875,2.6e-05,0.4042,0.5211,0.2241,0.3943,0.4994,0.219
4,10840,2216,2875,2.6e-05,0.3083,0.3822,0.2185,0.3007,0.3588,0.1979
4,10860,2236,2875,2.6e-05,0.2591,0.3635,0.2038,0.2678,0.3731,0.1867
4,10880,2256,2875,2.6e-05,0.2685,0.3067,0.1995,0.2667,0.3088,0.1723
4,10900,2276,2875,2.6e-05,0.4871,0.4537,0.2536,0.4266,0.414,0.2229
4,10920,2296,2875,2.6e-05,0.2677,0.4668,0.2013,0.2573,0.4538,0.1934
4,10940,2316,2875,2.6e-05,0.3242,0.3594,0.2124,0.3151,0.3463,0.1951
4,10960,2336,2875,2.6e-05,0.2328,0.4066,0.1952,0.2192,0.3932,0.1816
4,10980,2356,2875,2.6e-05,0.3003,0.4881,0.2307,0.2957,0.4507,0.2113
4,11000,2376,2875,2.6e-05,0.3222,0.3206,0.1934,0.2979,0.3088,0.1782
4,11020,2396,2875,2.6e-05,0.3842,0.5762,0.2163,0.4028,0.4652,0.1838
4,11040,2416,2875,2.6e-05,0.3164,0.418,0.1963,0.3082,0.4088,0.1861
4,11060,2436,2875,2.6e-05,0.2498,0.4209,0.2314,0.2507,0.4326,0.2195
4,11080,2456,2875,2.6e-05,0.2156,0.413,0.2029,0.2198,0.3842,0.1877
4,11100,2476,2875,2.6e-05,0.2274,0.3683,0.1891,0.2271,0.3773,0.197
4,11120,2496,2875,2.6e-05,0.3845,0.3504,0.205,0.3663,0.3497,0.2006
4,11140,2516,2875,2.6e-05,0.2993,0.3409,0.201,0.2694,0.3237,0.1849
4,11160,2536,2875,2.6e-05,0.2989,0.3283,0.2116,0.2663,0.2907,0.1812
4,11180,2556,2875,2.6e-05,0.271,0.4193,0.198,0.2412,0.3871,0.174
4,11200,2576,2875,2.6e-05,0.2666,0.3015,0.2009,0.2554,0.2984,0.1818
4,11220,2596,2875,2.6e-05,0.2814,0.4159,0.216,0.2709,0.409,0.2016
4,11240,2616,2875,2.6e-05,0.2479,0.352,0.2058,0.2411,0.336,0.1793
4,11260,2636,2875,2.6e-05,0.2869,0.3719,0.2246,0.2773,0.3355,0.202
4,11280,2656,2875,2.6e-05,0.3691,0.2518,0.1661,0.359,0.2514,0.1432
4,11300,2676,2875,2.6e-05,0.1823,0.3444,0.1844,0.1882,0.3346,0.1756
4,11320,2696,2875,2.6e-05,0.3904,0.4331,0.2552,0.4195,0.4139,0.234
4,11340,2716,2875,2.6e-05,0.2274,0.3055,0.1945,0.1992,0.2843,0.179
4,11360,2736,2875,2.6e-05,0.2357,0.3461,0.1894,0.2566,0.3229,0.1616
4,11380,2756,2875,2.6e-05,0.2449,0.3671,0.2079,0.2621,0.3616,0.1845
4,11400,2776,2875,2.6e-05,0.2559,0.3525,0.1901,0.2557,0.3618,0.176
4,11420,2796,2875,2.6e-05,0.3084,0.3201,0.2051,0.2855,0.3185,0.1882
4,11440,2816,2875,2.6e-05,0.2015,0.3569,0.1895,0.1823,0.3485,0.1806
4,11460,2836,2875,2.6e-05,0.2872,0.4166,0.2042,0.2943,0.392,0.1949
4,11480,2856,2875,2.6e-05,0.374,0.3928,0.2428,0.3503,0.2891,0.1699
5,11500,1,2875,2.59e-05,0.3234,0.3821,0.2057,0.2925,0.3614,0.1913
5,11520,21,2875,2.59e-05,0.2354,0.3049,0.1938,0.2311,0.324,0.1884
5,11540,41,2875,2.59e-05,0.2867,0.3895,0.2142,0.2692,0.3561,0.1916
5,11560,61,2875,2.59e-05,0.2515,0.3655,0.2212,0.2255,0.3013,0.1835
5,11580,81,2875,2.59e-05,0.2543,0.3007,0.1928,0.2439,0.2981,0.176
5,11600,101,2875,2.59e-05,0.2801,0.3906,0.2072,0.2603,0.3782,0.1974
5,11620,121,2875,2.59e-05,0.2732,0.3266,0.2094,0.2625,0.3262,0.1872
5,11640,141,2875,2.59e-05,0.3477,0.3493,0.2089,0.3108,0.3388,0.1866
5,11660,161,2875,2.59e-05,0.4039,0.4197,0.2351,0.3739,0.3597,0.1937
5,11680,181,2875,2.59e-05,0.2519,0.4095,0.2073,0.2487,0.3746,0.1886
5,11700,201,2875,2.59e-05,0.3415,0.3619,0.2002,0.3104,0.3686,0.1871
5,11720,221,2875,2.59e-05,0.2641,0.373,0.2098,0.2537,0.3655,0.1966
5,11740,241,2875,2.59e-05,0.3054,0.3888,0.2144,0.2997,0.3365,0.1892
5,11760,261,2875,2.59e-05,0.3286,0.3745,0.2039,0.2991,0.3777,0.1956
5,11780,281,2875,2.59e-05,0.2769,0.4026,0.2012,0.2512,0.3836,0.1934
5,11800,301,2875,2.59e-05,0.2618,0.3921,0.2124,0.2615,0.3974,0.2076
5,11820,321,2875,2.59e-05,0.2879,0.3905,0.2111,0.2719,0.3497,0.1966
5,11840,341,2875,2.59e-05,0.2741,0.3817,0.2018,0.2445,0.4042,0.1984
5,11860,361,2875,2.59e-05,0.3114,0.2615,0.1943,0.3186,0.2134,0.1431
5,11880,381,2875,2.59e-05,0.2862,0.3935,0.2289,0.3203,0.3757,0.2238
5,11900,401,2875,2.59e-05,0.2641,0.3329,0.1968,0.2589,0.3226,0.1902
5,11920,421,2875,2.59e-05,0.3175,0.4095,0.2321,0.3107,0.3772,0.2089
5,11940,441,2875,2.59e-05,0.2988,0.3588,0.1933,0.3204,0.3723,0.1884
5,11960,461,2875,2.59e-05,0.2805,0.3185,0.2084,0.2822,0.3194,0.1926
5,11980,481,2875,2.59e-05,0.27,0.3872,0.2378,0.2681,0.3197,0.2031
5,12000,501,2875,2.59e-05,0.4294,0.3637,0.2356,0.401,0.3603,0.2121
5,12020,521,2875,2.59e-05,0.2384,0.4401,0.1987,0.2264,0.4205,0.1869
5,12040,541,2875,2.59e-05,0.3146,0.4002,0.2157,0.3134,0.3696,0.1995
5,12060,561,2875,2.59e-05,0.2482,0.3843,0.2185,0.2456,0.3578,0.2056
5,12080,581,2875,2.59e-05,0.2673,0.3433,0.1776,0.2624,0.3637,0.1722
5,12100,601,2875,2.59e-05,0.3844,0.4366,0.2284,0.3858,0.4354,0.2075
5,12120,621,2875,2.59e-05,0.2603,0.4453,0.2138,0.2367,0.3849,0.1821
5,12140,641,2875,2.59e-05,0.2257,0.4036,0.212,0.2159,0.4029,0.2046
5,12160,661,2875,2.59e-05,0.3032,0.397,0.2033,0.2802,0.3951,0.1975
5,12180,681,2875,2.59e-05,0.2698,0.342,0.1771,0.261,0.3222,0.1666
5,12200,701,2875,2.59e-05,0.2717,0.3035,0.1907,0.2687,0.2908,0.1706
5,12220,721,2875,2.59e-05,0.3012,0.375,0.2257,0.2882,0.3364,0.2052
5,12240,741,2875,2.59e-05,0.3578,0.321,0.207,0.3448,0.2985,0.1764
5,12260,761,2875,2.59e-05,0.3127,0.388,0.2022,0.2897,0.3839,0.1907
5,12280,781,2875,2.59e-05,0.3528,0.4736,0.2404,0.3242,0.4799,0.2507
5,12300,801,2875,2.59e-05,0.2035,0.315,0.1853,0.2038,0.3053,0.1616
5,12320,821,2875,2.59e-05,0.2386,0.3078,0.195,0.2223,0.2951,0.1884
5,12340,841,2875,2.59e-05,0.2227,0.318,0.1841,0.2147,0.308,0.1723
5,12360,861,2875,2.59e-05,0.4333,0.323,0.2119,0.4519,0.2593,0.1617
5,12380,881,2875,2.59e-05,0.3061,0.447,0.1973,0.2911,0.3922,0.1761
5,12400,901,2875,2.59e-05,0.2805,0.4277,0.2172,0.2574,0.3791,0.1914
5,12420,921,2875,2.59e-05,0.3306,0.4044,0.2074,0.3305,0.396,0.1951
5,12440,941,2875,2.59e-05,0.365,0.3776,0.2201,0.3318,0.3697,0.2072
5,12460,961,2875,2.59e-05,0.3018,0.3763,0.2068,0.2951,0.3619,0.1978
5,12480,981,2875,2.59e-05,0.2425,0.3872,0.1983,0.2381,0.3562,0.1838
5,12500,1001,2875,2.59e-05,0.2525,0.4084,0.2212,0.257,0.3917,0.211
5,12520,1021,2875,2.59e-05,0.3142,0.3711,0.2087,0.3023,0.3722,0.2012
5,12540,1041,2875,2.59e-05,0.3288,0.4188,0.2261,0.3022,0.3789,0.201
5,12560,1061,2875,2.59e-05,0.3525,0.4543,0.2203,0.3397,0.443,0.2127
5,12580,1081,2875,2.59e-05,0.3305,0.4031,0.2026,0.3338,0.3839,0.2004
5,12600,1101,2875,2.59e-05,0.2789,0.4269,0.2082,0.2811,0.4137,0.1951
5,12620,1121,2875,2.59e-05,0.2447,0.3627,0.1967,0.262,0.3512,0.1914
5,12640,1141,2875,2.59e-05,0.3117,0.4109,0.2044,0.2906,0.3864,0.1971
5,12660,1161,2875,2.59e-05,0.2752,0.3733,0.2043,0.2521,0.3641,0.194
5,12680,1181,2875,2.59e-05,0.3707,0.3404,0.1937,0.3537,0.3368,0.1801
5,12700,1201,2875,2.59e-05,0.2085,0.4121,0.2285,0.2032,0.4453,0.2184
5,12720,1221,2875,2.59e-05,0.3017,0.3492,0.2123,0.2674,0.3274,0.1898
5,12740,1241,2875,2.59e-05,0.2395,0.3265,0.2084,0.211,0.2866,0.1716
5,12760,1261,2875,2.59e-05,0.237,0.4059,0.2084,0.2219,0.4281,0.2046
5,12780,1281,2875,2.59e-05,0.2593,0.3873,0.1894,0.2285,0.3395,0.1657
5,12800,1301,2875,2.59e-05,0.2823,0.3331,0.2028,0.2775,0.3432,0.1946
5,12820,1321,2875,2.59e-05,0.2946,0.2467,0.1665,0.2674,0.2718,0.1664
5,12840,1341,2875,2.59e-05,0.2849,0.387,0.2114,0.269,0.3807,0.2046
5,12860,1361,2875,2.59e-05,0.2545,0.3636,0.2026,0.2383,0.3576,0.1965
5,12880,1381,2875,2.59e-05,0.2465,0.2874,0.1872,0.2334,0.2646,0.1734
5,12900,1401,2875,2.59e-05,0.2818,0.3696,0.2062,0.2883,0.3663,0.1932
5,12920,1421,2875,2.59e-05,0.263,0.2926,0.1905,0.2707,0.2895,0.185
5,12940,1441,2875,2.59e-05,0.2451,0.3196,0.2123,0.2068,0.2518,0.1689
5,12960,1461,2875,2.59e-05,0.2719,0.3481,0.2017,0.2738,0.3428,0.1921
5,12980,1481,2875,2.59e-05,0.3117,0.3875,0.2118,0.2924,0.3963,0.206
5,13000,1501,2875,2.59e-05,0.2464,0.3648,0.1904,0.2409,0.3672,0.1797
5,13020,1521,2875,2.59e-05,0.2209,0.364,0.204,0.2181,0.3299,0.1807
5,13040,1541,2875,2.59e-05,0.2816,0.3766,0.2108,0.2815,0.3727,0.2009
5,13060,1561,2875,2.59e-05,0.2929,0.4236,0.2306,0.2867,0.3648,0.2041
5,13080,1581,2875,2.59e-05,0.2832,0.3431,0.202,0.2739,0.3527,0.198
5,13100,1601,2875,2.59e-05,0.3448,0.3156,0.19,0.3655,0.2757,0.1635
5,13120,1621,2875,2.59e-05,0.2462,0.3671,0.1982,0.2403,0.379,0.1972
5,13140,1641,2875,2.59e-05,0.3147,0.426,0.2193,0.3234,0.4092,0.2106
5,13160,1661,2875,2.59e-05,0.3202,0.3818,0.2022,0.3136,0.3629,0.1847
5,13180,1681,2875,2.59e-05,0.2404,0.3311,0.2062,0.2218,0.3273,0.1939
5,13200,1701,2875,2.59e-05,0.3051,0.298,0.2043,0.2755,0.2663,0.1741
5,13220,1721,2875,2.59e-05,0.3438,0.4912,0.2532,0.3297,0.4839,0.2575
5,13240,1741,2875,2.59e-05,0.2363,0.2921,0.1929,0.2208,0.2883,0.1776
5,13260,1761,2875,2.59e-05,0.2776,0.3562,0.1952,0.2825,0.3372,0.1876
5,13280,1781,2875,2.59e-05,0.293,0.2815,0.1946,0.2553,0.2635,0.172
5,13300,1801,2875,2.59e-05,0.2749,0.3477,0.2061,0.2626,0.3236,0.1816
5,13320,1821,2875,2.59e-05,0.271,0.3928,0.2132,0.2614,0.3929,0.1965
5,13340,1841,2875,2.59e-05,0.2307,0.3781,0.2202,0.23,0.3366,0.2078
5,13360,1861,2875,2.59e-05,0.2879,0.3993,0.2051,0.2834,0.3865,0.1981
5,13380,1881,2875,2.59e-05,0.3213,0.3857,0.2155,0.3279,0.3873,0.206
5,13400,1901,2875,2.59e-05,0.2654,0.3577,0.1938,0.2644,0.3394,0.1816
5,13420,1921,2875,2.59e-05,0.2416,0.2922,0.1806,0.223,0.2757,0.1682
5,13440,1941,2875,2.59e-05,0.3026,0.3389,0.1935,0.3117,0.3371,0.1731
5,13460,1961,2875,2.59e-05,0.267,0.3632,0.2125,0.2676,0.3547,0.195
5,13480,1981,2875,2.59e-05,0.3938,0.3798,0.1984,0.3753,0.3496,0.1808
5,13500,2001,2875,2.59e-05,0.2436,0.364,0.1857,0.2293,0.344,0.1744
5,13520,2021,2875,2.59e-05,0.2312,0.4017,0.2064,0.2383,0.3829,0.1905
5,13540,2041,2875,2.59e-05,0.3181,0.388,0.2043,0.3214,0.3829,0.2005
5,13560,2061,2875,2.59e-05,0.2502,0.3838,0.2165,0.2235,0.3803,0.2107
5,13580,2081,2875,2.59e-05,0.2061,0.339,0.1963,0.2054,0.3218,0.1832
5,13600,2101,2875,2.59e-05,0.32,0.367,0.2033,0.2912,0.3274,0.1819
5,13620,2121,2875,2.59e-05,0.3333,0.2521,0.1803,0.3221,0.2499,0.1704
5,13640,2141,2875,2.59e-05,0.2663,0.3565,0.1961,0.2601,0.3749,0.1906
5,13660,2161,2875,2.59e-05,0.2486,0.3342,0.1862,0.2281,0.3154,0.1691
5,13680,2181,2875,2.59e-05,0.2157,0.3169,0.1996,0.2038,0.3104,0.2023
5,13700,2201,2875,2.59e-05,0.3929,0.3514,0.2049,0.3806,0.3558,0.1873
5,13720,2221,2875,2.59e-05,0.3098,0.3757,0.2106,0.316,0.359,0.1906
5,13740,2241,2875,2.59e-05,0.2932,0.3902,0.2098,0.3022,0.3851,0.1911
5,13760,2261,2875,2.59e-05,0.3011,0.4284,0.2084,0.2994,0.3876,0.1928
5,13780,2281,2875,2.59e-05,0.2895,0.3172,0.2015,0.2935,0.2858,0.1824
5,13800,2301,2875,2.59e-05,0.3352,0.3893,0.2123,0.3248,0.3861,0.195
5,13820,2321,2875,2.59e-05,0.2776,0.4263,0.2392,0.2813,0.4419,0.2317
5,13840,2341,2875,2.59e-05,0.3043,0.3036,0.2063,0.2883,0.2888,0.1946
5,13860,2361,2875,2.59e-05,0.3469,0.3707,0.213,0.3272,0.37,0.1999
5,13880,2381,2875,2.59e-05,0.2472,0.3787,0.2041,0.2494,0.3898,0.1982
5,13900,2401,2875,2.59e-05,0.2762,0.3723,0.1885,0.2829,0.3484,0.1777
5,13920,2421,2875,2.59e-05,0.3542,0.4336,0.2332,0.3361,0.3932,0.2152
5,13940,2441,2875,2.59e-05,0.2658,0.3777,0.1948,0.2863,0.3912,0.1968
5,13960,2461,2875,2.59e-05,0.3166,0.3843,0.1923,0.326,0.3953,0.1837
5,13980,2481,2875,2.59e-05,0.5353,0.5005,0.3044,0.5229,0.4523,0.2633
5,14000,2501,2875,2.59e-05,0.3188,0.3711,0.1841,0.3082,0.3602,0.1718
5,14020,2521,2875,2.59e-05,0.3126,0.3589,0.211,0.3216,0.3603,0.2025
5,14040,2541,2875,2.59e-05,0.2965,0.4531,0.2087,0.3164,0.4101,0.1825
5,14060,2561,2875,2.59e-05,0.2545,0.3167,0.1853,0.239,0.3115,0.1764
5,14080,2581,2875,2.59e-05,0.2537,0.4743,0.2178,0.2593,0.4645,0.2122
5,14100,2601,2875,2.59e-05,0.3213,0.3818,0.2021,0.3063,0.3934,0.2042
5,14120,2621,2875,2.59e-05,0.2676,0.3562,0.1835,0.2655,0.3377,0.1791
5,14140,2641,2875,2.59e-05,0.2349,0.4353,0.231,0.2386,0.422,0.2177
5,14160,2661,2875,2.59e-05,0.329,0.373,0.2122,0.3424,0.3564,0.1946
5,14180,2681,2875,2.59e-05,0.3362,0.3191,0.1949,0.3223,0.306,0.1741
5,14200,2701,2875,2.59e-05,0.2809,0.3845,0.2111,0.2797,0.3717,0.2022
5,14220,2721,2875,2.59e-05,0.2565,0.4219,0.2051,0.2575,0.3985,0.1923
5,14240,2741,2875,2.59e-05,0.2455,0.3796,0.1929,0.2394,0.3556,0.18
5,14260,2761,2875,2.59e-05,0.2825,0.299,0.2027,0.2649,0.2776,0.1831
5,14280,2781,2875,2.59e-05,0.2486,0.3678,0.2096,0.2514,0.3429,0.1936
5,14300,2801,2875,2.59e-05,0.2885,0.3634,0.1837,0.2796,0.3461,0.1714
5,14320,2821,2875,2.59e-05,0.3122,0.3238,0.206,0.3015,0.3194,0.1965
5,14340,2841,2875,2.59e-05,0.2551,0.3595,0.2131,0.2626,0.3374,0.2017
5,14360,2861,2875,2.59e-05,0.3908,0.4146,0.2239,0.3487,0.3733,0.2078
6,14380,6,2875,2.56e-05,0.3781,0.363,0.218,0.3802,0.348,0.2017
6,14400,26,2875,2.56e-05,0.2576,0.4466,0.1936,0.2698,0.3978,0.1736
6,14420,46,2875,2.56e-05,0.2508,0.3375,0.1933,0.2406,0.3473,0.1788
6,14440,66,2875,2.56e-05,0.521,0.3122,0.2134,0.4001,0.2101,0.1459
6,14460,86,2875,2.56e-05,0.3281,0.4256,0.2335,0.3242,0.4232,0.2276
6,14480,106,2875,2.56e-05,0.2656,0.3351,0.2006,0.2606,0.3324,0.191
6,14500,126,2875,2.56e-05,0.4135,0.3552,0.2151,0.3663,0.3265,0.191
6,14520,146,2875,2.56e-05,0.2529,0.3228,0.1848,0.2394,0.3051,0.1679
6,14540,166,2875,2.56e-05,0.2624,0.3798,0.1899,0.249,0.3525,0.1811
6,14560,186,2875,2.56e-05,0.2291,0.3766,0.1989,0.2239,0.3721,0.1899
6,14580,206,2875,2.56e-05,0.2714,0.4105,0.1943,0.2609,0.3716,0.1731
6,14600,226,2875,2.56e-05,0.4999,0.4559,0.223,0.4676,0.4799,0.2068
6,14620,246,2875,2.56e-05,0.2903,0.4231,0.2341,0.2719,0.4,0.2294
6,14640,266,2875,2.56e-05,0.269,0.4487,0.202,0.281,0.4258,0.1936
6,14660,286,2875,2.56e-05,0.3816,0.4263,0.1933,0.37,0.3748,0.1634
6,14680,306,2875,2.56e-05,0.3111,0.3932,0.2171,0.33,0.3841,0.2096
6,14700,326,2875,2.56e-05,0.2186,0.3309,0.1788,0.216,0.3447,0.1728
6,14720,346,2875,2.56e-05,0.3223,0.4114,0.2076,0.3061,0.39,0.195
6,14740,366,2875,2.56e-05,0.2421,0.3366,0.1991,0.2267,0.3345,0.1888
6,14760,386,2875,2.56e-05,0.339,0.3427,0.2198,0.3281,0.3352,0.2057
6,14780,406,2875,2.56e-05,0.3172,0.4191,0.2295,0.3027,0.4338,0.2182
6,14800,426,2875,2.56e-05,0.2498,0.3347,0.2066,0.2276,0.3344,0.2061
6,14820,446,2875,2.56e-05,0.234,0.2611,0.1722,0.2084,0.2438,0.1563
6,14840,466,2875,2.56e-05,0.3457,0.4278,0.2429,0.3319,0.3775,0.2079
6,14860,486,2875,2.56e-05,0.268,0.3261,0.2251,0.2336,0.282,0.1938
6,14880,506,2875,2.56e-05,0.2828,0.3599,0.1901,0.2793,0.3636,0.1819
6,14900,526,2875,2.56e-05,0.3514,0.3945,0.2125,0.3071,0.3803,0.2028
6,14920,546,2875,2.56e-05,0.2771,0.4398,0.2176,0.2904,0.4149,0.2146
6,14940,566,2875,2.56e-05,0.2144,0.373,0.1853,0.2191,0.3791,0.1768
6,14960,586,2875,2.56e-05,0.3436,0.4079,0.2196,0.3214,0.3999,0.2058
6,14980,606,2875,2.56e-05,0.2722,0.2921,0.188,0.2529,0.289,0.1796
6,15000,626,2875,2.56e-05,0.2761,0.3366,0.1883,0.2825,0.3262,0.1754
6,15020,646,2875,2.56e-05,0.1971,0.3355,0.1801,0.1827,0.3399,0.1747
6,15040,666,2875,2.56e-05,0.3514,0.4144,0.2188,0.3728,0.3977,0.2116
6,15060,686,2875,2.56e-05,0.2758,0.3703,0.2054,0.2726,0.3511,0.195
6,15080,706,2875,2.56e-05,0.2562,0.336,0.1937,0.2306,0.3021,0.1852
6,15100,726,2875,2.56e-05,0.2342,0.3211,0.1804,0.2209,0.3149,0.1716
6,15120,746,2875,2.56e-05,0.282,0.3328,0.1892,0.2833,0.3267,0.1806
6,15140,766,2875,2.56e-05,0.2684,0.3631,0.1925,0.2557,0.362,0.1796
6,15160,786,2875,2.56e-05,0.3724,0.3202,0.2077,0.3563,0.3344,0.1963
6,15180,806,2875,2.56e-05,0.3836,0.4918,0.2138,0.3506,0.4922,0.2071
6,15200,826,2875,2.56e-05,0.3409,0.4405,0.224,0.3055,0.4146,0.2066
6,15220,846,2875,2.56e-05,0.3072,0.4981,0.2065,0.3028,0.4943,0.2027
6,15240,866,2875,2.56e-05,0.2973,0.3615,0.2091,0.2961,0.3215,0.1939
6,15260,886,2875,2.56e-05,0.2213,0.3927,0.2148,0.2061,0.3916,0.2044
6,15280,906,2875,2.56e-05,0.3492,0.383,0.216,0.3301,0.3848,0.2122
6,15300,926,2875,2.56e-05,0.2105,0.3352,0.1798,0.2015,0.3156,0.1632
6,15320,946,2875,2.56e-05,0.2835,0.3393,0.1889,0.281,0.2944,0.1669
6,15340,966,2875,2.56e-05,0.3089,0.3934,0.2101,0.2909,0.3353,0.1836
6,15360,986,2875,2.56e-05,0.2746,0.3506,0.2009,0.2667,0.3533,0.1982
6,15380,1006,2875,2.56e-05,0.2518,0.2911,0.1815,0.2296,0.2947,0.1658
6,15400,1026,2875,2.56e-05,0.3943,0.4446,0.2265,0.3855,0.4385,0.2165
6,15420,1046,2875,2.56e-05,0.235,0.2705,0.1736,0.2188,0.2791,0.165
6,15440,1066,2875,2.56e-05,0.2642,0.3782,0.1927,0.2562,0.3492,0.1867
6,15460,1086,2875,2.56e-05,0.2436,0.3617,0.2125,0.2406,0.3597,0.2097
6,15480,1106,2875,2.56e-05,0.2678,0.3278,0.192,0.2397,0.324,0.1845
6,15500,1126,2875,2.56e-05,0.3175,0.4206,0.227,0.2924,0.4265,0.2281
6,15520,1146,2875,2.56e-05,0.2679,0.291,0.1729,0.2682,0.2737,0.1623
6,15540,1166,2875,2.56e-05,0.3238,0.4339,0.1948,0.3224,0.4286,0.1803
6,15560,1186,2875,2.56e-05,0.402,0.3988,0.2321,0.3875,0.3423,0.2023
6,15580,1206,2875,2.56e-05,0.1994,0.319,0.1861,0.1938,0.325,0.1804
6,15600,1226,2875,2.56e-05,0.358,0.4545,0.2368,0.3566,0.4488,0.2227
6,15620,1246,2875,2.56e-05,0.3185,0.3912,0.2131,0.2977,0.3798,0.2005
6,15640,1266,2875,2.56e-05,0.3183,0.3516,0.2267,0.3077,0.3523,0.2105
6,15660,1286,2875,2.56e-05,0.3218,0.4644,0.2142,0.3508,0.4483,0.2049
6,15680,1306,2875,2.56e-05,0.2103,0.3675,0.2027,0.2024,0.3596,0.1978
6,15700,1326,2875,2.56e-05,0.2935,0.4181,0.2143,0.286,0.3992,0.2013
6,15720,1346,2875,2.56e-05,0.2829,0.3566,0.1931,0.2729,0.3338,0.1779
6,15740,1366,2875,2.56e-05,0.2844,0.3816,0.2067,0.2744,0.3644,0.195
6,15760,1386,2875,2.56e-05,0.2504,0.296,0.1912,0.2524,0.2799,0.1691
6,15780,1406,2875,2.56e-05,0.2954,0.3931,0.2236,0.2792,0.3568,0.2055
6,15800,1426,2875,2.56e-05,0.3548,0.3456,0.2009,0.3576,0.3566,0.1846
6,15820,1446,2875,2.56e-05,0.2745,0.3766,0.2007,0.2713,0.3517,0.1902
6,15840,1466,2875,2.56e-05,0.3076,0.3704,0.1979,0.2842,0.3652,0.1865
6,15860,1486,2875,2.56e-05,0.2929,0.3878,0.1885,0.2885,0.3541,0.1788
6,15880,1506,2875,2.56e-05,0.4192,0.3014,0.1867,0.4028,0.2747,0.1726
6,15900,1526,2875,2.56e-05,0.3813,0.3756,0.2214,0.3487,0.374,0.2141
6,15920,1546,2875,2.56e-05,0.2497,0.3071,0.1803,0.2438,0.31,0.1767
6,15940,1566,2875,2.56e-05,0.2517,0.257,0.173,0.2323,0.2645,0.1571
6,15960,1586,2875,2.56e-05,0.2889,0.3945,0.1859,0.2864,0.3822,0.1776
6,15980,1606,2875,2.56e-05,0.2671,0.401,0.2107,0.2543,0.39,0.1982
6,16000,1626,2875,2.56e-05,0.332,0.4075,0.1934,0.3608,0.3904,0.1935
6,16020,1646,2875,2.56e-05,0.2994,0.3205,0.2059,0.2902,0.3171,0.2003
6,16040,1666,2875,2.56e-05,0.3615,0.3462,0.196,0.3578,0.3441,0.1844
6,16060,1686,2875,2.56e-05,0.3066,0.2766,0.1884,0.2942,0.2767,0.1731
6,16080,1706,2875,2.56e-05,0.2531,0.345,0.1997,0.2495,0.3445,0.1889
6,16100,1726,2875,2.56e-05,0.2612,0.4216,0.2126,0.2453,0.3826,0.1929
6,16120,1746,2875,2.56e-05,0.2941,0.412,0.22,0.2837,0.4002,0.2104
6,16140,1766,2875,2.56e-05,0.2933,0.3184,0.1958,0.2761,0.314,0.1933
6,16160,1786,2875,2.56e-05,0.2811,0.3304,0.1733,0.2924,0.3143,0.1591
6,16180,1806,2875,2.56e-05,0.3809,0.3647,0.1896,0.3374,0.337,0.1782
6,16200,1826,2875,2.56e-05,0.2485,0.3481,0.1817,0.2471,0.3294,0.1731
6,16220,1846,2875,2.56e-05,0.3129,0.4119,0.2098,0.2865,0.4074,0.1985
6,16240,1866,2875,2.56e-05,0.2658,0.3589,0.2145,0.2528,0.338,0.1935
6,16260,1886,2875,2.56e-05,0.2579,0.3539,0.1881,0.258,0.336,0.179
6,16280,1906,2875,2.56e-05,0.2222,0.2817,0.1871,0.1995,0.2434,0.1672
6,16300,1926,2875,2.56e-05,0.2883,0.3127,0.1982,0.2697,0.2934,0.1818
6,16320,1946,2875,2.56e-05,0.3096,0.3991,0.1963,0.273,0.3696,0.1795
6,16340,1966,2875,2.56e-05,0.2487,0.4438,0.2016,0.2556,0.4333,0.1961
6,16360,1986,2875,2.56e-05,0.301,0.4346,0.2064,0.2896,0.4434,0.1987
6,16380,2006,2875,2.56e-05,0.5536,0.4058,0.2704,0.4721,0.4019,0.2625
6,16400,2026,2875,2.56e-05,0.3429,0.3987,0.2145,0.3258,0.3778,0.1879
6,16420,2046,2875,2.56e-05,0.382,0.4292,0.2201,0.3751,0.3875,0.214
6,16440,2066,2875,2.56e-05,0.287,0.429,0.2174,0.2622,0.3918,0.2084
6,16460,2086,2875,2.56e-05,0.2078,0.3118,0.1852,0.2013,0.3056,0.1758
6,16480,2106,2875,2.56e-05,0.2221,0.2742,0.182,0.2042,0.2787,0.178
6,16500,2126,2875,2.56e-05,0.3528,0.3064,0.1961,0.3333,0.3003,0.1816
6,16520,2146,2875,2.56e-05,0.2765,0.2969,0.1852,0.27,0.2986,0.1735
6,16540,2166,2875,2.56e-05,0.2739,0.4626,0.2174,0.268,0.4324,0.1988
6,16560,2186,2875,2.56e-05,0.221,0.364,0.1987,0.2182,0.3555,0.1923
6,16580,2206,2875,2.56e-05,0.3141,0.3431,0.2179,0.302,0.2954,0.1891
6,16600,2226,2875,2.56e-05,0.2953,0.3937,0.2026,0.3003,0.3949,0.189
6,16620,2246,2875,2.56e-05,0.2318,0.3061,0.1917,0.2198,0.2949,0.182
6,16640,2266,2875,2.56e-05,0.2838,0.3548,0.2081,0.2904,0.3565,0.2002
6,16660,2286,2875,2.56e-05,0.2855,0.3228,0.1632,0.2687,0.3147,0.1563
6,16680,2306,2875,2.56e-05,0.3002,0.2802,0.1982,0.3042,0.2506,0.1884
6,16700,2326,2875,2.56e-05,0.2571,0.2999,0.1931,0.247,0.3119,0.1868
6,16720,2346,2875,2.56e-05,0.2848,0.3544,0.2024,0.277,0.3428,0.1921
6,16740,2366,2875,2.56e-05,0.2477,0.3435,0.2009,0.2684,0.3378,0.198
6,16760,2386,2875,2.56e-05,0.291,0.4008,0.2095,0.2976,0.3925,0.1939
6,16780,2406,2875,2.56e-05,0.2718,0.4716,0.2178,0.2567,0.4683,0.2075
6,16800,2426,2875,2.56e-05,0.2836,0.4584,0.2313,0.2782,0.4306,0.2194
6,16820,2446,2875,2.56e-05,0.2182,0.245,0.1689,0.2041,0.2603,0.1657
6,16840,2466,2875,2.56e-05,0.2001,0.3988,0.1811,0.1927,0.3917,0.1727
6,16860,2486,2875,2.56e-05,0.273,0.3706,0.1916,0.2533,0.368,0.1875
6,16880,2506,2875,2.56e-05,0.2839,0.4483,0.2072,0.2866,0.4401,0.1976
6,16900,2526,2875,2.56e-05,0.3539,0.2675,0.1953,0.3085,0.2526,0.1744
6,16920,2546,2875,2.56e-05,0.3115,0.3259,0.2159,0.2973,0.3083,0.1997
6,16940,2566,2875,2.56e-05,0.2395,0.3286,0.1883,0.2393,0.324,0.1815
6,16960,2586,2875,2.56e-05,0.2703,0.341,0.1867,0.2662,0.3301,0.1729
6,16980,2606,2875,2.56e-05,0.2355,0.3238,0.1945,0.2229,0.3082,0.1725
6,17000,2626,2875,2.56e-05,0.2617,0.2922,0.1805,0.2214,0.3001,0.1799
6,17020,2646,2875,2.56e-05,0.2918,0.3253,0.1825,0.281,0.3346,0.1764
6,17040,2666,2875,2.56e-05,0.2846,0.3762,0.1907,0.2872,0.3563,0.1853
6,17060,2686,2875,2.56e-05,0.2466,0.2962,0.1899,0.2534,0.2838,0.1768
6,17080,2706,2875,2.56e-05,0.2332,0.2693,0.1849,0.2031,0.2499,0.1615
6,17100,2726,2875,2.56e-05,0.2513,0.3709,0.201,0.2491,0.3511,0.1873
6,17120,2746,2875,2.56e-05,0.2952,0.3878,0.2029,0.284,0.3745,0.1915
6,17140,2766,2875,2.56e-05,0.2051,0.37,0.1844,0.1848,0.3311,0.1743
6,17160,2786,2875,2.56e-05,0.3073,0.4347,0.2206,0.29,0.4174,0.2057
6,17180,2806,2875,2.56e-05,0.3015,0.3836,0.204,0.2905,0.3807,0.1924
6,17200,2826,2875,2.56e-05,0.2575,0.333,0.1937,0.2514,0.3212,0.1833
6,17220,2846,2875,2.56e-05,0.2344,0.2827,0.1835,0.2183,0.2615,0.1756
6,17240,2866,2875,2.56e-05,0.3638,0.3554,0.2012,0.3554,0.3674,0.184
7,17260,11,2875,2.54e-05,0.3144,0.4838,0.2248,0.3002,0.5064,0.2146
7,17280,31,2875,2.54e-05,0.2816,0.3832,0.2107,0.279,0.3695,0.198
7,17300,51,2875,2.54e-05,0.3353,0.4135,0.2245,0.3196,0.3667,0.2049
7,17320,71,2875,2.54e-05,0.2356,0.3912,0.2074,0.2354,0.3792,0.195
7,17340,91,2875,2.54e-05,0.2237,0.4541,0.2139,0.2246,0.4555,0.2152
7,17360,111,2875,2.54e-05,0.3189,0.4743,0.2148,0.3099,0.4303,0.202
7,17380,131,2875,2.54e-05,0.3541,0.3701,0.2068,0.333,0.3463,0.1922
7,17400,151,2875,2.54e-05,0.2876,0.337,0.1866,0.2863,0.3104,0.1739
7,17420,171,2875,2.54e-05,0.2582,0.3007,0.1737,0.2497,0.3049,0.1675
7,17440,191,2875,2.54e-05,0.3164,0.4065,0.2041,0.2723,0.3949,0.1938
7,17460,211,2875,2.54e-05,0.254,0.3382,0.183,0.2464,0.3025,0.1619
7,17480,231,2875,2.54e-05,0.2631,0.3172,0.1779,0.2551,0.3301,0.1779
7,17500,251,2875,2.54e-05,0.3316,0.4118,0.2164,0.3015,0.3867,0.1993
7,17520,271,2875,2.54e-05,0.2265,0.3655,0.1896,0.2136,0.3557,0.1824
7,17540,291,2875,2.54e-05,0.2966,0.3016,0.1856,0.3044,0.2985,0.1851
7,17560,311,2875,2.54e-05,0.2598,0.3921,0.2014,0.2524,0.3632,0.1963
7,17580,331,2875,2.54e-05,0.2934,0.3516,0.1974,0.2746,0.3382,0.1886
7,17600,351,2875,2.54e-05,0.3087,0.3573,0.1957,0.2997,0.3513,0.1891
7,17620,371,2875,2.54e-05,0.309,0.373,0.2247,0.2952,0.3585,0.2204
7,17640,391,2875,2.54e-05,0.2799,0.3457,0.215,0.2433,0.2539,0.171
7,17660,411,2875,2.54e-05,0.2711,0.3777,0.2141,0.2609,0.3567,0.2015
7,17680,431,2875,2.54e-05,0.202,0.2857,0.1933,0.1871,0.2894,0.1824
7,17700,451,2875,2.54e-05,0.3891,0.3748,0.2128,0.3722,0.3522,0.1984
7,17720,471,2875,2.54e-05,0.2304,0.3944,0.2122,0.2108,0.4028,0.2042
7,17740,491,2875,2.54e-05,0.3196,0.4448,0.2131,0.318,0.415,0.1946
7,17760,511,2875,2.54e-05,0.3184,0.3346,0.1758,0.3093,0.3166,0.1662
7,17780,531,2875,2.54e-05,0.2747,0.399,0.2215,0.2723,0.3918,0.2188
7,17800,551,2875,2.54e-05,0.2687,0.3158,0.1878,0.2461,0.3035,0.1783
7,17820,571,2875,2.54e-05,0.2732,0.3507,0.1943,0.2609,0.3486,0.1847
7,17840,591,2875,2.54e-05,0.2539,0.4547,0.2237,0.2468,0.4311,0.2185
7,17860,611,2875,2.54e-05,0.2763,0.2952,0.1806,0.2755,0.2918,0.1716
7,17880,631,2875,2.54e-05,0.2794,0.4126,0.2119,0.2621,0.4248,0.2122
7,17900,651,2875,2.54e-05,0.2983,0.3925,0.1996,0.2729,0.368,0.1877
7,17920,671,2875,2.54e-05,0.3105,0.3402,0.2038,0.3208,0.301,0.176
7,17940,691,2875,2.54e-05,0.2666,0.3239,0.1864,0.2645,0.3136,0.1779
7,17960,711,2875,2.54e-05,0.3476,0.253,0.1625,0.3698,0.2586,0.1561
7,17980,731,2875,2.54e-05,0.2042,0.3234,0.1899,0.1889,0.3201,0.189
7,18000,751,2875,2.54e-05,0.3633,0.4354,0.2147,0.3474,0.4273,0.2025
7,18020,771,2875,2.54e-05,0.3322,0.3154,0.2035,0.3161,0.3059,0.2011
7,18040,791,2875,2.54e-05,0.403,0.3878,0.2084,0.3576,0.3793,0.2012
7,18060,811,2875,2.54e-05,0.3039,0.3708,0.1958,0.2923,0.3455,0.1761
7,18080,831,2875,2.54e-05,0.3939,0.376,0.2157,0.3729,0.3598,0.2093
7,18100,851,2875,2.54e-05,0.2169,0.298,0.176,0.2183,0.3027,0.1696
7,18120,871,2875,2.54e-05,0.2848,0.4016,0.2009,0.2591,0.3603,0.1834
7,18140,891,2875,2.54e-05,0.3522,0.3072,0.2107,0.3521,0.2489,0.1643
7,18160,911,2875,2.54e-05,0.3639,0.3154,0.2157,0.3319,0.3098,0.1949
7,18180,931,2875,2.54e-05,0.3438,0.4258,0.2118,0.3235,0.3941,0.1973
7,18200,951,2875,2.54e-05,0.2463,0.334,0.1871,0.2361,0.3371,0.1829
7,18220,971,2875,2.54e-05,0.2585,0.3667,0.2041,0.2589,0.3506,0.1954
7,18240,991,2875,2.54e-05,0.2474,0.3218,0.1878,0.2502,0.3054,0.1786
7,18260,1011,2875,2.54e-05,0.3194,0.4309,0.2001,0.3108,0.4223,0.1932
7,18280,1031,2875,2.54e-05,0.2228,0.391,0.2158,0.2064,0.3542,0.2085
7,18300,1051,2875,2.54e-05,0.2602,0.3623,0.1872,0.2401,0.3104,0.1696
7,18320,1071,2875,2.54e-05,0.2053,0.2817,0.1782,0.1909,0.2747,0.1667
7,18340,1091,2875,2.54e-05,0.2703,0.395,0.2294,0.2675,0.3898,0.2257
7,18360,1111,2875,2.54e-05,0.2862,0.3524,0.1967,0.2959,0.3275,0.1875
7,18380,1131,2875,2.54e-05,0.2039,0.3585,0.1945,0.1934,0.3552,0.1921
7,18400,1151,2875,2.54e-05,0.2861,0.3595,0.218,0.2578,0.3528,0.2123
7,18420,1171,2875,2.54e-05,0.2712,0.3873,0.2038,0.253,0.3746,0.1845
7,18440,1191,2875,2.54e-05,0.2478,0.326,0.1904,0.2427,0.2937,0.1854
7,18460,1211,2875,2.54e-05,0.2665,0.3612,0.2005,0.2606,0.3406,0.1863
7,18480,1231,2875,2.54e-05,0.2371,0.3658,0.1899,0.2276,0.3697,0.1881
7,18500,1251,2875,2.54e-05,0.3083,0.4449,0.2393,0.2551,0.4,0.2131
7,18520,1271,2875,2.54e-05,0.2598,0.3473,0.2025,0.257,0.339,0.1927
7,18540,1291,2875,2.54e-05,0.2672,0.3161,0.1974,0.2618,0.303,0.1862
7,18560,1311,2875,2.54e-05,0.2546,0.3473,0.1755,0.2423,0.3505,0.1683
7,18580,1331,2875,2.54e-05,0.2206,0.3209,0.1805,0.2069,0.3242,0.1787
7,18600,1351,2875,2.54e-05,0.2558,0.3847,0.199,0.2628,0.3898,0.1946
7,18620,1371,2875,2.54e-05,0.3555,0.362,0.2126,0.3316,0.2862,0.1815
7,18640,1391,2875,2.54e-05,0.3467,0.3269,0.2123,0.3659,0.3228,0.2029
7,18660,1411,2875,2.54e-05,0.2206,0.3487,0.2201,0.2354,0.3245,0.2097
7,18680,1431,2875,2.54e-05,0.346,0.3253,0.2141,0.3172,0.2949,0.1954
7,18700,1451,2875,2.54e-05,0.3509,0.4497,0.1911,0.346,0.4595,0.1783
7,18720,1471,2875,2.54e-05,0.2353,0.519,0.2202,0.2282,0.5128,0.226
7,18740,1491,2875,2.54e-05,0.233,0.3056,0.1931,0.2297,0.3028,0.1841
7,18760,1511,2875,2.54e-05,0.3004,0.4764,0.2186,0.2661,0.4387,0.2043
7,18780,1531,2875,2.54e-05,0.3266,0.3377,0.2022,0.2805,0.3178,0.1848
7,18800,1551,2875,2.54e-05,0.3642,0.3724,0.2146,0.3342,0.3727,0.1984
7,18820,1571,2875,2.54e-05,0.2738,0.4005,0.2082,0.2685,0.414,0.2071
7,18840,1591,2875,2.54e-05,0.2269,0.3383,0.1865,0.2145,0.3447,0.1825
7,18860,1611,2875,2.54e-05,0.3054,0.3968,0.2036,0.2798,0.366,0.1869
7,18880,1631,2875,2.54e-05,0.3078,0.3824,0.1967,0.2769,0.3366,0.1915
7,18900,1651,2875,2.54e-05,0.3072,0.2997,0.1895,0.2865,0.2998,0.1834
7,18920,1671,2875,2.54e-05,0.2287,0.3399,0.1918,0.2313,0.3415,0.1826
7,18940,1691,2875,2.54e-05,0.2156,0.2798,0.1858,0.2145,0.2781,0.1758
7,18960,1711,2875,2.54e-05,0.3481,0.3397,0.2113,0.3219,0.3267,0.1996
7,18980,1731,2875,2.54e-05,0.288,0.3089,0.1934,0.2502,0.2888,0.1752
7,19000,1751,2875,2.54e-05,0.2394,0.2776,0.1783,0.2108,0.2708,0.1684
7,19020,1771,2875,2.54e-05,0.2894,0.3415,0.2017,0.2743,0.3277,0.1859
7,19040,1791,2875,2.54e-05,0.3689,0.3284,0.2185,0.3212,0.3138,0.2061
7,19060,1811,2875,2.54e-05,0.2934,0.4466,0.2203,0.2673,0.4248,0.2082
7,19080,1831,2875,2.54e-05,0.3451,0.3946,0.2188,0.3456,0.3542,0.2035
7,19100,1851,2875,2.54e-05,0.3654,0.3855,0.208,0.3256,0.3529,0.1938
7,19120,1871,2875,2.54e-05,0.2247,0.2706,0.169,0.1987,0.2624,0.1621
7,19140,1891,2875,2.54e-05,0.2459,0.3778,0.1853,0.2579,0.3651,0.1798
7,19160,1911,2875,2.54e-05,0.2864,0.3851,0.2211,0.2595,0.3569,0.2075
7,19180,1931,2875,2.54e-05,0.2295,0.3298,0.1729,0.2156,0.316,0.1671
7,19200,1951,2875,2.54e-05,0.197,0.3182,0.1957,0.173,0.3077,0.1868
7,19220,1971,2875,2.54e-05,0.2949,0.4169,0.1997,0.2884,0.4081,0.1935
7,19240,1991,2875,2.54e-05,0.3077,0.3482,0.2065,0.338,0.2985,0.1758
7,19260,2011,2875,2.54e-05,0.4351,0.4458,0.2251,0.3901,0.3877,0.1801
7,19280,2031,2875,2.54e-05,0.3197,0.3032,0.1835,0.3108,0.3045,0.1793
7,19300,2051,2875,2.54e-05,0.235,0.3441,0.1888,0.2353,0.3307,0.176
7,19320,2071,2875,2.54e-05,0.2701,0.4112,0.1926,0.2613,0.377,0.1813
7,19340,2091,2875,2.54e-05,0.24,0.3725,0.2016,0.2348,0.3593,0.192
7,19360,2111,2875,2.54e-05,0.2687,0.3135,0.1954,0.2467,0.3015,0.185
7,19380,2131,2875,2.54e-05,0.3104,0.3509,0.198,0.3313,0.3514,0.1912
7,19400,2151,2875,2.54e-05,0.2734,0.48,0.2062,0.2882,0.451,0.1942
7,19420,2171,2875,2.54e-05,0.3272,0.3614,0.2023,0.3227,0.3544,0.1885
7,19440,2191,2875,2.54e-05,0.2955,0.2677,0.183,0.2592,0.2504,0.1697
7,19460,2211,2875,2.54e-05,0.3757,0.3986,0.2088,0.355,0.3612,0.2128
7,19480,2231,2875,2.54e-05,0.3133,0.327,0.1995,0.2879,0.3424,0.1918
7,19500,2251,2875,2.54e-05,0.2591,0.3922,0.201,0.2486,0.413,0.1968
7,19520,2271,2875,2.54e-05,0.2495,0.2405,0.1669,0.2421,0.2344,0.1631
7,19540,2291,2875,2.54e-05,0.2929,0.3342,0.208,0.2918,0.3292,0.1977
7,19560,2311,2875,2.54e-05,0.2741,0.3968,0.201,0.2632,0.3592,0.1851
7,19580,2331,2875,2.54e-05,0.2923,0.2843,0.1892,0.2705,0.2732,0.1821
7,19600,2351,2875,2.54e-05,0.2323,0.3258,0.1961,0.2078,0.3005,0.1769
7,19620,2371,2875,2.54e-05,0.2499,0.3336,0.2038,0.2483,0.3426,0.2114
7,19640,2391,2875,2.54e-05,0.2747,0.3889,0.1961,0.2826,0.3861,0.1929
7,19660,2411,2875,2.54e-05,0.3295,0.355,0.2132,0.2945,0.3349,0.1983
7,19680,2431,2875,2.54e-05,0.2946,0.3788,0.1815,0.2919,0.3651,0.1722
7,19700,2451,2875,2.54e-05,0.3876,0.3904,0.2318,0.3561,0.3789,0.2224
7,19720,2471,2875,2.54e-05,0.3186,0.2915,0.1906,0.3076,0.2936,0.1788
7,19740,2491,2875,2.54e-05,0.2493,0.3184,0.189,0.2427,0.3175,0.1838
7,19760,2511,2875,2.54e-05,0.2878,0.4269,0.2205,0.2755,0.3992,0.1991
7,19780,2531,2875,2.54e-05,0.3427,0.3398,0.2041,0.3466,0.3158,0.196
7,19800,2551,2875,2.54e-05,0.2585,0.2641,0.1814,0.231,0.2492,0.1739
7,19820,2571,2875,2.54e-05,0.2004,0.3016,0.1932,0.1858,0.2981,0.1855
7,19840,2591,2875,2.54e-05,0.3098,0.3174,0.1794,0.2762,0.3039,0.1619
7,19860,2611,2875,2.54e-05,0.3341,0.4068,0.1976,0.3275,0.3913,0.1891
7,19880,2631,2875,2.54e-05,0.2407,0.3849,0.1931,0.2396,0.3828,0.1928
7,19900,2651,2875,2.54e-05,0.2961,0.3057,0.1975,0.28,0.3098,0.1892
7,19920,2671,2875,2.54e-05,0.3047,0.3767,0.1992,0.2947,0.3536,0.1947
7,19940,2691,2875,2.54e-05,0.2814,0.3838,0.2021,0.2588,0.3455,0.184
7,19960,2711,2875,2.54e-05,0.2684,0.3,0.1862,0.2407,0.2969,0.1806
7,19980,2731,2875,2.54e-05,0.2875,0.352,0.1887,0.2713,0.329,0.1775
7,20000,2751,2875,2.54e-05,0.3637,0.3867,0.2154,0.362,0.3616,0.215
7,20020,2771,2875,2.54e-05,0.2743,0.2576,0.1621,0.2855,0.2342,0.1519
7,20040,2791,2875,2.54e-05,0.532,0.3497,0.2058,0.4818,0.308,0.1896
7,20060,2811,2875,2.54e-05,0.2692,0.4985,0.2066,0.276,0.4758,0.2052
7,20080,2831,2875,2.54e-05,0.285,0.3261,0.1796,0.2778,0.3023,0.1701
7,20100,2851,2875,2.54e-05,0.214,0.3604,0.1995,0.2088,0.3673,0.1988
7,20120,2871,2875,2.54e-05,0.3138,0.4469,0.2046,0.3263,0.4775,0.2046
8,20140,16,2875,2.51e-05,0.2706,0.3423,0.1802,0.2726,0.3324,0.1726
8,20160,36,2875,2.51e-05,0.2771,0.3157,0.1895,0.2711,0.3085,0.1745
8,20180,56,2875,2.51e-05,0.3261,0.3398,0.2212,0.292,0.3357,0.2135
8,20200,76,2875,2.51e-05,0.2381,0.3621,0.1856,0.2395,0.3311,0.1729
8,20220,96,2875,2.51e-05,0.2888,0.4107,0.2081,0.3006,0.4076,0.2013
8,20240,116,2875,2.51e-05,0.3023,0.402,0.214,0.3056,0.401,0.2096
8,20260,136,2875,2.51e-05,0.3481,0.3483,0.2181,0.3247,0.3409,0.2081
8,20280,156,2875,2.51e-05,0.2858,0.3369,0.216,0.2664,0.3438,0.2193
8,20300,176,2875,2.51e-05,0.2981,0.3985,0.1918,0.2801,0.3938,0.1818
8,20320,196,2875,2.51e-05,0.2057,0.2833,0.1682,0.1966,0.2534,0.1527
8,20340,216,2875,2.51e-05,0.2999,0.4244,0.2123,0.2973,0.4047,0.2013
8,20360,236,2875,2.51e-05,0.2757,0.415,0.214,0.2857,0.3989,0.2141
8,20380,256,2875,2.51e-05,0.2726,0.3378,0.188,0.2463,0.3209,0.1775
8,20400,276,2875,2.51e-05,0.2231,0.3142,0.1959,0.2045,0.3004,0.1902
8,20420,296,2875,2.51e-05,0.3455,0.3668,0.2177,0.3607,0.3398,0.1982
8,20440,316,2875,2.51e-05,0.3446,0.3357,0.2038,0.3428,0.3202,0.1911
8,20460,336,2875,2.51e-05,0.1882,0.258,0.1852,0.1765,0.2574,0.1724
8,20480,356,2875,2.51e-05,0.2338,0.3388,0.1921,0.2233,0.3254,0.1852
8,20500,376,2875,2.51e-05,0.2559,0.3284,0.1985,0.2609,0.3217,0.1924
8,20520,396,2875,2.51e-05,0.2523,0.3385,0.2032,0.2404,0.3315,0.2008
8,20540,416,2875,2.51e-05,0.3317,0.3574,0.2079,0.3068,0.3468,0.1986
8,20560,436,2875,2.51e-05,0.3216,0.3537,0.2065,0.3046,0.3574,0.1973
8,20580,456,2875,2.51e-05,0.2677,0.3672,0.2097,0.2558,0.3559,0.2028
8,20600,476,2875,2.51e-05,0.2171,0.3003,0.1829,0.1957,0.291,0.1672
8,20620,496,2875,2.51e-05,0.3281,0.3364,0.2005,0.3101,0.3187,0.1881
8,20640,516,2875,2.51e-05,0.3634,0.3014,0.2043,0.3539,0.2159,0.1455
8,20660,536,2875,2.51e-05,0.2689,0.4241,0.1988,0.2531,0.3996,0.1927
8,20680,556,2875,2.51e-05,0.3112,0.2777,0.159,0.3049,0.2695,0.1522
8,20700,576,2875,2.51e-05,0.2521,0.3869,0.203,0.2519,0.3692,0.1885
8,20720,596,2875,2.51e-05,0.3041,0.5369,0.2242,0.3003,0.4984,0.2154
8,20740,616,2875,2.51e-05,0.3028,0.3186,0.1918,0.2822,0.3272,0.1864
8,20760,636,2875,2.51e-05,0.3325,0.3677,0.2009,0.2903,0.3399,0.1875
8,20780,656,2875,2.51e-05,0.2108,0.3364,0.1828,0.2241,0.3448,0.1801
8,20800,676,2875,2.51e-05,0.348,0.3218,0.1921,0.3319,0.3017,0.1841
8,20820,696,2875,2.51e-05,0.2352,0.4208,0.197,0.2414,0.4073,0.1919
8,20840,716,2875,2.51e-05,0.2507,0.4031,0.2272,0.2446,0.38,0.2161
8,20860,736,2875,2.51e-05,0.3041,0.3185,0.1876,0.283,0.317,0.1749
8,20880,756,2875,2.51e-05,0.2422,0.3628,0.1996,0.2306,0.3516,0.1934
8,20900,776,2875,2.51e-05,0.2998,0.3531,0.2008,0.2912,0.3341,0.1839
8,20920,796,2875,2.51e-05,0.3079,0.3834,0.21,0.2858,0.3843,0.2034
8,20940,816,2875,2.51e-05,0.2715,0.36,0.2054,0.2682,0.3465,0.1959
8,20960,836,2875,2.51e-05,0.3086,0.3249,0.1854,0.2793,0.3236,0.1739
8,20980,856,2875,2.51e-05,0.2868,0.2577,0.1697,0.2565,0.2642,0.1652
8,21000,876,2875,2.51e-05,0.3041,0.3779,0.2027,0.2775,0.3663,0.1955
8,21020,896,2875,2.51e-05,0.3598,0.325,0.1953,0.3158,0.318,0.1857
8,21040,916,2875,2.51e-05,0.3402,0.3979,0.206,0.3153,0.3771,0.1972
8,21060,936,2875,2.51e-05,0.2709,0.2524,0.1705,0.2517,0.2615,0.1675
8,21080,956,2875,2.51e-05,0.3346,0.3792,0.2014,0.3307,0.3642,0.194
8,21100,976,2875,2.51e-05,0.2888,0.3447,0.1833,0.282,0.3251,0.1678
8,21120,996,2875,2.51e-05,0.3007,0.3665,0.1934,0.2813,0.3438,0.1777
8,21140,1016,2875,2.51e-05,0.2542,0.3869,0.2209,0.2394,0.3595,0.2166
8,21160,1036,2875,2.51e-05,0.2989,0.3076,0.2002,0.286,0.3203,0.1976
8,21180,1056,2875,2.51e-05,0.2473,0.3405,0.1997,0.2361,0.3225,0.1912
8,21200,1076,2875,2.51e-05,0.3134,0.3748,0.2081,0.2985,0.3312,0.1861
8,21220,1096,2875,2.51e-05,0.2602,0.3845,0.1863,0.2535,0.3525,0.1769
8,21240,1116,2875,2.51e-05,0.2691,0.3787,0.1886,0.262,0.3569,0.178
8,21260,1136,2875,2.51e-05,0.3347,0.3584,0.202,0.3083,0.3518,0.1944
8,21280,1156,2875,2.51e-05,0.2867,0.3735,0.2153,0.2909,0.3474,0.1967
8,21300,1176,2875,2.51e-05,0.2833,0.3275,0.1688,0.2625,0.3138,0.1574
8,21320,1196,2875,2.51e-05,0.2382,0.3209,0.1951,0.2282,0.3063,0.192
8,21340,1216,2875,2.51e-05,0.245,0.3083,0.1881,0.2145,0.3037,0.18
8,21360,1236,2875,2.51e-05,0.3036,0.3711,0.1915,0.282,0.3878,0.1846
8,21380,1256,2875,2.51e-05,0.3706,0.3208,0.2097,0.3624,0.3077,0.2001
8,21400,1276,2875,2.51e-05,0.326,0.3404,0.192,0.308,0.3189,0.1802
8,21420,1296,2875,2.51e-05,0.2996,0.3434,0.1879,0.3093,0.3329,0.1803
8,21440,1316,2875,2.51e-05,0.2917,0.3056,0.1978,0.2675,0.2858,0.1893
8,21460,1336,2875,2.51e-05,0.2469,0.3802,0.2037,0.2308,0.3662,0.1953
8,21480,1356,2875,2.51e-05,0.2318,0.322,0.1883,0.221,0.3136,0.1764
8,21500,1376,2875,2.51e-05,0.3024,0.313,0.1724,0.2897,0.3015,0.155
8,21520,1396,2875,2.51e-05,0.3535,0.2989,0.1752,0.3365,0.2832,0.1604
8,21540,1416,2875,2.51e-05,0.2264,0.3677,0.2095,0.1968,0.3328,0.1926
8,21560,1436,2875,2.51e-05,0.2791,0.3652,0.1843,0.2684,0.3425,0.1769
8,21580,1456,2875,2.51e-05,0.2738,0.309,0.1914,0.2782,0.3057,0.1816
8,21600,1476,2875,2.51e-05,0.2795,0.3961,0.1996,0.2752,0.3815,0.1952
8,21620,1496,2875,2.51e-05,0.4178,0.4087,0.2221,0.4111,0.3929,0.2148
8,21640,1516,2875,2.51e-05,0.2593,0.4694,0.2081,0.24,0.4286,0.197
8,21660,1536,2875,2.51e-05,0.2174,0.3234,0.1426,0.2016,0.3313,0.1414
8,21680,1556,2875,2.51e-05,0.2389,0.3195,0.1895,0.2273,0.2979,0.1801
8,21700,1576,2875,2.51e-05,0.3088,0.2569,0.1795,0.2836,0.2332,0.1623
8,21720,1596,2875,2.51e-05,0.2571,0.3449,0.1827,0.2511,0.3354,0.1763
8,21740,1616,2875,2.51e-05,0.2539,0.416,0.2111,0.2575,0.4187,0.2094
8,21760,1636,2875,2.51e-05,0.3383,0.3935,0.2029,0.3229,0.3971,0.2021
8,21780,1656,2875,2.51e-05,0.3281,0.2852,0.1858,0.3048,0.2754,0.1731
8,21800,1676,2875,2.51e-05,0.2999,0.2969,0.1968,0.2882,0.2963,0.1894
8,21820,1696,2875,2.51e-05,0.2507,0.294,0.179,0.2383,0.2853,0.1682
8,21840,1716,2875,2.51e-05,0.2723,0.3662,0.1942,0.2688,0.3482,0.1829
8,21860,1736,2875,2.51e-05,0.3439,0.3655,0.183,0.3092,0.3553,0.1751
8,21880,1756,2875,2.51e-05,0.2739,0.3475,0.185,0.28,0.3092,0.1773
8,21900,1776,2875,2.51e-05,0.2524,0.3621,0.1835,0.2333,0.3518,0.1753
8,21920,1796,2875,2.51e-05,0.2762,0.3107,0.1812,0.2381,0.3127,0.1798
8,21940,1816,2875,2.51e-05,0.1738,0.2936,0.1726,0.1666,0.2575,0.1624
8,21960,1836,2875,2.51e-05,0.2458,0.3736,0.1989,0.238,0.371,0.1944
8,21980,1856,2875,2.51e-05,0.2378,0.2759,0.1637,0.2246,0.2982,0.1609
8,22000,1876,2875,2.51e-05,0.299,0.313,0.1957,0.3066,0.3296,0.1942
8,22020,1896,2875,2.51e-05,0.2473,0.2799,0.172,0.2316,0.2426,0.1528
8,22040,1916,2875,2.51e-05,0.3191,0.3841,0.1974,0.3053,0.3697,0.1896
8,22060,1936,2875,2.51e-05,0.3304,0.3792,0.2154,0.3297,0.3457,0.196
8,22080,1956,2875,2.51e-05,0.3193,0.4101,0.225,0.3272,0.4235,0.2283
8,22100,1976,2875,2.51e-05,0.3489,0.3439,0.1906,0.3214,0.322,0.1821
8,22120,1996,2875,2.51e-05,0.3725,0.3867,0.2024,0.3601,0.3567,0.1941
8,22140,2016,2875,2.51e-05,0.2982,0.3576,0.214,0.2826,0.3598,0.2073
8,22160,2036,2875,2.51e-05,0.2465,0.3447,0.1993,0.2359,0.329,0.1919
8,22180,2056,2875,2.51e-05,0.3087,0.3147,0.1924,0.3178,0.3114,0.1799
8,22200,2076,2875,2.51e-05,0.3161,0.3366,0.1871,0.309,0.3223,0.1745
8,22220,2096,2875,2.51e-05,0.3373,0.3468,0.1888,0.3425,0.3393,0.1829
8,22240,2116,2875,2.51e-05,0.2696,0.2809,0.1782,0.2628,0.2902,0.1727
8,22260,2136,2875,2.51e-05,0.2565,0.3208,0.1899,0.2468,0.3094,0.1805
8,22280,2156,2875,2.51e-05,0.2379,0.411,0.2033,0.2309,0.3971,0.197
8,22300,2176,2875,2.51e-05,0.3111,0.4144,0.179,0.2969,0.4365,0.1771
8,22320,2196,2875,2.51e-05,0.2008,0.2555,0.1673,0.1866,0.2323,0.1566
8,22340,2216,2875,2.51e-05,0.2964,0.332,0.1895,0.28,0.3141,0.1818
8,22360,2236,2875,2.51e-05,0.1916,0.3625,0.1987,0.1785,0.3426,0.2008
8,22380,2256,2875,2.51e-05,0.3234,0.3451,0.19,0.3185,0.3261,0.1809
8,22400,2276,2875,2.51e-05,0.3586,0.3417,0.1861,0.3689,0.2959,0.1643
8,22420,2296,2875,2.51e-05,0.2349,0.295,0.1729,0.249,0.2868,0.1633
8,22440,2316,2875,2.51e-05,0.2963,0.3308,0.2005,0.2794,0.3253,0.1884
8,22460,2336,2875,2.51e-05,0.3329,0.3472,0.178,0.3302,0.3292,0.1654
8,22480,2356,2875,2.51e-05,0.3092,0.4235,0.2068,0.2975,0.4138,0.205
8,22500,2376,2875,2.51e-05,0.3822,0.3757,0.2103,0.3578,0.3343,0.1877
8,22520,2396,2875,2.51e-05,0.3732,0.3621,0.2008,0.3428,0.3478,0.1832
8,22540,2416,2875,2.51e-05,0.368,0.3824,0.1965,0.371,0.375,0.1854
8,22560,2436,2875,2.51e-05,0.2845,0.3472,0.1989,0.2528,0.3398,0.1885
8,22580,2456,2875,2.51e-05,0.3164,0.3148,0.1906,0.2987,0.3089,0.1795
8,22600,2476,2875,2.51e-05,0.2551,0.4491,0.2074,0.2419,0.4186,0.1841
8,22620,2496,2875,2.51e-05,0.3269,0.3628,0.1988,0.3042,0.3338,0.1851
8,22640,2516,2875,2.51e-05,0.2505,0.244,0.1803,0.2188,0.2252,0.1585
8,22660,2536,2875,2.51e-05,0.2793,0.2729,0.1842,0.2718,0.264,0.1772
8,22680,2556,2875,2.51e-05,0.2278,0.3058,0.1866,0.2332,0.3003,0.1792
8,22700,2576,2875,2.51e-05,0.3056,0.3189,0.2015,0.2818,0.2955,0.1891
8,22720,2596,2875,2.51e-05,0.2791,0.3128,0.1932,0.2495,0.2974,0.1735
8,22740,2616,2875,2.51e-05,0.3171,0.3418,0.1834,0.3047,0.3157,0.1632
8,22760,2636,2875,2.51e-05,0.3183,0.3918,0.2225,0.3087,0.3796,0.2106
8,22780,2656,2875,2.51e-05,0.2429,0.3134,0.1992,0.2316,0.3119,0.192
8,22800,2676,2875,2.51e-05,0.3058,0.3652,0.2181,0.3001,0.3368,0.198
8,22820,2696,2875,2.51e-05,0.2372,0.2696,0.1824,0.2285,0.2726,0.1799
8,22840,2716,2875,2.51e-05,0.2591,0.3764,0.2176,0.2441,0.3623,0.2112
8,22860,2736,2875,2.51e-05,0.2989,0.2565,0.1955,0.2566,0.2379,0.1765
8,22880,2756,2875,2.51e-05,0.2475,0.2381,0.1666,0.2329,0.2222,0.1538
8,22900,2776,2875,2.51e-05,0.2892,0.3442,0.1924,0.2765,0.3353,0.1809
8,22920,2796,2875,2.51e-05,0.2979,0.3632,0.2084,0.2827,0.3428,0.1959
8,22940,2816,2875,2.51e-05,0.3797,0.3052,0.2136,0.3643,0.2891,0.1987
8,22960,2836,2875,2.51e-05,0.3017,0.4325,0.221,0.2964,0.4282,0.2184
8,22980,2856,2875,2.51e-05,0.2387,0.317,0.1785,0.2214,0.306,0.169
9,23000,1,2875,2.47e-05,0.2385,0.342,0.1892,0.2232,0.3204,0.18
9,23020,21,2875,2.47e-05,0.318,0.3826,0.1915,0.3087,0.3904,0.1919
9,23040,41,2875,2.47e-05,0.287,0.3343,0.1945,0.2771,0.3173,0.1832
9,23060,61,2875,2.47e-05,0.2675,0.3647,0.1888,0.2655,0.3482,0.1807
9,23080,81,2875,2.47e-05,0.2776,0.2666,0.1878,0.2444,0.2485,0.1661
9,23100,101,2875,2.47e-05,0.2812,0.3891,0.1985,0.2553,0.3517,0.1763
9,23120,121,2875,2.47e-05,0.2056,0.3442,0.1885,0.1966,0.3249,0.1809
9,23140,141,2875,2.47e-05,0.309,0.399,0.1907,0.2754,0.3548,0.1709
9,23160,161,2875,2.47e-05,0.2609,0.3282,0.2085,0.2398,0.3336,0.1996
9,23180,181,2875,2.47e-05,0.2573,0.3384,0.1979,0.25,0.3317,0.1869
9,23200,201,2875,2.47e-05,0.265,0.4061,0.2291,0.2498,0.3764,0.2151
9,23220,221,2875,2.47e-05,0.3528,0.3714,0.2259,0.3335,0.3418,0.2129
9,23240,241,2875,2.47e-05,0.2204,0.3181,0.1835,0.2293,0.3046,0.1772
9,23260,261,2875,2.47e-05,0.2457,0.4294,0.2143,0.2523,0.4063,0.2083
9,23280,281,2875,2.47e-05,0.2765,0.2905,0.1818,0.2707,0.2821,0.1768
9,23300,301,2875,2.47e-05,0.2873,0.3866,0.1919,0.2832,0.3422,0.1741
9,23320,321,2875,2.47e-05,0.2536,0.4915,0.2026,0.238,0.4666,0.1998
9,23340,341,2875,2.47e-05,0.2778,0.2961,0.1819,0.296,0.2946,0.1745
9,23360,361,2875,2.47e-05,0.207,0.4536,0.2019,0.2144,0.4645,0.1937
9,23380,381,2875,2.47e-05,0.2406,0.4138,0.2144,0.2501,0.3829,0.2031
9,23400,401,2875,2.47e-05,0.3167,0.3866,0.1905,0.2912,0.3845,0.1877
9,23420,421,2875,2.47e-05,0.2293,0.3314,0.1846,0.2271,0.3308,0.18
9,23440,441,2875,2.47e-05,0.3208,0.3127,0.1822,0.2964,0.2847,0.174
9,23460,461,2875,2.47e-05,0.2651,0.4747,0.2182,0.235,0.4566,0.2087
9,23480,481,2875,2.47e-05,0.2959,0.3178,0.1955,0.2703,0.3413,0.1931
9,23500,501,2875,2.47e-05,0.2813,0.4165,0.2128,0.3151,0.3831,0.1984
9,23520,521,2875,2.47e-05,0.2894,0.2766,0.1758,0.2649,0.2587,0.1608
9,23540,541,2875,2.47e-05,0.3505,0.3513,0.2123,0.3351,0.3451,0.2064
9,23560,561,2875,2.47e-05,0.2915,0.3236,0.1723,0.284,0.2836,0.1622
9,23580,581,2875,2.47e-05,0.2966,0.4297,0.199,0.2844,0.4194,0.1882
9,23600,601,2875,2.47e-05,0.3505,0.4247,0.2211,0.3483,0.4004,0.2089
9,23620,621,2875,2.47e-05,0.2751,0.3158,0.192,0.2719,0.2959,0.1863
9,23640,641,2875,2.47e-05,0.3099,0.2618,0.1777,0.2694,0.2453,0.1687
9,23660,661,2875,2.47e-05,0.3368,0.4029,0.1994,0.3308,0.3948,0.1926
9,23680,681,2875,2.47e-05,0.3225,0.2783,0.1938,0.3097,0.2834,0.1821
9,23700,701,2875,2.47e-05,0.2923,0.4651,0.2526,0.2815,0.4364,0.2443
9,23720,721,2875,2.47e-05,0.3261,0.339,0.201,0.3431,0.3401,0.1935
9,23740,741,2875,2.47e-05,0.2664,0.3372,0.1928,0.2783,0.3156,0.1896
9,23760,761,2875,2.47e-05,0.2416,0.3764,0.1867,0.2311,0.378,0.1853
9,23780,781,2875,2.47e-05,0.2582,0.3436,0.1961,0.2387,0.3034,0.1728
9,23800,801,2875,2.47e-05,0.1996,0.4209,0.2001,0.2108,0.3974,0.1921
9,23820,821,2875,2.47e-05,0.3039,0.4237,0.2058,0.3051,0.4301,0.1979
9,23840,841,2875,2.47e-05,0.2044,0.3714,0.1773,0.198,0.3511,0.1736
9,23860,861,2875,2.47e-05,0.2958,0.3932,0.1961,0.2875,0.3898,0.1914
9,23880,881,2875,2.47e-05,0.2227,0.3956,0.1951,0.2004,0.3796,0.1908
9,23900,901,2875,2.47e-05,0.3568,0.3809,0.1895,0.3243,0.343,0.1786
9,23920,921,2875,2.47e-05,0.2344,0.3551,0.1921,0.2157,0.3593,0.1873
9,23940,941,2875,2.47e-05,0.2193,0.2643,0.1563,0.2155,0.2742,0.1515
9,23960,961,2875,2.47e-05,0.1952,0.3203,0.1744,0.1886,0.3212,0.1724
9,23980,981,2875,2.47e-05,0.3412,0.4671,0.2207,0.3303,0.4135,0.1936
9,24000,1001,2875,2.47e-05,0.3205,0.2879,0.181,0.2835,0.2813,0.1711
9,24020,1021,2875,2.47e-05,0.2476,0.3682,0.1902,0.2598,0.3799,0.187
9,24040,1041,2875,2.47e-05,0.2845,0.4138,0.2126,0.2703,0.4137,0.2103
9,24060,1061,2875,2.47e-05,0.2306,0.4161,0.2234,0.2155,0.4149,0.2316
9,24080,1081,2875,2.47e-05,0.2015,0.2924,0.1666,0.2009,0.2888,0.155
9,24100,1101,2875,2.47e-05,0.2174,0.2984,0.1721,0.2062,0.2929,0.1691
9,24120,1121,2875,2.47e-05,0.2569,0.2726,0.1765,0.2399,0.2622,0.1669
9,24140,1141,2875,2.47e-05,0.2723,0.2735,0.1766,0.2626,0.2719,0.1699
9,24160,1161,2875,2.47e-05,0.3822,0.2988,0.1937,0.3325,0.2549,0.1595
9,24180,1181,2875,2.47e-05,0.2492,0.3961,0.2062,0.2409,0.3871,0.1986
9,24200,1201,2875,2.47e-05,0.3138,0.3851,0.2095,0.2991,0.3715,0.2075
9,24220,1221,2875,2.47e-05,0.3718,0.3442,0.1874,0.3521,0.2724,0.1495
9,24240,1241,2875,2.47e-05,0.24,0.3361,0.1915,0.2283,0.3146,0.1756
9,24260,1261,2875,2.47e-05,0.2903,0.2764,0.1834,0.2832,0.2563,0.1697
9,24280,1281,2875,2.47e-05,0.2174,0.311,0.1779,0.2044,0.3018,0.1689
9,24300,1301,2875,2.47e-05,0.2531,0.3335,0.1871,0.2418,0.3198,0.18
9,24320,1321,2875,2.47e-05,0.3828,0.3373,0.2117,0.3626,0.3212,0.2014
9,24340,1341,2875,2.47e-05,0.3208,0.2774,0.1881,0.3252,0.2728,0.1795
9,24360,1361,2875,2.47e-05,0.3078,0.3411,0.1874,0.2973,0.3511,0.1866
9,24380,1381,2875,2.47e-05,0.3358,0.3718,0.213,0.3042,0.3524,0.2021
9,24400,1401,2875,2.47e-05,0.3126,0.3439,0.203,0.2854,0.322,0.1914
9,24420,1421,2875,2.47e-05,0.2505,0.3389,0.2053,0.2511,0.3169,0.1886
9,24440,1441,2875,2.47e-05,0.2416,0.2899,0.1811,0.2413,0.2898,0.1678
9,24460,1461,2875,2.47e-05,0.2942,0.404,0.2148,0.2951,0.4074,0.2105
9,24480,1481,2875,2.47e-05,0.2773,0.31,0.206,0.2615,0.2948,0.1856
9,24500,1501,2875,2.47e-05,0.2552,0.4465,0.2149,0.2374,0.396,0.1997
9,24520,1521,2875,2.47e-05,0.3558,0.3525,0.1973,0.3272,0.358,0.1872
9,24540,1541,2875,2.47e-05,0.2562,0.3081,0.1846,0.2441,0.2944,0.1721
9,24560,1561,2875,2.47e-05,0.2943,0.3741,0.2072,0.2748,0.3378,0.1913
9,24580,1581,2875,2.47e-05,0.3745,0.3052,0.189,0.3596,0.3048,0.1843
9,24600,1601,2875,2.47e-05,0.2876,0.3287,0.202,0.2838,0.3149,0.194
9,24620,1621,2875,2.47e-05,0.2687,0.3834,0.1798,0.2478,0.3608,0.1701
9,24640,1641,2875,2.47e-05,0.2986,0.2762,0.1854,0.2508,0.2435,0.167
9,24660,1661,2875,2.47e-05,0.2798,0.376,0.1976,0.2558,0.3494,0.1935
9,24680,1681,2875,2.47e-05,0.4109,0.3272,0.205,0.386,0.3008,0.1946
9,24700,1701,2875,2.47e-05,0.2535,0.3353,0.1993,0.2428,0.3282,0.1905
9,24720,1721,2875,2.47e-05,0.2201,0.2702,0.1718,0.2161,0.2784,0.1652
9,24740,1741,2875,2.47e-05,0.2245,0.3058,0.1928,0.2066,0.2949,0.1826
9,24760,1761,2875,2.47e-05,0.2362,0.2985,0.1752,0.2332,0.2727,0.1619
9,24780,1781,2875,2.47e-05,0.3923,0.3592,0.2196,0.3405,0.3244,0.208
9,24800,1801,2875,2.47e-05,0.2561,0.3636,0.1819,0.2464,0.342,0.174
9,24820,1821,2875,2.47e-05,0.3141,0.3453,0.1965,0.3094,0.3218,0.178
9,24840,1841,2875,2.47e-05,0.2191,0.4221,0.2103,0.2017,0.42,0.2089
9,24860,1861,2875,2.47e-05,0.5596,0.5185,0.1918,0.547,0.4196,0.1561
9,24880,1881,2875,2.47e-05,0.3715,0.3649,0.2118,0.3528,0.3387,0.1937
9,24900,1901,2875,2.47e-05,0.2655,0.3142,0.1866,0.2248,0.304,0.1754
9,24920,1921,2875,2.47e-05,0.1912,0.1788,0.1388,0.1715,0.2054,0.1395
9,24940,1941,2875,2.47e-05,0.2811,0.3016,0.1884,0.2816,0.302,0.1812
9,24960,1961,2875,2.47e-05,0.2427,0.32,0.2043,0.2403,0.3131,0.1967
9,24980,1981,2875,2.47e-05,0.2741,0.3741,0.207,0.2593,0.3566,0.1946
9,25000,2001,2875,2.47e-05,0.255,0.3347,0.2013,0.2503,0.3241,0.1922
9,25020,2021,2875,2.47e-05,0.2787,0.3893,0.1941,0.2882,0.3791,0.1882
9,25040,2041,2875,2.47e-05,0.2783,0.345,0.198,0.246,0.3264,0.1857
9,25060,2061,2875,2.47e-05,0.2428,0.3454,0.1985,0.2346,0.335,0.1897
9,25080,2081,2875,2.47e-05,0.3022,0.3746,0.2111,0.2811,0.3544,0.2015
9,25100,2101,2875,2.47e-05,0.2215,0.294,0.1821,0.2129,0.2898,0.1782
9,25120,2121,2875,2.47e-05,0.2939,0.4488,0.2349,0.2798,0.4328,0.2285
9,25140,2141,2875,2.47e-05,0.2337,0.3673,0.1934,0.2299,0.3532,0.188
9,25160,2161,2875,2.47e-05,0.2689,0.3213,0.1869,0.2512,0.3099,0.1725
9,25180,2181,2875,2.47e-05,0.2649,0.3779,0.1954,0.2576,0.3757,0.1928
9,25200,2201,2875,2.47e-05,0.341,0.4531,0.2236,0.312,0.437,0.2131
9,25220,2221,2875,2.47e-05,0.2869,0.3718,0.1927,0.2888,0.3706,0.1811
9,25240,2241,2875,2.47e-05,0.2372,0.2799,0.1708,0.2324,0.2818,0.165
9,25260,2261,2875,2.47e-05,0.3579,0.3404,0.2085,0.3457,0.3201,0.1986
9,25280,2281,2875,2.47e-05,0.262,0.3399,0.1789,0.2619,0.3208,0.1688
9,25300,2301,2875,2.47e-05,0.2332,0.3495,0.1986,0.2229,0.359,0.1966
9,25320,2321,2875,2.47e-05,0.2644,0.327,0.1764,0.2548,0.2921,0.1587
9,25340,2341,2875,2.47e-05,0.2625,0.3329,0.188,0.2547,0.3176,0.1781
9,25360,2361,2875,2.47e-05,0.3144,0.3412,0.198,0.3186,0.3425,0.1901
9,25380,2381,2875,2.47e-05,0.3353,0.3615,0.1956,0.3243,0.3229,0.1797
9,25400,2401,2875,2.47e-05,0.3085,0.317,0.1825,0.3024,0.3089,0.1775
9,25420,2421,2875,2.47e-05,0.3084,0.3334,0.1821,0.274,0.3194,0.1788
9,25440,2441,2875,2.47e-05,0.1938,0.28,0.1791,0.1764,0.2765,0.1792
9,25460,2461,2875,2.47e-05,0.2533,0.2771,0.1798,0.2499,0.2668,0.1777
9,25480,2481,2875,2.47e-05,0.289,0.3307,0.1724,0.2932,0.3004,0.1553
9,25500,2501,2875,2.47e-05,0.369,0.3313,0.2137,0.3592,0.3184,0.1991
9,25520,2521,2875,2.47e-05,0.2689,0.3718,0.1962,0.2634,0.3526,0.1884
9,25540,2541,2875,2.47e-05,0.2178,0.2665,0.1703,0.2166,0.2775,0.1683
9,25560,2561,2875,2.47e-05,0.3053,0.3051,0.1924,0.2747,0.2823,0.1788
9,25580,2581,2875,2.47e-05,0.328,0.409,0.2155,0.292,0.4091,0.2068
9,25600,2601,2875,2.47e-05,0.2163,0.3112,0.1938,0.1991,0.298,0.1895
9,25620,2621,2875,2.47e-05,0.3634,0.394,0.2213,0.376,0.3487,0.1961
9,25640,2641,2875,2.47e-05,0.3146,0.3503,0.2059,0.3149,0.3365,0.1991
9,25660,2661,2875,2.47e-05,0.2189,0.3373,0.1737,0.2172,0.3225,0.1679
9,25680,2681,2875,2.47e-05,0.2784,0.3191,0.184,0.255,0.3147,0.1759
9,25700,2701,2875,2.47e-05,0.2753,0.3552,0.1991,0.238,0.3455,0.1916
9,25720,2721,2875,2.47e-05,0.3624,0.3469,0.2005,0.3501,0.3382,0.1882
9,25740,2741,2875,2.47e-05,0.2972,0.353,0.1826,0.2635,0.3202,0.166
9,25760,2761,2875,2.47e-05,0.3135,0.2755,0.1601,0.2927,0.2536,0.149
9,25780,2781,2875,2.47e-05,0.3292,0.396,0.2132,0.318,0.3747,0.2062
9,25800,2801,2875,2.47e-05,0.2294,0.2842,0.1743,0.2039,0.2721,0.1593
9,25820,2821,2875,2.47e-05,0.2011,0.3033,0.1701,0.1773,0.3054,0.167
9,25840,2841,2875,2.47e-05,0.2991,0.3284,0.1983,0.2753,0.3324,0.1842
9,25860,2861,2875,2.47e-05,0.341,0.3829,0.2162,0.325,0.3645,0.2041
10,25880,6,2875,2.43e-05,0.3187,0.3354,0.1919,0.2983,0.2947,0.1762
10,25900,26,2875,2.43e-05,0.2864,0.328,0.1953,0.2933,0.3094,0.18
10,25920,46,2875,2.43e-05,0.2374,0.354,0.1908,0.223,0.3252,0.1733
10,25940,66,2875,2.43e-05,0.2656,0.3991,0.1983,0.2599,0.3986,0.1916
10,25960,86,2875,2.43e-05,0.318,0.3696,0.1994,0.3106,0.3593,0.189
10,25980,106,2875,2.43e-05,0.2748,0.3112,0.1966,0.2473,0.3115,0.1919
10,26000,126,2875,2.43e-05,0.3627,0.4069,0.1954,0.3781,0.3923,0.1879
10,26020,146,2875,2.43e-05,0.2744,0.3358,0.1837,0.2815,0.3286,0.1774
10,26040,166,2875,2.43e-05,0.318,0.362,0.1995,0.2949,0.3408,0.1888
10,26060,186,2875,2.43e-05,0.2229,0.3185,0.1698,0.2174,0.3024,0.1647
10,26080,206,2875,2.43e-05,0.3001,0.4335,0.189,0.2923,0.4137,0.1879
10,26100,226,2875,2.43e-05,0.3133,0.4108,0.1946,0.3119,0.3984,0.1936
10,26120,246,2875,2.43e-05,0.4298,0.4624,0.2291,0.3831,0.3978,0.2137
10,26140,266,2875,2.43e-05,0.3962,0.3591,0.2084,0.3284,0.291,0.1913
10,26160,286,2875,2.43e-05,0.3059,0.2916,0.1899,0.2803,0.2773,0.1765
10,26180,306,2875,2.43e-05,0.2912,0.427,0.1921,0.2734,0.3956,0.1859
10,26200,326,2875,2.43e-05,0.1938,0.2823,0.1714,0.1736,0.2634,0.1597
10,26220,346,2875,2.43e-05,0.2455,0.3857,0.1939,0.2219,0.3704,0.1868
10,26240,366,2875,2.43e-05,0.2462,0.3493,0.1774,0.2399,0.3427,0.1739
10,26260,386,2875,2.43e-05,0.2604,0.3211,0.1815,0.2479,0.3059,0.1797
10,26280,406,2875,2.43e-05,0.261,0.3556,0.1953,0.2303,0.3479,0.187
10,26300,426,2875,2.43e-05,0.2416,0.353,0.1895,0.2344,0.3274,0.1814
10,26320,446,2875,2.43e-05,0.2348,0.3169,0.183,0.2222,0.3078,0.1778
10,26340,466,2875,2.43e-05,0.3547,0.4031,0.2128,0.3216,0.3787,0.197
10,26360,486,2875,2.43e-05,0.3613,0.3318,0.2101,0.3358,0.3364,0.2006
10,26380,506,2875,2.43e-05,0.262,0.3674,0.1948,0.2599,0.345,0.1838
10,26400,526,2875,2.43e-05,0.4047,0.4976,0.2237,0.3845,0.4812,0.2132
10,26420,546,2875,2.43e-05,0.248,0.3156,0.1893,0.24,0.2917,0.1805
10,26440,566,2875,2.43e-05,0.2862,0.3903,0.2145,0.2836,0.3839,0.2117
10,26460,586,2875,2.43e-05,0.3933,0.3024,0.1806,0.3838,0.2824,0.169
10,26480,606,2875,2.43e-05,0.2632,0.3689,0.2018,0.2441,0.3505,0.193
10,26500,626,2875,2.43e-05,0.3269,0.4348,0.2141,0.3176,0.4078,0.2088
10,26520,646,2875,2.43e-05,0.3095,0.3883,0.2118,0.321,0.396,0.2149
10,26540,666,2875,2.43e-05,0.2888,0.3568,0.2088,0.2728,0.3599,0.2093
10,26560,686,2875,2.43e-05,0.2756,0.4242,0.2262,0.2645,0.4129,0.2157
10,26580,706,2875,2.43e-05,0.3556,0.4666,0.2156,0.3378,0.4393,0.2157
10,26600,726,2875,2.43e-05,0.2505,0.2952,0.1711,0.2236,0.2634,0.1611
10,26620,746,2875,2.43e-05,0.3705,0.3568,0.2255,0.3502,0.3398,0.2088
10,26640,766,2875,2.43e-05,0.329,0.4033,0.2054,0.3346,0.3642,0.1849
10,26660,786,2875,2.43e-05,0.2993,0.3595,0.2071,0.2748,0.3468,0.2005
10,26680,806,2875,2.43e-05,0.3455,0.3062,0.1827,0.3479,0.2932,0.1703
10,26700,826,2875,2.43e-05,0.2428,0.3027,0.1769,0.2419,0.2933,0.1693
10,26720,846,2875,2.43e-05,0.2602,0.3619,0.1878,0.237,0.3406,0.1822
10,26740,866,2875,2.43e-05,0.3084,0.3508,0.1923,0.2902,0.352,0.1821
10,26760,886,2875,2.43e-05,0.3419,0.2886,0.2027,0.2857,0.2711,0.1902
10,26780,906,2875,2.43e-05,0.3188,0.3654,0.2045,0.2855,0.3706,0.2059
10,26800,926,2875,2.43e-05,0.2126,0.3257,0.1709,0.1978,0.3163,0.1612
10,26820,946,2875,2.43e-05,0.2942,0.482,0.2041,0.2707,0.4604,0.1953
10,26840,966,2875,2.43e-05,0.1886,0.2601,0.1659,0.1533,0.2517,0.159
10,26860,986,2875,2.43e-05,0.2819,0.3841,0.2041,0.2729,0.3752,0.1957
10,26880,1006,2875,2.43e-05,0.2307,0.3863,0.1888,0.21,0.3796,0.1848
10,26900,1026,2875,2.43e-05,0.1666,0.3092,0.1735,0.1655,0.3051,0.1683
10,26920,1046,2875,2.43e-05,0.2937,0.3056,0.1814,0.2793,0.2926,0.1734
10,26940,1066,2875,2.43e-05,0.257,0.3116,0.1778,0.2378,0.3269,0.1733
10,26960,1086,2875,2.43e-05,0.3113,0.3015,0.1988,0.2679,0.2789,0.1886
10,26980,1106,2875,2.43e-05,0.2633,0.2893,0.1886,0.25,0.297,0.185
10,27000,1126,2875,2.43e-05,0.2719,0.3184,0.1976,0.2555,0.2962,0.188
10,27020,1146,2875,2.43e-05,0.2519,0.3234,0.1783,0.2378,0.3143,0.1727
10,27040,1166,2875,2.43e-05,0.2988,0.3566,0.176,0.2907,0.3368,0.1665
10,27060,1186,2875,2.43e-05,0.3901,0.293,0.1852,0.3513,0.2676,0.1758
10,27080,1206,2875,2.43e-05,0.2673,0.3938,0.1878,0.2504,0.3772,0.1829
10,27100,1226,2875,2.43e-05,0.2443,0.294,0.1664,0.2409,0.3129,0.1654
10,27120,1246,2875,2.43e-05,0.2163,0.3777,0.2,0.2082,0.3611,0.1957
10,27140,1266,2875,2.43e-05,0.1858,0.4052,0.1944,0.168,0.4023,0.1898
10,27160,1286,2875,2.43e-05,0.308,0.3279,0.1973,0.2907,0.3027,0.1868
10,27180,1306,2875,2.43e-05,0.2475,0.3298,0.1914,0.2408,0.3416,0.1902
10,27200,1326,2875,2.43e-05,0.3476,0.3294,0.1911,0.3224,0.3231,0.1768
10,27220,1346,2875,2.43e-05,0.2589,0.3636,0.197,0.251,0.3488,0.1886
10,27240,1366,2875,2.43e-05,0.2157,0.3422,0.1888,0.2045,0.3445,0.1853
10,27260,1386,2875,2.43e-05,0.3285,0.3929,0.2127,0.3079,0.3669,0.2018
10,27280,1406,2875,2.43e-05,0.2355,0.3176,0.2045,0.2279,0.3019,0.1943
10,27300,1426,2875,2.43e-05,0.2315,0.2953,0.1822,0.2098,0.2741,0.1759
10,27320,1446,2875,2.43e-05,0.3168,0.2942,0.1726,0.2897,0.2764,0.1601
10,27340,1466,2875,2.43e-05,0.2495,0.3472,0.1925,0.2482,0.3419,0.186
10,27360,1486,2875,2.43e-05,0.3243,0.3621,0.1927,0.3167,0.3591,0.1852
10,27380,1506,2875,2.43e-05,0.3066,0.3296,0.1885,0.2794,0.3146,0.1815
10,27400,1526,2875,2.43e-05,0.2215,0.2895,0.1729,0.1914,0.2807,0.1648
10,27420,1546,2875,2.43e-05,0.3337,0.3618,0.2062,0.345,0.3382,0.2036
10,27440,1566,2875,2.43e-05,0.3295,0.3314,0.1931,0.3262,0.3336,0.1937
10,27460,1586,2875,2.43e-05,0.5383,0.3456,0.231,0.5043,0.3394,0.2341
10,27480,1606,2875,2.43e-05,0.2877,0.3371,0.1924,0.2832,0.3395,0.1849
10,27500,1626,2875,2.43e-05,0.3498,0.4104,0.2202,0.3425,0.3903,0.2115
10,27520,1646,2875,2.43e-05,0.1861,0.31,0.1928,0.1556,0.2977,0.1783
10,27540,1666,2875,2.43e-05,0.2139,0.3228,0.1801,0.2049,0.3187,0.1708
10,27560,1686,2875,2.43e-05,0.2954,0.386,0.1895,0.2851,0.3698,0.1859
10,27580,1706,2875,2.43e-05,0.2286,0.3781,0.1986,0.2107,0.374,0.1904
10,27600,1726,2875,2.43e-05,0.2569,0.3293,0.1782,0.2395,0.3145,0.1724
10,27620,1746,2875,2.43e-05,0.3002,0.3984,0.2002,0.2807,0.377,0.1921
10,27640,1766,2875,2.43e-05,0.2568,0.4295,0.191,0.2521,0.4218,0.1854
10,27660,1786,2875,2.43e-05,0.2788,0.3068,0.1891,0.2742,0.3134,0.1869
10,27680,1806,2875,2.43e-05,0.2497,0.4043,0.2191,0.2459,0.378,0.2092
10,27700,1826,2875,2.43e-05,0.237,0.3343,0.2009,0.2208,0.311,0.1906
10,27720,1846,2875,2.43e-05,0.2866,0.3547,0.1783,0.2853,0.3439,0.1695
10,27740,1866,2875,2.43e-05,0.2971,0.3338,0.1998,0.3061,0.3066,0.1927
10,27760,1886,2875,2.43e-05,0.2879,0.2703,0.1672,0.2552,0.2707,0.1612
10,27780,1906,2875,2.43e-05,0.3345,0.4176,0.2169,0.3209,0.3983,0.2159
10,27800,1926,2875,2.43e-05,0.2285,0.3113,0.1803,0.2228,0.3003,0.1755
10,27820,1946,2875,2.43e-05,0.3023,0.3491,0.1815,0.2984,0.3341,0.1703
10,27840,1966,2875,2.43e-05,0.3466,0.3023,0.1914,0.3282,0.3007,0.1845
10,27860,1986,2875,2.43e-05,0.2564,0.3481,0.1878,0.2441,0.3434,0.1811
10,27880,2006,2875,2.43e-05,0.2986,0.3993,0.2079,0.2835,0.371,0.1988
10,27900,2026,2875,2.43e-05,0.3131,0.2378,0.1949,0.2659,0.203,0.1788
10,27920,2046,2875,2.43e-05,0.2506,0.3196,0.1836,0.2471,0.2821,0.1722
10,27940,2066,2875,2.43e-05,0.217,0.2695,0.1631,0.2081,0.2484,0.1509
10,27960,2086,2875,2.43e-05,0.2512,0.3826,0.198,0.247,0.3818,0.1978
10,27980,2106,2875,2.43e-05,0.3115,0.3495,0.1853,0.2997,0.3144,0.1679
10,28000,2126,2875,2.43e-05,0.2716,0.4647,0.2061,0.251,0.4392,0.2043
10,28020,2146,2875,2.43e-05,0.3065,0.3415,0.1977,0.255,0.3081,0.1799
10,28040,2166,2875,2.43e-05,0.3149,0.2682,0.1769,0.3087,0.25,0.1656
10,28060,2186,2875,2.43e-05,0.3077,0.4015,0.2055,0.3083,0.3927,0.1958
10,28080,2206,2875,2.43e-05,0.3091,0.3963,0.2214,0.3022,0.385,0.2196
10,28100,2226,2875,2.43e-05,0.1802,0.2597,0.1572,0.1624,0.2437,0.1543
10,28120,2246,2875,2.43e-05,0.3201,0.3654,0.1914,0.3207,0.3606,0.1838
10,28140,2266,2875,2.43e-05,0.1551,0.2701,0.1545,0.1377,0.2605,0.1513
10,28160,2286,2875,2.43e-05,0.2346,0.3285,0.1843,0.2247,0.3296,0.1789
10,28180,2306,2875,2.43e-05,0.2324,0.3806,0.1873,0.2284,0.397,0.1867
10,28200,2326,2875,2.43e-05,0.2816,0.3961,0.2074,0.2866,0.4155,0.1987
10,28220,2346,2875,2.43e-05,0.2856,0.3982,0.2006,0.2679,0.3837,0.2012
10,28240,2366,2875,2.43e-05,0.3686,0.3658,0.1912,0.3539,0.3591,0.1855
10,28260,2386,2875,2.43e-05,0.385,0.3571,0.1992,0.3706,0.322,0.185
10,28280,2406,2875,2.43e-05,0.2814,0.3496,0.1898,0.2908,0.3369,0.1788
10,28300,2426,2875,2.43e-05,0.2989,0.3873,0.2091,0.2965,0.4013,0.2045
10,28320,2446,2875,2.43e-05,0.2213,0.3689,0.1898,0.194,0.368,0.187
10,28340,2466,2875,2.43e-05,0.3163,0.4004,0.2061,0.3174,0.3895,0.2008
10,28360,2486,2875,2.43e-05,0.1932,0.3424,0.1662,0.192,0.3361,0.1604
10,28380,2506,2875,2.43e-05,0.283,0.3684,0.1944,0.2737,0.3489,0.1936
10,28400,2526,2875,2.43e-05,0.2341,0.3521,0.1853,0.2338,0.3457,0.1748
10,28420,2546,2875,2.43e-05,0.2866,0.3699,0.1887,0.2748,0.3426,0.1825
10,28440,2566,2875,2.43e-05,0.2472,0.2785,0.1859,0.2296,0.277,0.1857
10,28460,2586,2875,2.43e-05,0.2938,0.3386,0.1841,0.2665,0.3055,0.1768
10,28480,2606,2875,2.43e-05,0.2791,0.2613,0.1693,0.2635,0.2429,0.1563
10,28500,2626,2875,2.43e-05,0.233,0.3902,0.1769,0.2249,0.3742,0.169
10,28520,2646,2875,2.43e-05,0.2239,0.3209,0.1887,0.2176,0.3069,0.1835
10,28540,2666,2875,2.43e-05,0.3562,0.3897,0.1949,0.3487,0.3718,0.1784
10,28560,2686,2875,2.43e-05,0.2394,0.3089,0.1685,0.2169,0.285,0.1552
10,28580,2706,2875,2.43e-05,0.2405,0.2548,0.1651,0.242,0.2482,0.1569
10,28600,2726,2875,2.43e-05,0.2175,0.2788,0.1744,0.2015,0.2634,0.163
10,28620,2746,2875,2.43e-05,0.2366,0.3817,0.2067,0.2257,0.3753,0.1976
10,28640,2766,2875,2.43e-05,0.2164,0.3504,0.1822,0.2169,0.3536,0.1788
10,28660,2786,2875,2.43e-05,0.2796,0.3202,0.172,0.2595,0.2875,0.1623
10,28680,2806,2875,2.43e-05,0.2544,0.3168,0.1979,0.2402,0.2792,0.1746
10,28700,2826,2875,2.43e-05,0.2786,0.3225,0.193,0.2549,0.3057,0.1867
10,28720,2846,2875,2.43e-05,0.4641,0.3257,0.1776,0.4027,0.2921,0.1546
10,28740,2866,2875,2.43e-05,0.2626,0.4148,0.2002,0.2528,0.3929,0.1963
11,28760,11,2875,2.39e-05,0.3434,0.3593,0.2122,0.3542,0.3269,0.1892
11,28780,31,2875,2.39e-05,0.2916,0.2703,0.1795,0.297,0.2546,0.1717
11,28800,51,2875,2.39e-05,0.2108,0.2882,0.1627,0.2139,0.2713,0.1575
11,28820,71,2875,2.39e-05,0.2741,0.2937,0.1906,0.2537,0.2886,0.1864
11,28840,91,2875,2.39e-05,0.3116,0.4149,0.2067,0.2866,0.3924,0.1915
11,28860,111,2875,2.39e-05,0.2643,0.3744,0.2004,0.2555,0.3653,0.1935
11,28880,131,2875,2.39e-05,0.3291,0.3851,0.2049,0.3012,0.3782,0.1946
11,28900,151,2875,2.39e-05,0.2111,0.2784,0.1636,0.1907,0.2646,0.1581
11,28920,171,2875,2.39e-05,0.2344,0.3766,0.1746,0.2192,0.3593,0.1709
11,28940,191,2875,2.39e-05,0.3279,0.3257,0.2017,0.3045,0.3121,0.2002
11,28960,211,2875,2.39e-05,0.274,0.3142,0.1899,0.2253,0.3012,0.1789
11,28980,231,2875,2.39e-05,0.3436,0.3716,0.1985,0.3383,0.359,0.1868
11,29000,251,2875,2.39e-05,0.346,0.3877,0.2163,0.3371,0.371,0.2096
11,29020,271,2875,2.39e-05,0.2201,0.3302,0.1973,0.2085,0.328,0.1906
11,29040,291,2875,2.39e-05,0.2781,0.3931,0.1985,0.2836,0.3815,0.1894
11,29060,311,2875,2.39e-05,0.2393,0.3109,0.1861,0.2126,0.2961,0.177
11,29080,331,2875,2.39e-05,0.2956,0.3217,0.1951,0.2806,0.3089,0.1901
11,29100,351,2875,2.39e-05,0.3109,0.324,0.2013,0.2851,0.281,0.1753
11,29120,371,2875,2.39e-05,0.2404,0.3138,0.192,0.2442,0.3176,0.1961
11,29140,391,2875,2.39e-05,0.294,0.3778,0.1815,0.2893,0.3601,0.1709
11,29160,411,2875,2.39e-05,0.252,0.3073,0.1756,0.2252,0.277,0.1618
11,29180,431,2875,2.39e-05,0.1658,0.2475,0.1732,0.1507,0.2323,0.1647
11,29200,451,2875,2.39e-05,0.2374,0.3144,0.1854,0.215,0.2975,0.1776
11,29220,471,2875,2.39e-05,0.3949,0.3735,0.1973,0.3683,0.3553,0.1864
11,29240,491,2875,2.39e-05,0.3134,0.4021,0.2188,0.2907,0.3922,0.2122
11,29260,511,2875,2.39e-05,0.2571,0.3085,0.2012,0.227,0.2859,0.1933
11,29280,531,2875,2.39e-05,0.2505,0.3502,0.2008,0.2378,0.3261,0.1888
11,29300,551,2875,2.39e-05,0.3236,0.3789,0.2022,0.3159,0.3596,0.1885
11,29320,571,2875,2.39e-05,0.2596,0.3815,0.201,0.2702,0.3727,0.193
11,29340,591,2875,2.39e-05,0.2698,0.3112,0.197,0.2578,0.3096,0.1894
11,29360,611,2875,2.39e-05,0.3606,0.3644,0.1846,0.3396,0.3439,0.1772
11,29380,631,2875,2.39e-05,0.2578,0.3329,0.1775,0.2472,0.2997,0.1608
11,29400,651,2875,2.39e-05,0.204,0.3147,0.1869,0.2159,0.2996,0.1854
11,29420,671,2875,2.39e-05,0.248,0.253,0.1669,0.2176,0.2461,0.1555
11,29440,691,2875,2.39e-05,0.262,0.3156,0.2019,0.2498,0.3193,0.1974
11,29460,711,2875,2.39e-05,0.2581,0.3199,0.1687,0.2558,0.3024,0.1626
11,29480,731,2875,2.39e-05,0.2991,0.4514,0.1959,0.2685,0.4101,0.1899
11,29500,751,2875,2.39e-05,0.2854,0.3701,0.1849,0.3114,0.3563,0.177
11,29520,771,2875,2.39e-05,0.4119,0.4474,0.2101,0.3973,0.4371,0.2024
11,29540,791,2875,2.39e-05,0.3708,0.3117,0.1824,0.3601,0.2985,0.1739
11,29560,811,2875,2.39e-05,0.2333,0.3213,0.1775,0.2253,0.325,0.1715
11,29580,831,2875,2.39e-05,0.2372,0.4088,0.1929,0.2256,0.3848,0.1905
11,29600,851,2875,2.39e-05,0.319,0.3789,0.205,0.3035,0.3599,0.1969
11,29620,871,2875,2.39e-05,0.3157,0.3399,0.1814,0.2906,0.3111,0.176
11,29640,891,2875,2.39e-05,0.3381,0.2619,0.1741,0.3471,0.2438,0.1598
11,29660,911,2875,2.39e-05,0.2637,0.3908,0.1876,0.2427,0.3784,0.1822
11,29680,931,2875,2.39e-05,0.3183,0.3905,0.1864,0.2976,0.4034,0.1867
11,29700,951,2875,2.39e-05,0.3423,0.2834,0.171,0.3017,0.2826,0.1666
11,29720,971,2875,2.39e-05,0.2708,0.4226,0.1991,0.2585,0.4317,0.2022
11,29740,991,2875,2.39e-05,0.271,0.3058,0.1663,0.264,0.3175,0.1631
11,29760,1011,2875,2.39e-05,0.2433,0.3285,0.1816,0.2333,0.32,0.1772
11,29780,1031,2875,2.39e-05,0.2369,0.2709,0.1747,0.2103,0.2594,0.1555
11,29800,1051,2875,2.39e-05,0.2564,0.3434,0.2044,0.2628,0.3389,0.1978
11,29820,1071,2875,2.39e-05,0.2263,0.3363,0.1901,0.221,0.2977,0.1783
11,29840,1091,2875,2.39e-05,0.2731,0.3428,0.2005,0.2694,0.3422,0.1972
11,29860,1111,2875,2.39e-05,0.2594,0.353,0.2037,0.2456,0.3405,0.1935
11,29880,1131,2875,2.39e-05,0.2173,0.3184,0.1985,0.1941,0.3132,0.1978
11,29900,1151,2875,2.39e-05,0.2776,0.2876,0.1775,0.2693,0.2655,0.1671
11,29920,1171,2875,2.39e-05,0.2795,0.3543,0.2042,0.2758,0.3584,0.2001
11,29940,1191,2875,2.39e-05,0.3047,0.3696,0.214,0.309,0.3449,0.204
11,29960,1211,2875,2.39e-05,0.3207,0.4148,0.2009,0.3039,0.3641,0.185
11,29980,1231,2875,2.39e-05,0.2525,0.3749,0.1898,0.2539,0.3564,0.1816
11,30000,1251,2875,2.39e-05,0.2581,0.3092,0.1969,0.2535,0.2824,0.1851
11,30020,1271,2875,2.39e-05,0.2816,0.3044,0.1829,0.2788,0.2785,0.1699
11,30040,1291,2875,2.39e-05,0.3131,0.3312,0.1835,0.2863,0.3223,0.1747
11,30060,1311,2875,2.39e-05,0.2507,0.4317,0.1923,0.2528,0.4316,0.1866
11,30080,1331,2875,2.39e-05,0.4227,0.3394,0.19,0.4141,0.3199,0.1754
11,30100,1351,2875,2.39e-05,0.2187,0.332,0.18,0.2054,0.3257,0.1794
11,30120,1371,2875,2.39e-05,0.3476,0.4152,0.2202,0.3172,0.3832,0.2132
11,30140,1391,2875,2.39e-05,0.3065,0.3843,0.2088,0.296,0.3665,0.2003
11,30160,1411,2875,2.39e-05,0.3479,0.4558,0.2166,0.3274,0.4316,0.2089
11,30180,1431,2875,2.39e-05,0.2569,0.3511,0.189,0.2241,0.3173,0.1751
11,30200,1451,2875,2.39e-05,0.4066,0.3988,0.214,0.3729,0.3839,0.1998
11,30220,1471,2875,2.39e-05,0.3799,0.3915,0.217,0.3228,0.3371,0.1923
11,30240,1491,2875,2.39e-05,0.3636,0.3188,0.1866,0.3559,0.2946,0.1767
11,30260,1511,2875,2.39e-05,0.242,0.3111,0.1851,0.2379,0.3102,0.1829
11,30280,1531,2875,2.39e-05,0.2315,0.3984,0.1906,0.2277,0.3667,0.1813
11,30300,1551,2875,2.39e-05,0.2888,0.38,0.2014,0.2787,0.3656,0.1927
11,30320,1571,2875,2.39e-05,0.2384,0.3081,0.1928,0.2226,0.2912,0.1862
11,30340,1591,2875,2.39e-05,0.2298,0.2616,0.1722,0.2132,0.2505,0.1619
11,30360,1611,2875,2.39e-05,0.267,0.2971,0.1787,0.256,0.3015,0.1703
11,30380,1631,2875,2.39e-05,0.2639,0.3578,0.1958,0.2579,0.3328,0.1881
11,30400,1651,2875,2.39e-05,0.2876,0.3579,0.2074,0.258,0.3752,0.2008
11,30420,1671,2875,2.39e-05,0.2553,0.345,0.1968,0.2338,0.3235,0.1844
11,30440,1691,2875,2.39e-05,0.2091,0.3887,0.185,0.2011,0.3786,0.1762
11,30460,1711,2875,2.39e-05,0.2594,0.3261,0.1832,0.2456,0.3281,0.1775
11,30480,1731,2875,2.39e-05,0.3239,0.4237,0.2049,0.284,0.3797,0.1879
11,30500,1751,2875,2.39e-05,0.3115,0.3469,0.2077,0.2893,0.3347,0.202
11,30520,1771,2875,2.39e-05,0.3327,0.2923,0.1806,0.3259,0.2751,0.1796
11,30540,1791,2875,2.39e-05,0.258,0.3463,0.19,0.249,0.3475,0.1829
11,30560,1811,2875,2.39e-05,0.385,0.3084,0.1744,0.3563,0.2888,0.171
11,30580,1831,2875,2.39e-05,0.2758,0.4208,0.212,0.2742,0.4107,0.2153
11,30600,1851,2875,2.39e-05,0.2079,0.3072,0.1721,0.1972,0.3029,0.1694
11,30620,1871,2875,2.39e-05,0.2581,0.2607,0.1825,0.2535,0.2511,0.1727
11,30640,1891,2875,2.39e-05,0.2099,0.2939,0.1976,0.1985,0.2867,0.1947
11,30660,1911,2875,2.39e-05,0.2344,0.3553,0.1802,0.2177,0.3619,0.1799
11,30680,1931,2875,2.39e-05,0.2195,0.3575,0.1826,0.2149,0.3534,0.1834
11,30700,1951,2875,2.39e-05,0.3022,0.408,0.1891,0.2936,0.392,0.1756
11,30720,1971,2875,2.39e-05,0.2653,0.3586,0.1906,0.26,0.3451,0.1869
11,30740,1991,2875,2.39e-05,0.3598,0.3513,0.1929,0.3095,0.3089,0.1785
11,30760,2011,2875,2.39e-05,0.3126,0.2694,0.174,0.3565,0.2484,0.1677
11,30780,2031,2875,2.39e-05,0.3627,0.3816,0.2196,0.3369,0.3539,0.208
11,30800,2051,2875,2.39e-05,0.3073,0.307,0.2013,0.2933,0.3132,0.1978
11,30820,2071,2875,2.39e-05,0.2519,0.3311,0.195,0.2225,0.3199,0.1876
11,30840,2091,2875,2.39e-05,0.2623,0.3268,0.1776,0.2524,0.3191,0.1736
11,30860,2111,2875,2.39e-05,0.2818,0.2998,0.1825,0.2606,0.2809,0.1711
11,30880,2131,2875,2.39e-05,0.2,0.2847,0.1621,0.1964,0.2675,0.1549
11,30900,2151,2875,2.39e-05,0.3515,0.349,0.1884,0.3163,0.3282,0.1818
11,30920,2171,2875,2.39e-05,0.2945,0.2709,0.1822,0.297,0.2739,0.1781
11,30940,2191,2875,2.39e-05,0.3117,0.3495,0.1898,0.3157,0.3406,0.1851
11,30960,2211,2875,2.39e-05,0.4418,0.5116,0.2356,0.4548,0.4489,0.2235
11,30980,2231,2875,2.39e-05,0.1981,0.3215,0.1751,0.1847,0.3059,0.1658
11,31000,2251,2875,2.39e-05,0.2815,0.3878,0.2035,0.2661,0.3719,0.1956
11,31020,2271,2875,2.39e-05,0.2743,0.3062,0.1937,0.2513,0.2954,0.1853
11,31040,2291,2875,2.39e-05,0.233,0.3299,0.1885,0.2235,0.3108,0.18
11,31060,2311,2875,2.39e-05,0.2708,0.5095,0.249,0.2504,0.5012,0.2429
11,31080,2331,2875,2.39e-05,0.1973,0.3431,0.1867,0.1717,0.3346,0.1828
11,31100,2351,2875,2.39e-05,0.3009,0.3524,0.1959,0.3091,0.345,0.1921
11,31120,2371,2875,2.39e-05,0.2261,0.3819,0.2098,0.2292,0.3732,0.2074
11,31140,2391,2875,2.39e-05,0.2942,0.3327,0.1965,0.277,0.3032,0.189
11,31160,2411,2875,2.39e-05,0.2411,0.3004,0.1723,0.2309,0.2934,0.1669
11,31180,2431,2875,2.39e-05,0.3865,0.2532,0.176,0.3949,0.2361,0.1618
11,31200,2451,2875,2.39e-05,0.2623,0.3691,0.1865,0.2647,0.3793,0.1825
11,31220,2471,2875,2.39e-05,0.3569,0.3356,0.1828,0.3327,0.2966,0.1677
11,31240,2491,2875,2.39e-05,0.3023,0.3291,0.2015,0.2856,0.3212,0.1934
11,31260,2511,2875,2.39e-05,0.3338,0.2707,0.2029,0.3164,0.2623,0.1966
11,31280,2531,2875,2.39e-05,0.2557,0.4185,0.202,0.2463,0.415,0.1928
11,31300,2551,2875,2.39e-05,0.3753,0.4089,0.2032,0.3726,0.4185,0.203
11,31320,2571,2875,2.39e-05,0.309,0.3691,0.1873,0.3119,0.3768,0.1861
11,31340,2591,2875,2.39e-05,0.3688,0.4606,0.209,0.3721,0.4545,0.1951
11,31360,2611,2875,2.39e-05,0.287,0.3779,0.2317,0.2779,0.3453,0.2157
11,31380,2631,2875,2.39e-05,0.2858,0.3558,0.1938,0.2725,0.3501,0.1894
11,31400,2651,2875,2.39e-05,0.265,0.4034,0.2057,0.2448,0.3886,0.2008
11,31420,2671,2875,2.39e-05,0.3216,0.3206,0.197,0.2937,0.3332,0.1947
11,31440,2691,2875,2.39e-05,0.3653,0.346,0.1822,0.3359,0.3021,0.1609
11,31460,2711,2875,2.39e-05,0.2707,0.2997,0.1892,0.2473,0.3017,0.1862
11,31480,2731,2875,2.39e-05,0.2603,0.3004,0.1828,0.2481,0.2973,0.1768
11,31500,2751,2875,2.39e-05,0.311,0.3308,0.1631,0.2809,0.3245,0.1618
11,31520,2771,2875,2.39e-05,0.3126,0.311,0.193,0.2842,0.2861,0.1799
11,31540,2791,2875,2.39e-05,0.2362,0.3355,0.1888,0.2287,0.3324,0.1839
11,31560,2811,2875,2.39e-05,0.2694,0.3301,0.1871,0.2417,0.311,0.1785
11,31580,2831,2875,2.39e-05,0.2481,0.3278,0.1689,0.2249,0.304,0.1609
11,31600,2851,2875,2.39e-05,0.2252,0.3579,0.194,0.2173,0.3379,0.1868
11,31620,2871,2875,2.39e-05,0.1587,0.3051,0.1714,0.1396,0.3214,0.1703
12,31640,16,2875,2.34e-05,0.327,0.3685,0.1857,0.3096,0.3431,0.175
12,31660,36,2875,2.34e-05,0.2797,0.399,0.1894,0.2358,0.39,0.1789
12,31680,56,2875,2.34e-05,0.3616,0.359,0.2047,0.3398,0.3584,0.2021
12,31700,76,2875,2.34e-05,0.2705,0.3488,0.1918,0.2534,0.327,0.1845
12,31720,96,2875,2.34e-05,0.2315,0.2752,0.1757,0.2156,0.2797,0.1725
12,31740,116,2875,2.34e-05,0.3015,0.3663,0.2215,0.2756,0.3438,0.2116
12,31760,136,2875,2.34e-05,0.2972,0.3143,0.1732,0.2677,0.3067,0.1672
12,31780,156,2875,2.34e-05,0.3092,0.423,0.197,0.3005,0.4061,0.192
12,31800,176,2875,2.34e-05,0.1809,0.2617,0.1582,0.1588,0.2575,0.1549
12,31820,196,2875,2.34e-05,0.2565,0.3434,0.1852,0.2439,0.3228,0.1784
12,31840,216,2875,2.34e-05,0.34,0.3724,0.2018,0.3234,0.3522,0.1935
12,31860,236,2875,2.34e-05,0.2737,0.3583,0.199,0.2747,0.3456,0.19
12,31880,256,2875,2.34e-05,0.2713,0.3466,0.1948,0.2267,0.3331,0.1927
12,31900,276,2875,2.34e-05,0.2885,0.3875,0.215,0.2725,0.3789,0.2096
12,31920,296,2875,2.34e-05,0.303,0.3178,0.2137,0.2772,0.307,0.2007
12,31940,316,2875,2.34e-05,0.2208,0.3227,0.1794,0.1999,0.3235,0.1733
12,31960,336,2875,2.34e-05,0.2827,0.2772,0.174,0.2733,0.2804,0.1677
12,31980,356,2875,2.34e-05,0.3091,0.3907,0.214,0.2917,0.3709,0.2024
12,32000,376,2875,2.34e-05,0.2521,0.3524,0.1911,0.2359,0.3357,0.1873
12,32020,396,2875,2.34e-05,0.276,0.3292,0.1914,0.2551,0.32,0.1865
12,32040,416,2875,2.34e-05,0.2361,0.343,0.1954,0.2199,0.3343,0.1874
12,32060,436,2875,2.34e-05,0.2268,0.2681,0.2003,0.2276,0.2515,0.1886
12,32080,456,2875,2.34e-05,0.33,0.3057,0.1962,0.3185,0.2893,0.1814
12,32100,476,2875,2.34e-05,0.34,0.336,0.1867,0.3103,0.3181,0.1791
12,32120,496,2875,2.34e-05,0.343,0.3891,0.2102,0.3347,0.3658,0.2147
12,32140,516,2875,2.34e-05,0.2596,0.3495,0.1869,0.2525,0.3494,0.1823
12,32160,536,2875,2.34e-05,0.2243,0.2819,0.1776,0.2099,0.2954,0.1771
12,32180,556,2875,2.34e-05,0.2594,0.1776,0.1488,0.2081,0.1704,0.1361
12,32200,576,2875,2.34e-05,0.2565,0.2507,0.1827,0.244,0.2563,0.1806
12,32220,596,2875,2.34e-05,0.3582,0.3859,0.2033,0.3218,0.3669,0.1967
12,32240,616,2875,2.34e-05,0.2878,0.3296,0.1864,0.2744,0.3143,0.1763
12,32260,636,2875,2.34e-05,0.2615,0.4201,0.2133,0.253,0.4073,0.205
12,32280,656,2875,2.34e-05,0.3276,0.3739,0.1968,0.3162,0.3677,0.1882
12,32300,676,2875,2.34e-05,0.3329,0.4129,0.2264,0.3331,0.4161,0.2154
12,32320,696,2875,2.34e-05,0.3808,0.2782,0.1829,0.3672,0.2554,0.1795
12,32340,716,2875,2.34e-05,0.3234,0.3224,0.2047,0.3049,0.3148,0.1958
12,32360,736,2875,2.34e-05,0.2662,0.3542,0.1933,0.2475,0.349,0.1884
12,32380,756,2875,2.34e-05,0.266,0.28,0.1668,0.2707,0.2771,0.163
12,32400,776,2875,2.34e-05,0.2995,0.3668,0.2151,0.3092,0.3831,0.2171
12,32420,796,2875,2.34e-05,0.248,0.3672,0.1935,0.2447,0.3424,0.1794
12,32440,816,2875,2.34e-05,0.2689,0.4656,0.2198,0.2641,0.451,0.2134
12,32460,836,2875,2.34e-05,0.3139,0.4354,0.2053,0.2812,0.3468,0.1793
12,32480,856,2875,2.34e-05,0.3002,0.3396,0.1987,0.2715,0.3029,0.1792
12,32500,876,2875,2.34e-05,0.2905,0.3339,0.1994,0.2625,0.3284,0.1911
12,32520,896,2875,2.34e-05,0.3567,0.3807,0.1972,0.3458,0.3869,0.1902
12,32540,916,2875,2.34e-05,0.2739,0.3387,0.1946,0.273,0.3364,0.1843
12,32560,936,2875,2.34e-05,0.2766,0.355,0.1721,0.2628,0.3623,0.1735
12,32580,956,2875,2.34e-05,0.2387,0.3716,0.1842,0.2194,0.3632,0.1812
12,32600,976,2875,2.34e-05,0.2588,0.3822,0.2093,0.2412,0.3715,0.2052
12,32620,996,2875,2.34e-05,0.2499,0.2837,0.1672,0.2324,0.267,0.1558
12,32640,1016,2875,2.34e-05,0.3624,0.4031,0.1844,0.3405,0.3672,0.1805
12,32660,1036,2875,2.34e-05,0.2432,0.3405,0.1899,0.2532,0.3344,0.1834
12,32680,1056,2875,2.34e-05,0.2983,0.3359,0.185,0.2801,0.3208,0.1728
12,32700,1076,2875,2.34e-05,0.2473,0.3572,0.1943,0.2351,0.3378,0.1819
12,32720,1096,2875,2.34e-05,0.2895,0.3036,0.1758,0.2804,0.2865,0.1663
12,32740,1116,2875,2.34e-05,0.2773,0.3143,0.1785,0.2536,0.3095,0.1752
12,32760,1136,2875,2.34e-05,0.3503,0.2756,0.1732,0.3146,0.2706,0.1586
12,32780,1156,2875,2.34e-05,0.3226,0.3726,0.2111,0.2962,0.3633,0.2024
12,32800,1176,2875,2.34e-05,0.2954,0.325,0.1908,0.2789,0.3253,0.1888
12,32820,1196,2875,2.34e-05,0.3812,0.3615,0.2112,0.3619,0.3403,0.1967
12,32840,1216,2875,2.34e-05,0.2216,0.2979,0.1804,0.2113,0.2848,0.1725
12,32860,1236,2875,2.34e-05,0.3326,0.4066,0.2213,0.3541,0.3949,0.2176
12,32880,1256,2875,2.34e-05,0.2695,0.3953,0.2017,0.2486,0.3719,0.1919
12,32900,1276,2875,2.34e-05,0.2945,0.3706,0.1849,0.2935,0.3468,0.1796
12,32920,1296,2875,2.34e-05,0.2411,0.3619,0.1941,0.228,0.3492,0.1909
12,32940,1316,2875,2.34e-05,0.293,0.2885,0.1801,0.2522,0.2926,0.1762
12,32960,1336,2875,2.34e-05,0.4107,0.4002,0.2084,0.3734,0.3608,0.1888
12,32980,1356,2875,2.34e-05,0.2761,0.3319,0.1994,0.2323,0.3457,0.1916
12,33000,1376,2875,2.34e-05,0.2417,0.357,0.183,0.2152,0.3636,0.1722
12,33020,1396,2875,2.34e-05,0.2848,0.4083,0.1858,0.2495,0.381,0.1713
12,33040,1416,2875,2.34e-05,0.2222,0.2952,0.1569,0.2359,0.2786,0.1499
12,33060,1436,2875,2.34e-05,0.2547,0.2613,0.1732,0.2296,0.2821,0.1695
12,33080,1456,2875,2.34e-05,0.3421,0.3548,0.2169,0.3676,0.3636,0.2104
12,33100,1476,2875,2.34e-05,0.2635,0.3567,0.1946,0.2589,0.3494,0.1915
12,33120,1496,2875,2.34e-05,0.2314,0.3929,0.1949,0.2239,0.3765,0.1862
12,33140,1516,2875,2.34e-05,0.2928,0.3037,0.1693,0.2849,0.2853,0.1643
12,33160,1536,2875,2.34e-05,0.2389,0.2903,0.1695,0.2143,0.2917,0.1651
12,33180,1556,2875,2.34e-05,0.2115,0.2775,0.1849,0.1963,0.2611,0.1784
12,33200,1576,2875,2.34e-05,0.338,0.3933,0.2079,0.3306,0.3674,0.1999
12,33220,1596,2875,2.34e-05,0.2426,0.317,0.1966,0.2186,0.2785,0.1815
12,33240,1616,2875,2.34e-05,0.2469,0.34,0.1791,0.2413,0.3345,0.1775
12,33260,1636,2875,2.34e-05,0.2955,0.3079,0.1851,0.2829,0.296,0.1754
12,33280,1656,2875,2.34e-05,0.2844,0.347,0.1986,0.2662,0.3384,0.1896
12,33300,1676,2875,2.34e-05,0.272,0.402,0.2175,0.2423,0.3739,0.2137
12,33320,1696,2875,2.34e-05,0.3281,0.351,0.2121,0.3158,0.3404,0.2059
12,33340,1716,2875,2.34e-05,0.2301,0.3546,0.1879,0.2253,0.3621,0.187
12,33360,1736,2875,2.34e-05,0.2046,0.2427,0.184,0.176,0.2439,0.1812
12,33380,1756,2875,2.34e-05,0.2292,0.329,0.195,0.2086,0.3276,0.1903
12,33400,1776,2875,2.34e-05,0.2779,0.2978,0.1779,0.2436,0.2771,0.1732
12,33420,1796,2875,2.34e-05,0.3342,0.3617,0.1982,0.3143,0.3529,0.1915
12,33440,1816,2875,2.34e-05,0.2303,0.4005,0.1945,0.2009,0.4216,0.1944
12,33460,1836,2875,2.34e-05,0.2956,0.3245,0.2148,0.27,0.2896,0.1904
12,33480,1856,2875,2.34e-05,0.4123,0.4382,0.2075,0.3945,0.4204,0.2023
12,33500,1876,2875,2.34e-05,0.2738,0.3922,0.2101,0.2724,0.3744,0.2034
12,33520,1896,2875,2.34e-05,0.3218,0.3968,0.2307,0.3107,0.3628,0.2194
12,33540,1916,2875,2.34e-05,0.3972,0.4001,0.223,0.395,0.3903,0.2172
12,33560,1936,2875,2.34e-05,0.3395,0.301,0.1809,0.3004,0.2858,0.173
12,33580,1956,2875,2.34e-05,0.2117,0.257,0.1729,0.192,0.2372,0.1642
12,33600,1976,2875,2.34e-05,0.1884,0.2847,0.1819,0.1684,0.2718,0.1729
12,33620,1996,2875,2.34e-05,0.3789,0.3632,0.2065,0.3514,0.3395,0.1978
12,33640,2016,2875,2.34e-05,0.259,0.4306,0.2034,0.2665,0.4156,0.1978
12,33660,2036,2875,2.34e-05,0.3436,0.3605,0.1747,0.3329,0.3509,0.1711
12,33680,2056,2875,2.34e-05,0.2316,0.2574,0.1642,0.2122,0.2345,0.1541
12,33700,2076,2875,2.34e-05,0.2057,0.353,0.1812,0.2061,0.3447,0.1774
12,33720,2096,2875,2.34e-05,0.3274,0.3691,0.1994,0.3106,0.3598,0.1906
12,33740,2116,2875,2.34e-05,0.3172,0.4284,0.19,0.2935,0.3936,0.1779
12,33760,2136,2875,2.34e-05,0.199,0.2734,0.1635,0.1925,0.264,0.161
12,33780,2156,2875,2.34e-05,0.3077,0.3849,0.2047,0.2924,0.3848,0.2045
12,33800,2176,2875,2.34e-05,0.3147,0.3787,0.2105,0.3101,0.3579,0.2004
12,33820,2196,2875,2.34e-05,0.2339,0.3093,0.1952,0.2102,0.3099,0.1897
12,33840,2216,2875,2.34e-05,0.2786,0.3785,0.2017,0.2851,0.3399,0.1866
12,33860,2236,2875,2.34e-05,0.2363,0.3665,0.2076,0.2238,0.3704,0.2169
12,33880,2256,2875,2.34e-05,0.2561,0.3121,0.1802,0.2458,0.29,0.1701
12,33900,2276,2875,2.34e-05,0.3157,0.4048,0.2004,0.3226,0.3663,0.1807
12,33920,2296,2875,2.34e-05,0.3002,0.3463,0.1962,0.3098,0.3634,0.2035
12,33940,2316,2875,2.34e-05,0.2963,0.372,0.2151,0.3008,0.3719,0.2161
12,33960,2336,2875,2.34e-05,0.3713,0.3517,0.2009,0.346,0.3436,0.1967
12,33980,2356,2875,2.34e-05,0.1839,0.2315,0.161,0.1634,0.2286,0.1554
12,34000,2376,2875,2.34e-05,0.2864,0.3485,0.1904,0.2616,0.3316,0.1816
12,34020,2396,2875,2.34e-05,0.2793,0.3631,0.2043,0.2508,0.3674,0.2006
12,34040,2416,2875,2.34e-05,0.2959,0.3562,0.2035,0.2678,0.3129,0.1957
12,34060,2436,2875,2.34e-05,0.2563,0.3283,0.1905,0.2473,0.3282,0.1896
12,34080,2456,2875,2.34e-05,0.3001,0.3275,0.1909,0.2817,0.3151,0.1837
12,34100,2476,2875,2.34e-05,0.3029,0.3549,0.2028,0.2928,0.3372,0.1919
12,34120,2496,2875,2.34e-05,0.2523,0.2583,0.1871,0.2183,0.2413,0.1834
12,34140,2516,2875,2.34e-05,0.3309,0.2932,0.1764,0.3346,0.2677,0.1595
12,34160,2536,2875,2.34e-05,0.2575,0.3405,0.1758,0.2476,0.3193,0.1672
12,34180,2556,2875,2.34e-05,0.2783,0.3433,0.2195,0.2729,0.327,0.2121
12,34200,2576,2875,2.34e-05,0.2886,0.2808,0.1715,0.2629,0.2799,0.1635
12,34220,2596,2875,2.34e-05,0.2616,0.3548,0.1955,0.2637,0.3366,0.1881
12,34240,2616,2875,2.34e-05,0.2514,0.3937,0.1949,0.2287,0.3933,0.1881
12,34260,2636,2875,2.34e-05,0.2658,0.3054,0.169,0.2444,0.2917,0.159
12,34280,2656,2875,2.34e-05,0.2725,0.4099,0.2318,0.2642,0.3745,0.2263
12,34300,2676,2875,2.34e-05,0.3,0.3535,0.1931,0.267,0.3153,0.1761
12,34320,2696,2875,2.34e-05,0.2475,0.2508,0.1772,0.2252,0.2411,0.1684
12,34340,2716,2875,2.34e-05,0.3021,0.3974,0.1983,0.2891,0.3972,0.1948
12,34360,2736,2875,2.34e-05,0.3287,0.3132,0.1825,0.3211,0.29,0.1775
12,34380,2756,2875,2.34e-05,0.2848,0.3017,0.1684,0.2901,0.2707,0.1549
12,34400,2776,2875,2.34e-05,0.2283,0.2798,0.1746,0.1789,0.2529,0.1706
12,34420,2796,2875,2.34e-05,0.3257,0.4009,0.2086,0.2984,0.3836,0.2015
12,34440,2816,2875,2.34e-05,0.2291,0.3548,0.1887,0.2281,0.3504,0.1868
12,34460,2836,2875,2.34e-05,0.2899,0.323,0.2045,0.2765,0.3203,0.1971
12,34480,2856,2875,2.34e-05,0.1974,0.2942,0.179,0.1871,0.2883,0.177
13,34500,1,2875,2.29e-05,0.2978,0.46,0.2103,0.2892,0.4494,0.2021
13,34520,21,2875,2.29e-05,0.375,0.3518,0.2079,0.3586,0.3277,0.1958
13,34540,41,2875,2.29e-05,0.2358,0.2101,0.1505,0.1605,0.1989,0.1468
13,34560,61,2875,2.29e-05,0.2484,0.4152,0.2208,0.2333,0.3912,0.207
13,34580,81,2875,2.29e-05,0.3381,0.4538,0.2418,0.3362,0.4559,0.2467
13,34600,101,2875,2.29e-05,0.2246,0.2805,0.1861,0.2109,0.2845,0.1833
13,34620,121,2875,2.29e-05,0.2327,0.2575,0.1741,0.2115,0.2472,0.1684
13,34640,141,2875,2.29e-05,0.2815,0.3665,0.1828,0.2473,0.3674,0.1844
13,34660,161,2875,2.29e-05,0.2814,0.339,0.2028,0.2622,0.3263,0.1931
13,34680,181,2875,2.29e-05,0.2561,0.2911,0.1853,0.2287,0.2559,0.1651
13,34700,201,2875,2.29e-05,0.2704,0.3194,0.1841,0.259,0.2976,0.1769
13,34720,221,2875,2.29e-05,0.2456,0.3389,0.1898,0.2286,0.3241,0.1832
13,34740,241,2875,2.29e-05,0.2979,0.3333,0.1947,0.2659,0.3134,0.1851
13,34760,261,2875,2.29e-05,0.3001,0.2957,0.1754,0.2776,0.2829,0.1575
13,34780,281,2875,2.29e-05,0.3207,0.3024,0.1839,0.3084,0.287,0.1758
13,34800,301,2875,2.29e-05,0.2743,0.3449,0.1736,0.2754,0.3308,0.1684
13,34820,321,2875,2.29e-05,0.3582,0.3964,0.2239,0.3593,0.3984,0.2213
13,34840,341,2875,2.29e-05,0.247,0.3474,0.1994,0.2264,0.3366,0.1926
13,34860,361,2875,2.29e-05,0.2756,0.3446,0.1978,0.2624,0.3302,0.1921
13,34880,381,2875,2.29e-05,0.2115,0.2695,0.162,0.1851,0.2522,0.1535
13,34900,401,2875,2.29e-05,0.2501,0.2947,0.1813,0.2373,0.2746,0.1678
13,34920,421,2875,2.29e-05,0.1932,0.2769,0.167,0.1696,0.2656,0.1667
13,34940,441,2875,2.29e-05,0.2171,0.3707,0.2088,0.1995,0.3623,0.1968
13,34960,461,2875,2.29e-05,0.2394,0.3803,0.2049,0.2478,0.3795,0.2023
13,34980,481,2875,2.29e-05,0.262,0.3933,0.2207,0.2605,0.3813,0.2159
13,35000,501,2875,2.29e-05,0.2582,0.3973,0.1805,0.2399,0.394,0.1793
13,35020,521,2875,2.29e-05,0.3367,0.287,0.1867,0.2605,0.2996,0.1798
13,35040,541,2875,2.29e-05,0.2252,0.4057,0.1973,0.2095,0.381,0.1911
13,35060,561,2875,2.29e-05,0.3129,0.3269,0.1962,0.3267,0.3118,0.1845
13,35080,581,2875,2.29e-05,0.2722,0.2857,0.1771,0.2363,0.2455,0.1578
13,35100,601,2875,2.29e-05,0.2525,0.3642,0.1836,0.2441,0.3672,0.1801
13,35120,621,2875,2.29e-05,0.3359,0.3543,0.2001,0.3228,0.347,0.1956
13,35140,641,2875,2.29e-05,0.2513,0.3367,0.1852,0.2443,0.3284,0.1787
13,35160,661,2875,2.29e-05,0.3869,0.2935,0.169,0.3384,0.2855,0.1624
13,35180,681,2875,2.29e-05,0.2373,0.3523,0.177,0.2205,0.3435,0.175
13,35200,701,2875,2.29e-05,0.3213,0.3221,0.205,0.3062,0.2963,0.1934
13,35220,721,2875,2.29e-05,0.2749,0.4364,0.1957,0.2539,0.4133,0.1847
13,35240,741,2875,2.29e-05,0.2481,0.4956,0.2115,0.2448,0.4846,0.2173
13,35260,761,2875,2.29e-05,0.2754,0.4209,0.2101,0.287,0.4109,0.203
13,35280,781,2875,2.29e-05,0.3147,0.4061,0.2158,0.3226,0.4014,0.2121
13,35300,801,2875,2.29e-05,0.2216,0.3699,0.1886,0.2052,0.3461,0.1764
13,35320,821,2875,2.29e-05,0.2912,0.2674,0.174,0.2796,0.2459,0.1641
13,35340,841,2875,2.29e-05,0.3506,0.3866,0.205,0.3507,0.3555,0.1942
13,35360,861,2875,2.29e-05,0.2358,0.3082,0.1755,0.2341,0.2963,0.1652
13,35380,881,2875,2.29e-05,0.286,0.2887,0.1799,0.2798,0.2798,0.176
13,35400,901,2875,2.29e-05,0.3407,0.3507,0.1983,0.3314,0.32,0.184
13,35420,921,2875,2.29e-05,0.2119,0.3031,0.1714,0.2011,0.3094,0.1677
13,35440,941,2875,2.29e-05,0.2142,0.3085,0.1876,0.2074,0.2999,0.1836
13,35460,961,2875,2.29e-05,0.3183,0.3873,0.2006,0.3115,0.3749,0.1902
13,35480,981,2875,2.29e-05,0.2591,0.3367,0.2039,0.2469,0.3239,0.1985
13,35500,1001,2875,2.29e-05,0.263,0.3357,0.1702,0.2503,0.3388,0.1649
13,35520,1021,2875,2.29e-05,0.3241,0.411,0.1946,0.321,0.4173,0.1877
13,35540,1041,2875,2.29e-05,0.2312,0.3078,0.1907,0.2081,0.319,0.1869
13,35560,1061,2875,2.29e-05,0.2494,0.3716,0.1731,0.2295,0.3937,0.1712
13,35580,1081,2875,2.29e-05,0.2586,0.3706,0.1997,0.247,0.3724,0.1986
13,35600,1101,2875,2.29e-05,0.3486,0.3421,0.1959,0.3526,0.3373,0.1923
13,35620,1121,2875,2.29e-05,0.2437,0.327,0.1922,0.2419,0.3327,0.19
13,35640,1141,2875,2.29e-05,0.2441,0.3266,0.1821,0.2243,0.3167,0.1809
13,35660,1161,2875,2.29e-05,0.3032,0.4111,0.1828,0.2677,0.3917,0.1765
13,35680,1181,2875,2.29e-05,0.2616,0.3237,0.179,0.2592,0.2878,0.1657
13,35700,1201,2875,2.29e-05,0.2053,0.3005,0.1728,0.1966,0.2938,0.1687
13,35720,1221,2875,2.29e-05,0.2502,0.3249,0.1802,0.2332,0.3097,0.1705
13,35740,1241,2875,2.29e-05,0.2445,0.2923,0.1783,0.2332,0.282,0.174
13,35760,1261,2875,2.29e-05,0.277,0.3317,0.1838,0.2799,0.3121,0.1764
13,35780,1281,2875,2.29e-05,0.2585,0.4055,0.2123,0.2539,0.3666,0.2028
13,35800,1301,2875,2.29e-05,0.2409,0.3484,0.1813,0.2423,0.3504,0.1764
13,35820,1321,2875,2.29e-05,0.2032,0.3718,0.2119,0.1954,0.3842,0.2141
13,35840,1341,2875,2.29e-05,0.2411,0.3119,0.1886,0.233,0.2985,0.1785
13,35860,1361,2875,2.29e-05,0.2784,0.3237,0.1799,0.2686,0.3152,0.1772
13,35880,1381,2875,2.29e-05,0.3594,0.3775,0.1846,0.3613,0.3706,0.1752
13,35900,1401,2875,2.29e-05,0.2989,0.3484,0.2039,0.292,0.3472,0.2015
13,35920,1421,2875,2.29e-05,0.3792,0.3147,0.19,0.3394,0.312,0.1834
13,35940,1441,2875,2.29e-05,0.3222,0.36,0.2015,0.3123,0.3566,0.1939
13,35960,1461,2875,2.29e-05,0.3254,0.3834,0.1992,0.2917,0.3684,0.1942
13,35980,1481,2875,2.29e-05,0.2089,0.2878,0.1822,0.2022,0.2825,0.1805
13,36000,1501,2875,2.29e-05,0.2306,0.2762,0.1775,0.2205,0.2827,0.1749
13,36020,1521,2875,2.29e-05,0.2608,0.3717,0.2115,0.2407,0.34,0.1935
13,36040,1541,2875,2.29e-05,0.3029,0.3366,0.1896,0.3331,0.3187,0.1791
13,36060,1561,2875,2.29e-05,0.3738,0.3349,0.2038,0.3596,0.3024,0.1902
13,36080,1581,2875,2.29e-05,0.2491,0.3005,0.1823,0.2406,0.2987,0.1787
13,36100,1601,2875,2.29e-05,0.2323,0.3143,0.1783,0.2031,0.2932,0.1647
13,36120,1621,2875,2.29e-05,0.28,0.4337,0.2013,0.2814,0.4216,0.1975
13,36140,1641,2875,2.29e-05,0.267,0.3096,0.1737,0.2565,0.3186,0.1695
13,36160,1661,2875,2.29e-05,0.1828,0.3052,0.1773,0.1796,0.2878,0.174
13,36180,1681,2875,2.29e-05,0.2616,0.2581,0.1561,0.2332,0.2521,0.1462
13,36200,1701,2875,2.29e-05,0.2927,0.3669,0.2051,0.2903,0.3618,0.2017
13,36220,1721,2875,2.29e-05,0.24,0.4138,0.1816,0.2368,0.4143,0.1808
13,36240,1741,2875,2.29e-05,0.3165,0.3456,0.1841,0.3065,0.3352,0.1764
13,36260,1761,2875,2.29e-05,0.3505,0.3604,0.1944,0.3498,0.3475,0.1922
13,36280,1781,2875,2.29e-05,0.3425,0.4329,0.2238,0.3471,0.4157,0.2219
13,36300,1801,2875,2.29e-05,0.2114,0.2964,0.1919,0.1963,0.2801,0.1843
13,36320,1821,2875,2.29e-05,0.3459,0.3239,0.18,0.2947,0.3044,0.1699
13,36340,1841,2875,2.29e-05,0.2348,0.3684,0.1781,0.2173,0.3688,0.1732
13,36360,1861,2875,2.29e-05,0.2653,0.3762,0.1895,0.249,0.3377,0.1811
13,36380,1881,2875,2.29e-05,0.255,0.3125,0.1809,0.2622,0.3013,0.1703
13,36400,1901,2875,2.29e-05,0.2609,0.3525,0.1948,0.2394,0.3467,0.1993
13,36420,1921,2875,2.29e-05,0.3083,0.3679,0.1993,0.2956,0.355,0.1932
13,36440,1941,2875,2.29e-05,0.2,0.2404,0.1474,0.1843,0.2328,0.1369
13,36460,1961,2875,2.29e-05,0.2248,0.2785,0.1707,0.224,0.2575,0.1671
13,36480,1981,2875,2.29e-05,0.2421,0.3227,0.1666,0.2389,0.3223,0.1589
13,36500,2001,2875,2.29e-05,0.2867,0.3167,0.1919,0.2567,0.2979,0.1797
13,36520,2021,2875,2.29e-05,0.2251,0.3299,0.2132,0.2164,0.3237,0.2148
13,36540,2041,2875,2.29e-05,0.2533,0.3153,0.2118,0.2483,0.3061,0.2062
13,36560,2061,2875,2.29e-05,0.25,0.362,0.1747,0.2437,0.3657,0.1795
13,36580,2081,2875,2.29e-05,0.3082,0.389,0.2076,0.2973,0.3711,0.1968
13,36600,2101,2875,2.29e-05,0.272,0.3073,0.1887,0.2726,0.2954,0.1785
13,36620,2121,2875,2.29e-05,0.2838,0.3719,0.1959,0.2817,0.3644,0.1914
13,36640,2141,2875,2.29e-05,0.2304,0.307,0.1811,0.2375,0.3078,0.1766
13,36660,2161,2875,2.29e-05,0.2451,0.4041,0.1915,0.236,0.414,0.1901
13,36680,2181,2875,2.29e-05,0.3604,0.3735,0.2024,0.3465,0.359,0.1976
13,36700,2201,2875,2.29e-05,0.2103,0.3691,0.2237,0.2015,0.3755,0.2261
13,36720,2221,2875,2.29e-05,0.282,0.2774,0.1838,0.2652,0.241,0.1721
13,36740,2241,2875,2.29e-05,0.3451,0.3517,0.1909,0.342,0.3377,0.1842
13,36760,2261,2875,2.29e-05,0.2714,0.3316,0.1842,0.2593,0.3147,0.1783
13,36780,2281,2875,2.29e-05,0.325,0.4708,0.2229,0.3241,0.4366,0.2088
13,36800,2301,2875,2.29e-05,0.228,0.316,0.2113,0.2217,0.3093,0.2092
13,36820,2321,2875,2.29e-05,0.3005,0.4076,0.2072,0.2688,0.4017,0.2023
13,36840,2341,2875,2.29e-05,0.3489,0.4031,0.2164,0.3337,0.3932,0.2076
13,36860,2361,2875,2.29e-05,0.2868,0.4318,0.2219,0.2724,0.405,0.2155
13,36880,2381,2875,2.29e-05,0.2263,0.2865,0.175,0.2052,0.2723,0.1647
13,36900,2401,2875,2.29e-05,0.2654,0.3476,0.2023,0.2624,0.3411,0.196
13,36920,2421,2875,2.29e-05,0.1886,0.2619,0.1612,0.1761,0.2688,0.1579
13,36940,2441,2875,2.29e-05,0.3223,0.3528,0.1739,0.2993,0.3205,0.1661
13,36960,2461,2875,2.29e-05,0.3047,0.4117,0.1935,0.3228,0.3991,0.1983
13,36980,2481,2875,2.29e-05,0.2443,0.3394,0.1905,0.2386,0.3251,0.1826
13,37000,2501,2875,2.29e-05,0.2202,0.284,0.1867,0.2142,0.2729,0.1759
13,37020,2521,2875,2.29e-05,0.279,0.3091,0.1861,0.2668,0.293,0.1763
13,37040,2541,2875,2.29e-05,0.247,0.3139,0.1804,0.2425,0.3184,0.1781
13,37060,2561,2875,2.29e-05,0.3115,0.3813,0.2122,0.2996,0.3668,0.2013
13,37080,2581,2875,2.29e-05,0.3481,0.371,0.1862,0.3358,0.3601,0.1777
13,37100,2601,2875,2.29e-05,0.2796,0.3712,0.1824,0.2581,0.3525,0.1759
13,37120,2621,2875,2.29e-05,0.3043,0.2914,0.1825,0.2988,0.3006,0.1771
13,37140,2641,2875,2.29e-05,0.3104,0.3779,0.2117,0.2773,0.3445,0.1994
13,37160,2661,2875,2.29e-05,0.2925,0.3366,0.1939,0.2945,0.3412,0.1887
13,37180,2681,2875,2.29e-05,0.2672,0.3828,0.1993,0.2468,0.3504,0.181
13,37200,2701,2875,2.29e-05,0.2312,0.3089,0.1854,0.2235,0.312,0.1861
13,37220,2721,2875,2.29e-05,0.2462,0.3342,0.1825,0.23,0.3089,0.1755
13,37240,2741,2875,2.29e-05,0.2807,0.3362,0.1975,0.2753,0.3181,0.1908
13,37260,2761,2875,2.29e-05,0.2192,0.3225,0.171,0.2047,0.3124,0.1662
13,37280,2781,2875,2.29e-05,0.2712,0.2978,0.1673,0.2511,0.3062,0.1667
13,37300,2801,2875,2.29e-05,0.2649,0.326,0.2014,0.2395,0.3113,0.1967
13,37320,2821,2875,2.29e-05,0.2936,0.2937,0.1813,0.2657,0.2719,0.1732
13,37340,2841,2875,2.29e-05,0.2966,0.3389,0.2071,0.2729,0.3354,0.2031
13,37360,2861,2875,2.29e-05,0.3149,0.2936,0.1909,0.2955,0.2918,0.1828
14,37380,6,2875,2.23e-05,0.2634,0.2627,0.1923,0.244,0.2691,0.1855
14,37400,26,2875,2.23e-05,0.2302,0.253,0.1805,0.2075,0.2276,0.1659
14,37420,46,2875,2.23e-05,0.3194,0.4532,0.2025,0.3146,0.4478,0.1945
14,37440,66,2875,2.23e-05,0.2412,0.3136,0.187,0.2268,0.2886,0.1801
14,37460,86,2875,2.23e-05,0.2237,0.3615,0.1867,0.2103,0.3445,0.1775
14,37480,106,2875,2.23e-05,0.3456,0.4154,0.2158,0.3088,0.3602,0.2012
14,37500,126,2875,2.23e-05,0.2695,0.3476,0.1851,0.2521,0.3528,0.1816
14,37520,146,2875,2.23e-05,0.2488,0.3812,0.2154,0.2295,0.387,0.2147
14,37540,166,2875,2.23e-05,0.2382,0.2861,0.1706,0.2403,0.2686,0.1644
14,37560,186,2875,2.23e-05,0.2776,0.303,0.185,0.2716,0.309,0.1815
14,37580,206,2875,2.23e-05,0.2142,0.3747,0.1735,0.2193,0.346,0.1604
14,37600,226,2875,2.23e-05,0.2853,0.3941,0.191,0.2598,0.3857,0.1878
14,37620,246,2875,2.23e-05,0.2544,0.364,0.2024,0.2729,0.3663,0.1989
14,37640,266,2875,2.23e-05,0.2263,0.3008,0.1864,0.2097,0.3037,0.1842
14,37660,286,2875,2.23e-05,0.2002,0.3147,0.1798,0.1618,0.2935,0.1735
14,37680,306,2875,2.23e-05,0.2759,0.3758,0.1972,0.2801,0.3537,0.191
14,37700,326,2875,2.23e-05,0.3233,0.3145,0.1818,0.2864,0.2903,0.1727
14,37720,346,2875,2.23e-05,0.2311,0.4453,0.196,0.2309,0.4162,0.1867
14,37740,366,2875,2.23e-05,0.3491,0.4169,0.2177,0.3272,0.3966,0.2066
14,37760,386,2875,2.23e-05,0.2001,0.2586,0.1751,0.2193,0.2491,0.1695
14,37780,406,2875,2.23e-05,0.2578,0.303,0.1908,0.2257,0.2764,0.1711
14,37800,426,2875,2.23e-05,0.3724,0.3319,0.1971,0.3514,0.3358,0.1905
14,37820,446,2875,2.23e-05,0.3302,0.3773,0.2095,0.2945,0.3334,0.1927
14,37840,466,2875,2.23e-05,0.2466,0.3397,0.1996,0.2329,0.3085,0.1886
14,37860,486,2875,2.23e-05,0.372,0.4169,0.2076,0.3694,0.4029,0.1951
14,37880,506,2875,2.23e-05,0.2649,0.3835,0.1998,0.251,0.3601,0.1889
14,37900,526,2875,2.23e-05,0.2482,0.3493,0.188,0.2466,0.3431,0.1795
14,37920,546,2875,2.23e-05,0.194,0.2087,0.1596,0.1669,0.2107,0.1513
14,37940,566,2875,2.23e-05,0.2448,0.3325,0.1866,0.2484,0.3268,0.1825
14,37960,586,2875,2.23e-05,0.2518,0.2948,0.1764,0.247,0.3001,0.1752
14,37980,606,2875,2.23e-05,0.2771,0.3063,0.1779,0.2853,0.2919,0.1621
14,38000,626,2875,2.23e-05,0.2126,0.3005,0.1743,0.1839,0.3044,0.1732
14,38020,646,2875,2.23e-05,0.1997,0.2493,0.1757,0.1814,0.2483,0.1687
14,38040,666,2875,2.23e-05,0.3581,0.2943,0.1744,0.3851,0.2948,0.1665
14,38060,686,2875,2.23e-05,0.2485,0.4085,0.1788,0.2329,0.3929,0.1748
14,38080,706,2875,2.23e-05,0.239,0.2759,0.174,0.2177,0.2872,0.1724
14,38100,726,2875,2.23e-05,0.3009,0.3133,0.1771,0.2833,0.3121,0.1693
14,38120,746,2875,2.23e-05,0.2897,0.3319,0.1823,0.2673,0.3067,0.1735
14,38140,766,2875,2.23e-05,0.2515,0.3048,0.1794,0.2498,0.3077,0.1748
14,38160,786,2875,2.23e-05,0.336,0.4378,0.208,0.342,0.4225,0.2011
14,38180,806,2875,2.23e-05,0.2507,0.3541,0.1762,0.2463,0.3438,0.1704
14,38200,826,2875,2.23e-05,0.4223,0.4367,0.2347,0.4006,0.4244,0.2292
14,38220,846,2875,2.23e-05,0.2961,0.3876,0.2084,0.2846,0.378,0.1995
14,38240,866,2875,2.23e-05,0.2839,0.2997,0.1905,0.2723,0.2836,0.1811
14,38260,886,2875,2.23e-05,0.2616,0.3054,0.1861,0.2418,0.2892,0.1774
14,38280,906,2875,2.23e-05,0.2759,0.3633,0.1906,0.2561,0.375,0.1813
14,38300,926,2875,2.23e-05,0.2415,0.3076,0.1827,0.2305,0.3104,0.1772
14,38320,946,2875,2.23e-05,0.3178,0.2995,0.187,0.296,0.2816,0.1747
14,38340,966,2875,2.23e-05,0.2581,0.2634,0.1912,0.2391,0.28,0.1905
14,38360,986,2875,2.23e-05,0.2057,0.3731,0.1915,0.1939,0.3542,0.1871
14,38380,1006,2875,2.23e-05,0.3235,0.3809,0.1897,0.3005,0.3822,0.1873
14,38400,1026,2875,2.23e-05,0.163,0.1966,0.1496,0.1627,0.1908,0.1444
14,38420,1046,2875,2.23e-05,0.2517,0.3443,0.1905,0.2452,0.3213,0.1806
14,38440,1066,2875,2.23e-05,0.301,0.4269,0.2199,0.3056,0.4082,0.2138
14,38460,1086,2875,2.23e-05,0.2895,0.3986,0.2046,0.2689,0.4087,0.2016
14,38480,1106,2875,2.23e-05,0.2348,0.2848,0.1776,0.2271,0.2676,0.1714
14,38500,1126,2875,2.23e-05,0.2555,0.3519,0.1935,0.2566,0.3835,0.1972
14,38520,1146,2875,2.23e-05,0.2982,0.3582,0.1988,0.2933,0.3659,0.1957
14,38540,1166,2875,2.23e-05,0.2737,0.3542,0.1786,0.2488,0.3327,0.174
14,38560,1186,2875,2.23e-05,0.2474,0.3778,0.1944,0.2445,0.3577,0.1884
14,38580,1206,2875,2.23e-05,0.2522,0.3301,0.1686,0.214,0.3037,0.157
14,38600,1226,2875,2.23e-05,0.2912,0.3721,0.1858,0.2975,0.369,0.1817
14,38620,1246,2875,2.23e-05,0.2321,0.2769,0.1983,0.2167,0.2831,0.2019
14,38640,1266,2875,2.23e-05,0.3257,0.3003,0.1787,0.2829,0.2893,0.1642
14,38660,1286,2875,2.23e-05,0.2689,0.2883,0.1739,0.2661,0.2672,0.1636
14,38680,1306,2875,2.23e-05,0.3033,0.3991,0.1889,0.2978,0.3808,0.1809
14,38700,1326,2875,2.23e-05,0.2236,0.3055,0.1747,0.2149,0.3045,0.1719
14,38720,1346,2875,2.23e-05,0.2594,0.3423,0.1917,0.2511,0.3352,0.1872
14,38740,1366,2875,2.23e-05,0.2548,0.1894,0.1311,0.2392,0.1871,0.1289
14,38760,1386,2875,2.23e-05,0.2225,0.294,0.1611,0.2065,0.2792,0.1544
14,38780,1406,2875,2.23e-05,0.2723,0.3612,0.2236,0.2745,0.3543,0.2219
14,38800,1426,2875,2.23e-05,0.2329,0.3779,0.1988,0.232,0.3775,0.1939
14,38820,1446,2875,2.23e-05,0.2876,0.4289,0.2032,0.2776,0.3892,0.1922
14,38840,1466,2875,2.23e-05,0.2266,0.298,0.1787,0.2292,0.3009,0.1762
14,38860,1486,2875,2.23e-05,0.2191,0.3008,0.1661,0.1849,0.2849,0.1595
14,38880,1506,2875,2.23e-05,0.181,0.2486,0.152,0.168,0.2422,0.1478
14,38900,1526,2875,2.23e-05,0.3343,0.311,0.182,0.3129,0.3079,0.1718
14,38920,1546,2875,2.23e-05,0.3275,0.3377,0.196,0.3213,0.312,0.1835
14,38940,1566,2875,2.23e-05,0.2532,0.2981,0.186,0.2359,0.285,0.1796
14,38960,1586,2875,2.23e-05,0.2758,0.3525,0.1905,0.2525,0.3633,0.1892
14,38980,1606,2875,2.23e-05,0.2723,0.3299,0.1788,0.2636,0.316,0.1661
14,39000,1626,2875,2.23e-05,0.2818,0.3643,0.2029,0.2629,0.3328,0.1932
14,39020,1646,2875,2.23e-05,0.2161,0.305,0.1782,0.213,0.3105,0.175
14,39040,1666,2875,2.23e-05,0.2443,0.2301,0.1953,0.2311,0.1869,0.2001
14,39060,1686,2875,2.23e-05,0.3731,0.2618,0.1534,0.3638,0.2697,0.1467
14,39080,1706,2875,2.23e-05,0.2613,0.2987,0.1732,0.2561,0.2799,0.1677
14,39100,1726,2875,2.23e-05,0.5317,0.3288,0.2078,0.4829,0.3006,0.191
14,39120,1746,2875,2.23e-05,0.2483,0.2102,0.1601,0.2076,0.1981,0.1542
14,39140,1766,2875,2.23e-05,0.2988,0.3633,0.1919,0.2996,0.3453,0.1813
14,39160,1786,2875,2.23e-05,0.2134,0.354,0.1792,0.1871,0.3419,0.1726
14,39180,1806,2875,2.23e-05,0.2734,0.2892,0.1818,0.2677,0.2674,0.1658
14,39200,1826,2875,2.23e-05,0.2682,0.3082,0.1881,0.2578,0.2911,0.1801
14,39220,1846,2875,2.23e-05,0.2525,0.2645,0.1719,0.2206,0.2533,0.1668
14,39240,1866,2875,2.23e-05,0.2663,0.3601,0.1833,0.2472,0.3336,0.1656
14,39260,1886,2875,2.23e-05,0.4131,0.4161,0.23,0.3757,0.3939,0.221
14,39280,1906,2875,2.23e-05,0.3281,0.3096,0.202,0.2994,0.3017,0.1966
14,39300,1926,2875,2.23e-05,0.2166,0.2824,0.1752,0.217,0.2702,0.1721
14,39320,1946,2875,2.23e-05,0.5228,0.2934,0.2023,0.5356,0.3151,0.1955
14,39340,1966,2875,2.23e-05,0.3222,0.2963,0.1893,0.3147,0.2877,0.1804
14,39360,1986,2875,2.23e-05,0.2938,0.3417,0.1882,0.2937,0.3492,0.1819
14,39380,2006,2875,2.23e-05,0.2856,0.304,0.1891,0.2818,0.2999,0.183
14,39400,2026,2875,2.23e-05,0.2473,0.3705,0.1832,0.2318,0.3229,0.1692
14,39420,2046,2875,2.23e-05,0.2274,0.3649,0.1808,0.2254,0.3582,0.1788
14,39440,2066,2875,2.23e-05,0.2607,0.2675,0.1701,0.2443,0.2438,0.1568
14,39460,2086,2875,2.23e-05,0.2805,0.3715,0.2123,0.2758,0.3719,0.2095
14,39480,2106,2875,2.23e-05,0.3314,0.4119,0.1932,0.3174,0.4078,0.1903
14,39500,2126,2875,2.23e-05,0.3068,0.335,0.2011,0.2852,0.3052,0.1874
14,39520,2146,2875,2.23e-05,0.384,0.3567,0.2125,0.3411,0.316,0.2017
14,39540,2166,2875,2.23e-05,0.2351,0.2412,0.1732,0.2222,0.2443,0.1687
14,39560,2186,2875,2.23e-05,0.2026,0.2733,0.1595,0.1669,0.2627,0.1511
14,39580,2206,2875,2.23e-05,0.2379,0.3085,0.1983,0.2323,0.2973,0.1909
14,39600,2226,2875,2.23e-05,0.2373,0.3267,0.1844,0.2251,0.3198,0.1771
14,39620,2246,2875,2.23e-05,0.2939,0.4925,0.2236,0.2689,0.4747,0.2312
14,39640,2266,2875,2.23e-05,0.2956,0.3683,0.1811,0.2548,0.3447,0.1753
14,39660,2286,2875,2.23e-05,0.3578,0.3353,0.1826,0.3134,0.3117,0.1743
14,39680,2306,2875,2.23e-05,0.2758,0.3375,0.1778,0.2741,0.3245,0.1719
14,39700,2326,2875,2.23e-05,0.3243,0.3913,0.2011,0.3016,0.381,0.1925
14,39720,2346,2875,2.23e-05,0.229,0.3238,0.1858,0.2146,0.3205,0.1797
14,39740,2366,2875,2.23e-05,0.2854,0.3844,0.1871,0.2628,0.3781,0.1837
14,39760,2386,2875,2.23e-05,0.2171,0.3634,0.1907,0.2085,0.365,0.1889
14,39780,2406,2875,2.23e-05,0.2491,0.2845,0.1724,0.24,0.263,0.16
14,39800,2426,2875,2.23e-05,0.3302,0.3526,0.1919,0.3266,0.3487,0.1879
14,39820,2446,2875,2.23e-05,0.2054,0.2757,0.1755,0.2123,0.277,0.171
14,39840,2466,2875,2.23e-05,0.2741,0.3521,0.188,0.2498,0.3379,0.1841
14,39860,2486,2875,2.23e-05,0.2632,0.3501,0.1864,0.2645,0.3553,0.1848
14,39880,2506,2875,2.23e-05,0.2655,0.3554,0.1807,0.2496,0.3447,0.1717
14,39900,2526,2875,2.23e-05,0.2216,0.2134,0.1528,0.1927,0.2244,0.1479
14,39920,2546,2875,2.23e-05,0.2414,0.3155,0.1818,0.2383,0.3083,0.176
14,39940,2566,2875,2.23e-05,0.272,0.2945,0.184,0.2464,0.2818,0.1772
14,39960,2586,2875,2.23e-05,0.2412,0.349,0.2072,0.2267,0.3234,0.1969
14,39980,2606,2875,2.23e-05,0.2671,0.3995,0.2182,0.2662,0.3963,0.2145
14,40000,2626,2875,2.23e-05,0.2423,0.3934,0.1948,0.232,0.3755,0.1886
14,40020,2646,2875,2.23e-05,0.2365,0.2491,0.1716,0.2326,0.2454,0.1639
14,40040,2666,2875,2.23e-05,0.2522,0.4161,0.2348,0.242,0.4027,0.2373
14,40060,2686,2875,2.23e-05,0.1946,0.2894,0.1685,0.1914,0.2717,0.1587
14,40080,2706,2875,2.23e-05,0.2603,0.2508,0.1675,0.2326,0.2538,0.1622
14,40100,2726,2875,2.23e-05,0.3441,0.3696,0.1939,0.3288,0.341,0.1881
14,40120,2746,2875,2.23e-05,0.2879,0.3342,0.181,0.2816,0.3267,0.1776
14,40140,2766,2875,2.23e-05,0.2855,0.4089,0.199,0.276,0.3777,0.1904
14,40160,2786,2875,2.23e-05,0.2105,0.2844,0.172,0.1965,0.2937,0.1726
14,40180,2806,2875,2.23e-05,0.2955,0.2972,0.1785,0.2956,0.2782,0.1606
14,40200,2826,2875,2.23e-05,0.2602,0.362,0.1872,0.2521,0.3707,0.1836
14,40220,2846,2875,2.23e-05,0.2669,0.316,0.1739,0.2612,0.3128,0.1701
14,40240,2866,2875,2.23e-05,0.2184,0.2988,0.1782,0.2076,0.3039,0.1732
15,40260,11,2875,2.17e-05,0.2684,0.2736,0.1788,0.2599,0.2652,0.1687
15,40280,31,2875,2.17e-05,0.2189,0.282,0.1825,0.1892,0.2753,0.1759
15,40300,51,2875,2.17e-05,0.1931,0.3023,0.199,0.176,0.2866,0.186
15,40320,71,2875,2.17e-05,0.2724,0.3171,0.1887,0.2571,0.2839,0.1758
15,40340,91,2875,2.17e-05,0.4145,0.4357,0.209,0.3979,0.4139,0.2082
15,40360,111,2875,2.17e-05,0.2568,0.4035,0.2064,0.2439,0.3943,0.2044
15,40380,131,2875,2.17e-05,0.2424,0.2664,0.1688,0.2247,0.2377,0.1597
15,40400,151,2875,2.17e-05,0.1779,0.2396,0.184,0.1577,0.2078,0.1648
15,40420,171,2875,2.17e-05,0.2636,0.3245,0.1621,0.2582,0.3028,0.16
15,40440,191,2875,2.17e-05,0.2744,0.3061,0.1903,0.2276,0.2889,0.1816
15,40460,211,2875,2.17e-05,0.2201,0.3985,0.1988,0.1976,0.3905,0.1981
15,40480,231,2875,2.17e-05,0.2385,0.2745,0.1861,0.2185,0.2575,0.1801
15,40500,251,2875,2.17e-05,0.2823,0.406,0.1855,0.2681,0.3822,0.1773
15,40520,271,2875,2.17e-05,0.2233,0.3523,0.1812,0.2063,0.3632,0.1796
15,40540,291,2875,2.17e-05,0.2563,0.2413,0.1576,0.2152,0.2467,0.1539
15,40560,311,2875,2.17e-05,0.3375,0.3026,0.1794,0.2952,0.2901,0.1659
15,40580,331,2875,2.17e-05,0.2919,0.3144,0.1802,0.2649,0.3118,0.1696
15,40600,351,2875,2.17e-05,0.2468,0.254,0.1716,0.2562,0.2355,0.1652
15,40620,371,2875,2.17e-05,0.3053,0.2558,0.1725,0.2727,0.2539,0.1626
15,40640,391,2875,2.17e-05,0.2235,0.3304,0.2115,0.2144,0.3192,0.2035
15,40660,411,2875,2.17e-05,0.2968,0.2991,0.2028,0.2945,0.282,0.1943
15,40680,431,2875,2.17e-05,0.3755,0.4173,0.2148,0.3607,0.4112,0.2108
15,40700,451,2875,2.17e-05,0.2625,0.3632,0.1728,0.2369,0.3384,0.1636
15,40720,471,2875,2.17e-05,0.2701,0.2925,0.1794,0.2502,0.2857,0.1727
15,40740,491,2875,2.17e-05,0.2566,0.3815,0.184,0.2531,0.3788,0.1777
15,40760,511,2875,2.17e-05,0.3167,0.3345,0.176,0.3039,0.3303,0.1687
15,40780,531,2875,2.17e-05,0.4104,0.4732,0.2092,0.4064,0.4462,0.1932
15,40800,551,2875,2.17e-05,0.2382,0.267,0.1729,0.2018,0.2516,0.1583
15,40820,571,2875,2.17e-05,0.2673,0.303,0.1827,0.255,0.2957,0.1722
15,40840,591,2875,2.17e-05,0.2658,0.5191,0.2174,0.2724,0.5219,0.2167
15,40860,611,2875,2.17e-05,0.2972,0.3617,0.1826,0.2787,0.3545,0.174
15,40880,631,2875,2.17e-05,0.322,0.3139,0.199,0.2995,0.3131,0.1933
15,40900,651,2875,2.17e-05,0.2718,0.3413,0.1773,0.2698,0.3237,0.1681
15,40920,671,2875,2.17e-05,0.2923,0.2511,0.1718,0.2804,0.2488,0.1694
15,40940,691,2875,2.17e-05,0.3016,0.3117,0.19,0.2946,0.3046,0.1832
15,40960,711,2875,2.17e-05,0.2923,0.3569,0.1859,0.2789,0.3302,0.1758
15,40980,731,2875,2.17e-05,0.2476,0.2435,0.1701,0.2264,0.2485,0.1653
15,41000,751,2875,2.17e-05,0.2503,0.3947,0.2145,0.2252,0.3663,0.2002
15,41020,771,2875,2.17e-05,0.3495,0.3113,0.183,0.2808,0.2639,0.1633
15,41040,791,2875,2.17e-05,0.2992,0.3686,0.2068,0.2755,0.3645,0.2048
15,41060,811,2875,2.17e-05,0.2815,0.3634,0.185,0.2583,0.3538,0.1799
15,41080,831,2875,2.17e-05,0.2214,0.3297,0.1882,0.2117,0.3366,0.1847
15,41100,851,2875,2.17e-05,0.2595,0.3096,0.184,0.2594,0.3078,0.1771
15,41120,871,2875,2.17e-05,0.2684,0.2788,0.1585,0.2422,0.2692,0.1515
15,41140,891,2875,2.17e-05,0.3054,0.2475,0.1595,0.2951,0.2361,0.1532
15,41160,911,2875,2.17e-05,0.2661,0.3284,0.1818,0.2551,0.2981,0.1723
15,41180,931,2875,2.17e-05,0.2447,0.3071,0.1742,0.2228,0.3131,0.1691
15,41200,951,2875,2.17e-05,0.2602,0.3856,0.1858,0.2605,0.3749,0.1817
15,41220,971,2875,2.17e-05,0.3215,0.413,0.2093,0.297,0.4016,0.1999
15,41240,991,2875,2.17e-05,0.2119,0.3443,0.1715,0.1995,0.328,0.1669
15,41260,1011,2875,2.17e-05,0.2838,0.2938,0.1838,0.2461,0.2838,0.179
15,41280,1031,2875,2.17e-05,0.3342,0.3088,0.1867,0.291,0.2783,0.1687
15,41300,1051,2875,2.17e-05,0.2857,0.3427,0.2013,0.2537,0.313,0.1945
15,41320,1071,2875,2.17e-05,0.2281,0.3012,0.1717,0.2146,0.276,0.1623
15,41340,1091,2875,2.17e-05,0.4251,0.3466,0.182,0.4285,0.3202,0.1723
15,41360,1111,2875,2.17e-05,0.2406,0.3586,0.1933,0.2258,0.3552,0.1856
15,41380,1131,2875,2.17e-05,0.3315,0.3054,0.1626,0.3198,0.3207,0.1664
15,41400,1151,2875,2.17e-05,0.1969,0.3169,0.1826,0.1897,0.3117,0.1796
15,41420,1171,2875,2.17e-05,0.2827,0.292,0.1739,0.236,0.2495,0.1563
15,41440,1191,2875,2.17e-05,0.3628,0.3395,0.198,0.2901,0.3237,0.1857
15,41460,1211,2875,2.17e-05,0.2368,0.3327,0.2013,0.2202,0.3262,0.1911
15,41480,1231,2875,2.17e-05,0.3349,0.395,0.1986,0.3003,0.378,0.1877
15,41500,1251,2875,2.17e-05,0.3106,0.3009,0.1702,0.2868,0.2729,0.1568
15,41520,1271,2875,2.17e-05,0.2735,0.3855,0.2191,0.2789,0.3908,0.2124
15,41540,1291,2875,2.17e-05,0.2758,0.2899,0.1816,0.2712,0.2854,0.1736
15,41560,1311,2875,2.17e-05,0.227,0.3986,0.1836,0.2182,0.3741,0.1781
15,41580,1331,2875,2.17e-05,0.2631,0.3983,0.1764,0.2413,0.3614,0.1564
15,41600,1351,2875,2.17e-05,0.3811,0.3188,0.1783,0.3977,0.3165,0.1768
15,41620,1371,2875,2.17e-05,0.3123,0.3881,0.195,0.3103,0.3627,0.1842
15,41640,1391,2875,2.17e-05,0.2434,0.3022,0.1702,0.2324,0.2925,0.1662
15,41660,1411,2875,2.17e-05,0.2565,0.3486,0.1804,0.2563,0.3331,0.1771
15,41680,1431,2875,2.17e-05,0.2542,0.3065,0.1754,0.2498,0.3104,0.1745
15,41700,1451,2875,2.17e-05,0.3789,0.2724,0.1706,0.3361,0.247,0.1698
15,41720,1471,2875,2.17e-05,0.3943,0.3837,0.1857,0.3883,0.3585,0.1789
15,41740,1491,2875,2.17e-05,0.2632,0.2952,0.1593,0.2324,0.2905,0.1505
15,41760,1511,2875,2.17e-05,0.2367,0.2338,0.1547,0.2208,0.2266,0.1509
15,41780,1531,2875,2.17e-05,0.328,0.3751,0.2123,0.3205,0.3654,0.2011
15,41800,1551,2875,2.17e-05,0.2768,0.3977,0.2047,0.264,0.3877,0.1999
15,41820,1571,2875,2.17e-05,0.3213,0.2513,0.1794,0.2754,0.2095,0.1624
15,41840,1591,2875,2.17e-05,0.389,0.3459,0.1866,0.3777,0.3487,0.1828
15,41860,1611,2875,2.17e-05,0.2601,0.3336,0.1815,0.2473,0.3224,0.1763
15,41880,1631,2875,2.17e-05,0.2641,0.3234,0.1868,0.2537,0.3106,0.1822
15,41900,1651,2875,2.17e-05,0.2398,0.2651,0.1692,0.2372,0.2721,0.1663
15,41920,1671,2875,2.17e-05,0.2505,0.3229,0.1719,0.2257,0.3246,0.1697
15,41940,1691,2875,2.17e-05,0.2293,0.3284,0.1941,0.2272,0.3343,0.1913
15,41960,1711,2875,2.17e-05,0.2246,0.3183,0.1807,0.205,0.3269,0.1778
15,41980,1731,2875,2.17e-05,0.2569,0.364,0.1876,0.2573,0.3376,0.1752
15,42000,1751,2875,2.17e-05,0.2003,0.2515,0.1559,0.1892,0.26,0.1542
15,42020,1771,2875,2.17e-05,0.2519,0.3282,0.1838,0.2201,0.3132,0.1777
15,42040,1791,2875,2.17e-05,0.2542,0.2992,0.1714,0.2399,0.2841,0.1628
15,42060,1811,2875,2.17e-05,0.2319,0.2486,0.1552,0.1975,0.2465,0.1464
15,42080,1831,2875,2.17e-05,0.2633,0.3739,0.2004,0.2598,0.3617,0.1916
15,42100,1851,2875,2.17e-05,0.228,0.4572,0.198,0.2136,0.4501,0.2006
15,42120,1871,2875,2.17e-05,0.195,0.3058,0.1712,0.1713,0.3095,0.172
15,42140,1891,2875,2.17e-05,0.2759,0.272,0.1856,0.2656,0.2735,0.1858
15,42160,1911,2875,2.17e-05,0.234,0.3436,0.1873,0.2283,0.3511,0.1853
15,42180,1931,2875,2.17e-05,0.2854,0.3628,0.2005,0.2734,0.3777,0.201
15,42200,1951,2875,2.17e-05,0.3117,0.3778,0.2012,0.2937,0.3617,0.1969
15,42220,1971,2875,2.17e-05,0.2317,0.3065,0.1662,0.2158,0.2909,0.1582
15,42240,1991,2875,2.17e-05,0.2096,0.2403,0.1682,0.1802,0.228,0.1608
15,42260,2011,2875,2.17e-05,0.2072,0.337,0.1811,0.2073,0.3432,0.1821
15,42280,2031,2875,2.17e-05,0.2826,0.336,0.222,0.2797,0.3321,0.2118
15,42300,2051,2875,2.17e-05,0.2842,0.2835,0.18,0.2632,0.2929,0.1807
15,42320,2071,2875,2.17e-05,0.2908,0.349,0.1941,0.2758,0.3476,0.1976
15,42340,2091,2875,2.17e-05,0.2607,0.3389,0.2031,0.2144,0.3157,0.1989
15,42360,2111,2875,2.17e-05,0.2416,0.2847,0.1746,0.2143,0.2856,0.1694
15,42380,2131,2875,2.17e-05,0.2484,0.3546,0.1923,0.2219,0.3433,0.1878
15,42400,2151,2875,2.17e-05,0.2344,0.2651,0.1777,0.2229,0.2702,0.1787
15,42420,2171,2875,2.17e-05,0.2641,0.4048,0.2059,0.2314,0.3893,0.2006
15,42440,2191,2875,2.17e-05,0.4077,0.3948,0.22,0.3934,0.3829,0.2119
15,42460,2211,2875,2.17e-05,0.3343,0.4166,0.2212,0.3131,0.4057,0.2159
15,42480,2231,2875,2.17e-05,0.2772,0.3157,0.1769,0.2648,0.3086,0.1723
15,42500,2251,2875,2.17e-05,0.2943,0.3423,0.1749,0.283,0.3324,0.1716
15,42520,2271,2875,2.17e-05,0.2603,0.3722,0.1998,0.2454,0.3614,0.1948
15,42540,2291,2875,2.17e-05,0.3114,0.3244,0.2052,0.3017,0.3241,0.1962
15,42560,2311,2875,2.17e-05,0.2716,0.3447,0.1978,0.2543,0.3218,0.1953
15,42580,2331,2875,2.17e-05,0.2371,0.352,0.1843,0.2195,0.3311,0.1737
15,42600,2351,2875,2.17e-05,0.2675,0.322,0.1919,0.2494,0.2983,0.1844
15,42620,2371,2875,2.17e-05,0.1644,0.217,0.1775,0.1525,0.2153,0.1753
15,42640,2391,2875,2.17e-05,0.2794,0.3088,0.1899,0.2711,0.3168,0.1881
15,42660,2411,2875,2.17e-05,0.2785,0.4085,0.1991,0.2746,0.3971,0.1915
15,42680,2431,2875,2.17e-05,0.299,0.3193,0.1841,0.2798,0.3041,0.1746
15,42700,2451,2875,2.17e-05,0.2768,0.3473,0.1768,0.2816,0.3331,0.1648
15,42720,2471,2875,2.17e-05,0.2582,0.3018,0.1758,0.2228,0.2891,0.1714
15,42740,2491,2875,2.17e-05,0.2999,0.3551,0.1884,0.2855,0.3364,0.1793
15,42760,2511,2875,2.17e-05,0.3826,0.3251,0.1964,0.3559,0.3071,0.1821
15,42780,2531,2875,2.17e-05,0.2937,0.3504,0.1925,0.2768,0.3474,0.1852
15,42800,2551,2875,2.17e-05,0.1941,0.4046,0.2041,0.1882,0.3993,0.1999
15,42820,2571,2875,2.17e-05,0.3312,0.3244,0.1886,0.3114,0.3064,0.1818
15,42840,2591,2875,2.17e-05,0.317,0.344,0.1951,0.3239,0.322,0.1859
15,42860,2611,2875,2.17e-05,0.2342,0.3868,0.1876,0.2287,0.3792,0.1845
15,42880,2631,2875,2.17e-05,0.3584,0.3716,0.1747,0.3432,0.3731,0.1697
15,42900,2651,2875,2.17e-05,0.2631,0.3184,0.1848,0.2549,0.3206,0.1828
15,42920,2671,2875,2.17e-05,0.2954,0.3619,0.1911,0.2945,0.3607,0.1875
15,42940,2691,2875,2.17e-05,0.3044,0.4267,0.2011,0.2815,0.4111,0.196
15,42960,2711,2875,2.17e-05,0.2281,0.2952,0.1798,0.2174,0.3034,0.1761
15,42980,2731,2875,2.17e-05,0.3534,0.3822,0.2355,0.363,0.3601,0.2276
15,43000,2751,2875,2.17e-05,0.2811,0.3587,0.1975,0.2555,0.3403,0.1892
15,43020,2771,2875,2.17e-05,0.2226,0.3476,0.1773,0.2244,0.3396,0.173
15,43040,2791,2875,2.17e-05,0.3477,0.3115,0.193,0.3238,0.2928,0.1819
15,43060,2811,2875,2.17e-05,0.288,0.4104,0.2138,0.2825,0.3918,0.2108
15,43080,2831,2875,2.17e-05,0.2305,0.3294,0.1959,0.2339,0.2999,0.1822
15,43100,2851,2875,2.17e-05,0.2752,0.3346,0.2085,0.2583,0.3205,0.202
15,43120,2871,2875,2.17e-05,0.2443,0.4125,0.2039,0.2337,0.3985,0.1991
16,43140,16,2875,2.11e-05,0.2778,0.3814,0.203,0.2669,0.3795,0.1965
16,43160,36,2875,2.11e-05,0.3213,0.4071,0.2101,0.2966,0.381,0.1952
16,43180,56,2875,2.11e-05,0.2251,0.2673,0.1732,0.2158,0.2612,0.1703
16,43200,76,2875,2.11e-05,0.2682,0.3474,0.199,0.241,0.3522,0.1962
16,43220,96,2875,2.11e-05,0.2658,0.3262,0.1706,0.2377,0.3147,0.1654
16,43240,116,2875,2.11e-05,0.3345,0.3579,0.1887,0.3239,0.3351,0.1786
16,43260,136,2875,2.11e-05,0.2545,0.2477,0.1697,0.2439,0.2256,0.157
16,43280,156,2875,2.11e-05,0.3039,0.4038,0.2086,0.2952,0.3855,0.2012
16,43300,176,2875,2.11e-05,0.2535,0.3101,0.1912,0.236,0.3013,0.1917
16,43320,196,2875,2.11e-05,0.3338,0.3689,0.2074,0.3138,0.3567,0.2018
16,43340,216,2875,2.11e-05,0.3778,0.2882,0.1885,0.4027,0.2791,0.1782
16,43360,236,2875,2.11e-05,0.2437,0.3316,0.1933,0.234,0.3378,0.1948
16,43380,256,2875,2.11e-05,0.2037,0.2821,0.1859,0.1846,0.2821,0.1886
16,43400,276,2875,2.11e-05,0.2687,0.3354,0.1836,0.2675,0.3364,0.1789
16,43420,296,2875,2.11e-05,0.2734,0.2833,0.1885,0.2499,0.2767,0.1805
16,43440,316,2875,2.11e-05,0.2058,0.3231,0.1944,0.1878,0.3284,0.1921
16,43460,336,2875,2.11e-05,0.2457,0.2691,0.1568,0.1937,0.2532,0.1503
16,43480,356,2875,2.11e-05,0.2351,0.3108,0.1896,0.2361,0.3222,0.1876
16,43500,376,2875,2.11e-05,0.3173,0.2791,0.2025,0.3056,0.2809,0.1964
16,43520,396,2875,2.11e-05,0.2896,0.316,0.1776,0.2821,0.3094,0.1717
16,43540,416,2875,2.11e-05,0.2202,0.4396,0.2258,0.1796,0.4175,0.227
16,43560,436,2875,2.11e-05,0.2594,0.4016,0.1907,0.2513,0.3827,0.1877
16,43580,456,2875,2.11e-05,0.265,0.355,0.1956,0.2705,0.335,0.1901
16,43600,476,2875,2.11e-05,0.2262,0.3844,0.2119,0.2155,0.3731,0.2057
16,43620,496,2875,2.11e-05,0.3032,0.3651,0.1881,0.2938,0.3226,0.1702
16,43640,516,2875,2.11e-05,0.2466,0.3081,0.2063,0.2363,0.3055,0.1975
16,43660,536,2875,2.11e-05,0.3149,0.3159,0.1695,0.2917,0.3007,0.162
16,43680,556,2875,2.11e-05,0.2662,0.3756,0.203,0.2698,0.3655,0.1951
16,43700,576,2875,2.11e-05,0.2759,0.3087,0.1679,0.2718,0.2948,0.1605
16,43720,596,2875,2.11e-05,0.2468,0.3094,0.1781,0.2382,0.3127,0.1747
16,43740,616,2875,2.11e-05,0.2877,0.2446,0.172,0.271,0.2203,0.1615
16,43760,636,2875,2.11e-05,0.2967,0.3456,0.1965,0.2706,0.3396,0.1884
16,43780,656,2875,2.11e-05,0.3411,0.3634,0.2334,0.3238,0.2952,0.183
16,43800,676,2875,2.11e-05,0.1932,0.2853,0.1835,0.1797,0.2654,0.1771
16,43820,696,2875,2.11e-05,0.2591,0.4025,0.1843,0.2489,0.3921,0.1787
16,43840,716,2875,2.11e-05,0.2955,0.3992,0.2142,0.2791,0.3907,0.2065
16,43860,736,2875,2.11e-05,0.297,0.4321,0.1929,0.2865,0.4263,0.1855
16,43880,756,2875,2.11e-05,0.3373,0.3491,0.1928,0.3362,0.3435,0.1841
16,43900,776,2875,2.11e-05,0.2562,0.239,0.1564,0.2415,0.2384,0.1555
16,43920,796,2875,2.11e-05,0.2967,0.357,0.1928,0.2679,0.3399,0.1873
16,43940,816,2875,2.11e-05,0.2388,0.3219,0.1999,0.2424,0.3179,0.1987
16,43960,836,2875,2.11e-05,0.2655,0.3074,0.1949,0.249,0.2807,0.1884
16,43980,856,2875,2.11e-05,0.2479,0.2663,0.1693,0.222,0.2547,0.1665
16,44000,876,2875,2.11e-05,0.2582,0.346,0.1884,0.2438,0.3284,0.178
16,44020,896,2875,2.11e-05,0.26,0.3639,0.1882,0.2472,0.3444,0.1798
16,44040,916,2875,2.11e-05,0.2284,0.2838,0.1692,0.2123,0.2639,0.1669
16,44060,936,2875,2.11e-05,0.1839,0.3596,0.1762,0.1775,0.3644,0.1731
16,44080,956,2875,2.11e-05,0.2303,0.295,0.2222,0.2135,0.2982,0.2111
16,44100,976,2875,2.11e-05,0.2619,0.3313,0.1734,0.2365,0.3307,0.171
16,44120,996,2875,2.11e-05,0.2045,0.285,0.1774,0.1986,0.2766,0.1741
16,44140,1016,2875,2.11e-05,0.3286,0.3043,0.1816,0.2939,0.2852,0.1706
16,44160,1036,2875,2.11e-05,0.2738,0.3285,0.1938,0.2599,0.3164,0.1861
16,44180,1056,2875,2.11e-05,0.3009,0.3587,0.2012,0.2977,0.3546,0.1952
16,44200,1076,2875,2.11e-05,0.244,0.387,0.2025,0.2495,0.3801,0.1985
16,44220,1096,2875,2.11e-05,0.2994,0.359,0.2043,0.2994,0.3438,0.1959
16,44240,1116,2875,2.11e-05,0.2409,0.304,0.1822,0.2237,0.2957,0.1787
16,44260,1136,2875,2.11e-05,0.2771,0.412,0.1864,0.2771,0.4005,0.1797
16,44280,1156,2875,2.11e-05,0.3219,0.4171,0.2061,0.3079,0.3919,0.2003
16,44300,1176,2875,2.11e-05,0.3171,0.3489,0.2013,0.2904,0.3245,0.1916
16,44320,1196,2875,2.11e-05,0.2285,0.3894,0.2034,0.2252,0.3873,0.1994
16,44340,1216,2875,2.11e-05,0.2429,0.2925,0.1632,0.2217,0.2685,0.1529
16,44360,1236,2875,2.11e-05,0.1997,0.2475,0.1714,0.1776,0.2458,0.1612
16,44380,1256,2875,2.11e-05,0.197,0.2948,0.1741,0.1856,0.286,0.1702
16,44400,1276,2875,2.11e-05,0.2962,0.2898,0.1564,0.2878,0.2746,0.1492
16,44420,1296,2875,2.11e-05,0.3508,0.389,0.2042,0.3295,0.3809,0.2034
16,44440,1316,2875,2.11e-05,0.2422,0.2911,0.1853,0.2229,0.2612,0.1722
16,44460,1336,2875,2.11e-05,0.2428,0.2563,0.1748,0.2183,0.2447,0.1682
16,44480,1356,2875,2.11e-05,0.2042,0.323,0.1891,0.1996,0.316,0.1865
16,44500,1376,2875,2.11e-05,0.2801,0.389,0.2028,0.2577,0.3641,0.1953
16,44520,1396,2875,2.11e-05,0.1725,0.258,0.1796,0.1668,0.2549,0.1743
16,44540,1416,2875,2.11e-05,0.2967,0.3009,0.1779,0.2636,0.3101,0.1732
16,44560,1436,2875,2.11e-05,0.2336,0.2788,0.1741,0.2139,0.2688,0.1621
16,44580,1456,2875,2.11e-05,0.2592,0.3575,0.2074,0.261,0.3384,0.198
16,44600,1476,2875,2.11e-05,0.2359,0.3794,0.1813,0.2355,0.3703,0.1762
16,44620,1496,2875,2.11e-05,0.2667,0.3663,0.1773,0.2504,0.3523,0.1752
16,44640,1516,2875,2.11e-05,0.2879,0.2592,0.156,0.2709,0.2608,0.1522
16,44660,1536,2875,2.11e-05,0.3472,0.2603,0.1776,0.3208,0.2359,0.1612
16,44680,1556,2875,2.11e-05,0.2434,0.3604,0.1847,0.2411,0.3469,0.1791
16,44700,1576,2875,2.11e-05,0.2726,0.3853,0.1897,0.2616,0.3715,0.1799
16,44720,1596,2875,2.11e-05,0.2334,0.3562,0.192,0.2124,0.346,0.1845
16,44740,1616,2875,2.11e-05,0.2958,0.274,0.1947,0.2823,0.2665,0.1869
16,44760,1636,2875,2.11e-05,0.2501,0.374,0.2037,0.2489,0.3581,0.1989
16,44780,1656,2875,2.11e-05,0.2803,0.3305,0.1871,0.2612,0.3313,0.1824
16,44800,1676,2875,2.11e-05,0.2399,0.3963,0.1984,0.2339,0.3718,0.1915
16,44820,1696,2875,2.11e-05,0.2296,0.2763,0.1724,0.2122,0.256,0.1677
16,44840,1716,2875,2.11e-05,0.2754,0.3176,0.1775,0.2503,0.3337,0.188
16,44860,1736,2875,2.11e-05,0.2895,0.3506,0.1916,0.2811,0.3487,0.1815
16,44880,1756,2875,2.11e-05,0.2602,0.2811,0.1702,0.2577,0.2388,0.1529
16,44900,1776,2875,2.11e-05,0.2963,0.2656,0.1723,0.3348,0.2386,0.1627
16,44920,1796,2875,2.11e-05,0.3716,0.3358,0.2078,0.3416,0.3188,0.2033
16,44940,1816,2875,2.11e-05,0.2826,0.331,0.1842,0.2539,0.3318,0.179
16,44960,1836,2875,2.11e-05,0.2708,0.2942,0.1767,0.2576,0.2761,0.1716
16,44980,1856,2875,2.11e-05,0.3221,0.4147,0.2002,0.2904,0.415,0.2019
16,45000,1876,2875,2.11e-05,0.1696,0.2138,0.1469,0.1525,0.1946,0.1384
16,45020,1896,2875,2.11e-05,0.1833,0.3207,0.1827,0.1718,0.3225,0.1814
16,45040,1916,2875,2.11e-05,0.265,0.2545,0.1761,0.2398,0.248,0.1698
16,45060,1936,2875,2.11e-05,0.2478,0.3418,0.1953,0.2279,0.3441,0.1861
16,45080,1956,2875,2.11e-05,0.399,0.493,0.2551,0.3771,0.4723,0.2489
16,45100,1976,2875,2.11e-05,0.2836,0.3633,0.1984,0.2821,0.3712,0.2021
16,45120,1996,2875,2.11e-05,0.2529,0.3069,0.1888,0.2438,0.287,0.1815
16,45140,2016,2875,2.11e-05,0.2792,0.2721,0.1798,0.2683,0.2441,0.1655
16,45160,2036,2875,2.11e-05,0.2629,0.3936,0.2098,0.2634,0.377,0.2038
16,45180,2056,2875,2.11e-05,0.316,0.3571,0.2051,0.2875,0.3579,0.2027
16,45200,2076,2875,2.11e-05,0.2992,0.2968,0.1846,0.2616,0.2614,0.169
16,45220,2096,2875,2.11e-05,0.2407,0.3814,0.1964,0.2457,0.3794,0.1901
16,45240,2116,2875,2.11e-05,0.2366,0.3038,0.1868,0.2238,0.2795,0.1795
16,45260,2136,2875,2.11e-05,0.2817,0.4003,0.2105,0.2729,0.3879,0.2041
16,45280,2156,2875,2.11e-05,0.2616,0.3263,0.1814,0.266,0.3283,0.1763
16,45300,2176,2875,2.11e-05,0.253,0.2978,0.1824,0.2287,0.2963,0.1775
16,45320,2196,2875,2.11e-05,0.4433,0.3645,0.2097,0.4259,0.3053,0.1941
16,45340,2216,2875,2.11e-05,0.3441,0.328,0.1915,0.3007,0.3045,0.1819
16,45360,2236,2875,2.11e-05,0.2939,0.3073,0.1808,0.2734,0.3072,0.1733
16,45380,2256,2875,2.11e-05,0.2287,0.3727,0.1826,0.2351,0.365,0.1765
16,45400,2276,2875,2.11e-05,0.1725,0.2192,0.1685,0.1665,0.2123,0.1676
16,45420,2296,2875,2.11e-05,0.3161,0.3854,0.2,0.2937,0.3793,0.1905
16,45440,2316,2875,2.11e-05,0.2483,0.2377,0.1667,0.2169,0.2314,0.1623
16,45460,2336,2875,2.11e-05,0.2426,0.334,0.1836,0.2303,0.316,0.1801
16,45480,2356,2875,2.11e-05,0.2731,0.304,0.1819,0.271,0.28,0.1719
16,45500,2376,2875,2.11e-05,0.2579,0.3463,0.1998,0.2352,0.3479,0.1919
16,45520,2396,2875,2.11e-05,0.1828,0.3019,0.1773,0.1905,0.2898,0.1734
16,45540,2416,2875,2.11e-05,0.3037,0.3283,0.1767,0.2896,0.3086,0.1683
16,45560,2436,2875,2.11e-05,0.246,0.2971,0.187,0.242,0.2933,0.1832
16,45580,2456,2875,2.11e-05,0.2995,0.2995,0.1964,0.2796,0.2753,0.1911
16,45600,2476,2875,2.11e-05,0.3209,0.397,0.2231,0.3148,0.3823,0.2215
16,45620,2496,2875,2.11e-05,0.3566,0.3457,0.2051,0.3225,0.3287,0.1929
16,45640,2516,2875,2.11e-05,0.2583,0.2906,0.1561,0.2463,0.3014,0.1585
16,45660,2536,2875,2.11e-05,0.331,0.3153,0.1949,0.3028,0.3066,0.1915
16,45680,2556,2875,2.11e-05,0.2436,0.3445,0.1827,0.2305,0.3319,0.1746
16,45700,2576,2875,2.11e-05,0.2865,0.3004,0.1958,0.2744,0.2923,0.1848
16,45720,2596,2875,2.11e-05,0.2587,0.3023,0.1842,0.2394,0.2918,0.1783
16,45740,2616,2875,2.11e-05,0.2949,0.4096,0.2243,0.2831,0.3962,0.2191
16,45760,2636,2875,2.11e-05,0.2181,0.2774,0.1745,0.2267,0.2574,0.1648
16,45780,2656,2875,2.11e-05,0.3673,0.3996,0.2082,0.3532,0.3898,0.1948
16,45800,2676,2875,2.11e-05,0.2767,0.3225,0.1872,0.2561,0.3103,0.1785
16,45820,2696,2875,2.11e-05,0.1999,0.3028,0.1833,0.1914,0.298,0.1776
16,45840,2716,2875,2.11e-05,0.2296,0.3293,0.1852,0.2142,0.3182,0.1814
16,45860,2736,2875,2.11e-05,0.3929,0.3728,0.2089,0.3923,0.3677,0.2082
16,45880,2756,2875,2.11e-05,0.2224,0.2386,0.1625,0.2041,0.2231,0.1514
16,45900,2776,2875,2.11e-05,0.256,0.2681,0.1648,0.2221,0.2468,0.1485
16,45920,2796,2875,2.11e-05,0.2907,0.2876,0.1683,0.2943,0.2796,0.1566
16,45940,2816,2875,2.11e-05,0.2885,0.3273,0.1905,0.2727,0.3229,0.1816
16,45960,2836,2875,2.11e-05,0.3342,0.3361,0.186,0.3393,0.3136,0.1807
16,45980,2856,2875,2.11e-05,0.1921,0.3094,0.1863,0.1811,0.2945,0.1836
17,46000,1,2875,2.05e-05,0.2065,0.2518,0.1805,0.1738,0.2388,0.1739
17,46020,21,2875,2.05e-05,0.3056,0.3015,0.1832,0.3256,0.3006,0.1757
17,46040,41,2875,2.05e-05,0.2887,0.3366,0.1886,0.2582,0.324,0.1776
17,46060,61,2875,2.05e-05,0.2808,0.3537,0.1916,0.2571,0.3573,0.1897
17,46080,81,2875,2.05e-05,0.2602,0.3157,0.1803,0.2539,0.2962,0.1755
17,46100,101,2875,2.05e-05,0.2889,0.3155,0.1993,0.2649,0.2994,0.1878
17,46120,121,2875,2.05e-05,0.3673,0.2542,0.1764,0.3526,0.2416,0.1708
17,46140,141,2875,2.05e-05,0.3039,0.3596,0.2106,0.2871,0.3357,0.2007
17,46160,161,2875,2.05e-05,0.3133,0.3855,0.1965,0.2946,0.3695,0.1906
17,46180,181,2875,2.05e-05,0.2803,0.3069,0.1871,0.2919,0.2821,0.1825
17,46200,201,2875,2.05e-05,0.2354,0.3499,0.1956,0.2361,0.3437,0.1913
17,46220,221,2875,2.05e-05,0.2444,0.3061,0.1758,0.1973,0.2911,0.1744
17,46240,241,2875,2.05e-05,0.2864,0.3178,0.1714,0.2726,0.2894,0.1609
17,46260,261,2875,2.05e-05,0.2599,0.3697,0.189,0.2236,0.312,0.1632
17,46280,281,2875,2.05e-05,0.2346,0.3128,0.188,0.231,0.3041,0.183
17,46300,301,2875,2.05e-05,0.2334,0.2639,0.1638,0.21,0.2457,0.1555
17,46320,321,2875,2.05e-05,0.2824,0.2882,0.1803,0.2651,0.2789,0.1744
17,46340,341,2875,2.05e-05,0.2431,0.2644,0.1572,0.2159,0.256,0.1524
17,46360,361,2875,2.05e-05,0.2485,0.2737,0.1682,0.1938,0.228,0.1495
17,46380,381,2875,2.05e-05,0.3368,0.3617,0.1887,0.3312,0.3584,0.185
17,46400,401,2875,2.05e-05,0.3867,0.3085,0.1797,0.3643,0.2772,0.1601
17,46420,421,2875,2.05e-05,0.2193,0.271,0.172,0.2239,0.2633,0.1682
17,46440,441,2875,2.05e-05,0.2291,0.342,0.186,0.2099,0.3334,0.1809
17,46460,461,2875,2.05e-05,0.206,0.3079,0.1826,0.2069,0.3001,0.1755
17,46480,481,2875,2.05e-05,0.3574,0.3636,0.2063,0.3213,0.3339,0.1859
17,46500,501,2875,2.05e-05,0.2757,0.389,0.2007,0.2855,0.3777,0.1944
17,46520,521,2875,2.05e-05,0.2346,0.2527,0.1653,0.2075,0.2414,0.1597
17,46540,541,2875,2.05e-05,0.1831,0.2,0.1455,0.1711,0.1747,0.1386
17,46560,561,2875,2.05e-05,0.2657,0.36,0.1919,0.2543,0.3483,0.1858
17,46580,581,2875,2.05e-05,0.2812,0.3837,0.199,0.2649,0.383,0.1932
17,46600,601,2875,2.05e-05,0.2322,0.2693,0.1746,0.2379,0.2534,0.171
17,46620,621,2875,2.05e-05,0.2565,0.3266,0.1761,0.2387,0.3268,0.1738
17,46640,641,2875,2.05e-05,0.2129,0.2592,0.1742,0.1914,0.261,0.173
17,46660,661,2875,2.05e-05,0.2834,0.2722,0.1709,0.2683,0.2598,0.1642
17,46680,681,2875,2.05e-05,0.2402,0.3303,0.1877,0.226,0.3395,0.188
17,46700,701,2875,2.05e-05,0.1973,0.3953,0.1668,0.173,0.3618,0.1583
17,46720,721,2875,2.05e-05,0.1966,0.3263,0.1868,0.181,0.3222,0.1824
17,46740,741,2875,2.05e-05,0.217,0.2607,0.1708,0.2338,0.2467,0.1675
17,46760,761,2875,2.05e-05,0.3143,0.3581,0.2094,0.3035,0.3315,0.1939
17,46780,781,2875,2.05e-05,0.2421,0.2832,0.1832,0.2111,0.2702,0.176
17,46800,801,2875,2.05e-05,0.3945,0.4759,0.2563,0.4043,0.4507,0.2562
17,46820,821,2875,2.05e-05,0.2087,0.3246,0.1688,0.1973,0.3204,0.1649
17,46840,841,2875,2.05e-05,0.3063,0.3155,0.1917,0.2836,0.3136,0.1861
17,46860,861,2875,2.05e-05,0.259,0.3194,0.1768,0.2441,0.3073,0.174
17,46880,881,2875,2.05e-05,0.3925,0.3783,0.2195,0.3924,0.3586,0.2108
17,46900,901,2875,2.05e-05,0.367,0.3402,0.1775,0.3182,0.3433,0.1737
17,46920,921,2875,2.05e-05,0.1943,0.329,0.1885,0.1792,0.3054,0.1823
17,46940,941,2875,2.05e-05,0.3304,0.3553,0.2149,0.3174,0.3467,0.2169
17,46960,961,2875,2.05e-05,0.2797,0.2891,0.1701,0.2732,0.2905,0.1648
17,46980,981,2875,2.05e-05,0.2813,0.3589,0.1917,0.2641,0.3252,0.182
17,47000,1001,2875,2.05e-05,0.2857,0.3071,0.1837,0.2903,0.2928,0.1757
17,47020,1021,2875,2.05e-05,0.2138,0.2651,0.1756,0.1996,0.2839,0.1781
17,47040,1041,2875,2.05e-05,0.203,0.3266,0.1745,0.1827,0.3144,0.1645
17,47060,1061,2875,2.05e-05,0.2219,0.2926,0.175,0.1951,0.2767,0.1659
17,47080,1081,2875,2.05e-05,0.384,0.3345,0.1753,0.329,0.3018,0.1623
17,47100,1101,2875,2.05e-05,0.2487,0.3173,0.1842,0.2296,0.2982,0.1739
17,47120,1121,2875,2.05e-05,0.2285,0.3101,0.19,0.2338,0.2894,0.1827
17,47140,1141,2875,2.05e-05,0.2118,0.4094,0.1966,0.208,0.4019,0.1985
17,47160,1161,2875,2.05e-05,0.2401,0.2801,0.1758,0.2152,0.2519,0.1674
17,47180,1181,2875,2.05e-05,0.285,0.351,0.1758,0.2711,0.3241,0.1601
17,47200,1201,2875,2.05e-05,0.2776,0.3085,0.1753,0.2645,0.3217,0.1743
17,47220,1221,2875,2.05e-05,0.3135,0.3636,0.2026,0.2917,0.3444,0.197
17,47240,1241,2875,2.05e-05,0.2205,0.2738,0.1754,0.2004,0.2686,0.1735
17,47260,1261,2875,2.05e-05,0.2424,0.3482,0.1877,0.2337,0.3169,0.1795
17,47280,1281,2875,2.05e-05,0.3666,0.4126,0.2012,0.3728,0.3756,0.1902
17,47300,1301,2875,2.05e-05,0.3333,0.3083,0.175,0.3258,0.2842,0.1652
17,47320,1321,2875,2.05e-05,0.2991,0.3307,0.1979,0.2725,0.3147,0.1895
17,47340,1341,2875,2.05e-05,0.2787,0.2874,0.1821,0.2514,0.2623,0.1744
17,47360,1361,2875,2.05e-05,0.2635,0.3765,0.1922,0.2228,0.3552,0.1751
17,47380,1381,2875,2.05e-05,0.268,0.3328,0.1973,0.2627,0.328,0.1922
17,47400,1401,2875,2.05e-05,0.2603,0.2912,0.1788,0.258,0.3106,0.1765
17,47420,1421,2875,2.05e-05,0.2766,0.4032,0.197,0.2607,0.3962,0.1896
17,47440,1441,2875,2.05e-05,0.2541,0.2921,0.1709,0.2147,0.273,0.1688
17,47460,1461,2875,2.05e-05,0.4266,0.3941,0.2062,0.4037,0.3609,0.1975
17,47480,1481,2875,2.05e-05,0.2454,0.3606,0.1857,0.2321,0.3516,0.1832
17,47500,1501,2875,2.05e-05,0.2014,0.2993,0.1674,0.1823,0.2818,0.1581
17,47520,1521,2875,2.05e-05,0.4762,0.3045,0.2106,0.4604,0.2728,0.1912
17,47540,1541,2875,2.05e-05,0.2598,0.3342,0.1807,0.2568,0.3361,0.1752
17,47560,1561,2875,2.05e-05,0.2304,0.3723,0.1826,0.2201,0.3577,0.1763
17,47580,1581,2875,2.05e-05,0.2078,0.3371,0.1905,0.1916,0.3105,0.1828
17,47600,1601,2875,2.05e-05,0.2166,0.3243,0.1844,0.2122,0.3157,0.1808
17,47620,1621,2875,2.05e-05,0.2852,0.2869,0.1687,0.2839,0.2799,0.1618
17,47640,1641,2875,2.05e-05,0.1984,0.2873,0.1692,0.1885,0.2673,0.1615
17,47660,1661,2875,2.05e-05,0.3193,0.4066,0.2138,0.323,0.3921,0.2071
17,47680,1681,2875,2.05e-05,0.3113,0.3728,0.1897,0.2758,0.3518,0.1795
17,47700,1701,2875,2.05e-05,0.2029,0.2393,0.1883,0.1769,0.2034,0.176
17,47720,1721,2875,2.05e-05,0.2149,0.3815,0.1936,0.2098,0.3856,0.1904
17,47740,1741,2875,2.05e-05,0.2944,0.3677,0.1992,0.273,0.3649,0.1929
17,47760,1761,2875,2.05e-05,0.2504,0.3051,0.1928,0.2381,0.2912,0.185
17,47780,1781,2875,2.05e-05,0.251,0.3382,0.1769,0.226,0.3158,0.1681
17,47800,1801,2875,2.05e-05,0.2644,0.2926,0.1782,0.2697,0.2754,0.1712
17,47820,1821,2875,2.05e-05,0.2853,0.327,0.1704,0.2765,0.3408,0.1706
17,47840,1841,2875,2.05e-05,0.2485,0.3915,0.2053,0.2387,0.3714,0.1996
17,47860,1861,2875,2.05e-05,0.2316,0.299,0.1756,0.2074,0.2976,0.1745
17,47880,1881,2875,2.05e-05,0.196,0.3251,0.1784,0.1772,0.3003,0.1707
17,47900,1901,2875,2.05e-05,0.2352,0.277,0.1831,0.2139,0.29,0.1805
17,47920,1921,2875,2.05e-05,0.2251,0.4823,0.2296,0.2488,0.4723,0.23
17,47940,1941,2875,2.05e-05,0.252,0.2586,0.1637,0.2353,0.2658,0.1604
17,47960,1961,2875,2.05e-05,0.269,0.3548,0.2123,0.2557,0.3459,0.2085
17,47980,1981,2875,2.05e-05,0.2483,0.3852,0.1907,0.2338,0.3638,0.1843
17,48000,2001,2875,2.05e-05,0.1989,0.2863,0.18,0.1974,0.2929,0.1824
17,48020,2021,2875,2.05e-05,0.2358,0.2988,0.1811,0.2182,0.2855,0.1758
17,48040,2041,2875,2.05e-05,0.3487,0.3819,0.2048,0.3058,0.3555,0.1965
17,48060,2061,2875,2.05e-05,0.2576,0.2765,0.1861,0.2701,0.2333,0.1685
17,48080,2081,2875,2.05e-05,0.2785,0.3383,0.1898,0.2818,0.3157,0.1841
17,48100,2101,2875,2.05e-05,0.2653,0.3123,0.2036,0.2697,0.3205,0.205
17,48120,2121,2875,2.05e-05,0.2467,0.3333,0.1688,0.2591,0.3213,0.1647
17,48140,2141,2875,2.05e-05,0.2624,0.274,0.1701,0.2633,0.2686,0.1659
17,48160,2161,2875,2.05e-05,0.209,0.3184,0.1638,0.1997,0.3008,0.1576
17,48180,2181,2875,2.05e-05,0.4023,0.3895,0.1886,0.396,0.3594,0.1782
17,48200,2201,2875,2.05e-05,0.157,0.3531,0.1755,0.1617,0.3485,0.1739
17,48220,2221,2875,2.05e-05,0.2681,0.3375,0.1906,0.2559,0.2991,0.1802
17,48240,2241,2875,2.05e-05,0.2385,0.3026,0.1724,0.2195,0.2903,0.1677
17,48260,2261,2875,2.05e-05,0.2879,0.3306,0.1709,0.2697,0.3045,0.1616
17,48280,2281,2875,2.05e-05,0.3125,0.3866,0.196,0.2975,0.3764,0.1896
17,48300,2301,2875,2.05e-05,0.2773,0.384,0.2038,0.2631,0.3849,0.2032
17,48320,2321,2875,2.05e-05,0.1772,0.2973,0.167,0.1743,0.2827,0.1631
17,48340,2341,2875,2.05e-05,0.2363,0.2969,0.1749,0.2132,0.2911,0.1719
17,48360,2361,2875,2.05e-05,0.3262,0.2293,0.1762,0.315,0.2148,0.1671
17,48380,2381,2875,2.05e-05,0.292,0.3711,0.1879,0.2797,0.3473,0.1849
17,48400,2401,2875,2.05e-05,0.263,0.2866,0.1792,0.2381,0.2723,0.1742
17,48420,2421,2875,2.05e-05,0.1841,0.3338,0.1922,0.189,0.3124,0.1864
17,48440,2441,2875,2.05e-05,0.2798,0.3595,0.1991,0.2803,0.3453,0.1972
17,48460,2461,2875,2.05e-05,0.2195,0.2698,0.1623,0.204,0.2723,0.1572
17,48480,2481,2875,2.05e-05,0.2156,0.3373,0.177,0.2139,0.3272,0.1698
17,48500,2501,2875,2.05e-05,0.3619,0.3314,0.1808,0.3107,0.3284,0.1738
17,48520,2521,2875,2.05e-05,0.3104,0.3104,0.1904,0.2718,0.3284,0.193
17,48540,2541,2875,2.05e-05,0.3159,0.326,0.1951,0.2884,0.3111,0.194
17,48560,2561,2875,2.05e-05,0.2583,0.3199,0.1836,0.2394,0.3156,0.1756
17,48580,2581,2875,2.05e-05,0.3233,0.393,0.1952,0.2956,0.3616,0.1826
17,48600,2601,2875,2.05e-05,0.2759,0.4309,0.2013,0.2567,0.4135,0.1944
17,48620,2621,2875,2.05e-05,0.2979,0.2325,0.1804,0.2621,0.2399,0.1781
17,48640,2641,2875,2.05e-05,0.3439,0.4045,0.2348,0.3413,0.3996,0.2302
17,48660,2661,2875,2.05e-05,0.2823,0.3158,0.193,0.2627,0.3099,0.1869
17,48680,2681,2875,2.05e-05,0.2012,0.3013,0.1679,0.2006,0.3069,0.1639
17,48700,2701,2875,2.05e-05,0.2063,0.2754,0.1657,0.1986,0.2806,0.1632
17,48720,2721,2875,2.05e-05,0.346,0.3196,0.1742,0.321,0.3063,0.1662
17,48740,2741,2875,2.05e-05,0.2349,0.331,0.1861,0.2316,0.3216,0.1815
17,48760,2761,2875,2.05e-05,0.2424,0.2378,0.1541,0.2141,0.213,0.137
17,48780,2781,2875,2.05e-05,0.3561,0.3627,0.201,0.3221,0.3412,0.193
17,48800,2801,2875,2.05e-05,0.2995,0.377,0.2011,0.2827,0.3694,0.1928
17,48820,2821,2875,2.05e-05,0.2653,0.2082,0.1774,0.2185,0.1991,0.1695
17,48840,2841,2875,2.05e-05,0.2708,0.3044,0.1806,0.2684,0.2871,0.1709
17,48860,2861,2875,2.05e-05,0.3115,0.3809,0.2004,0.3279,0.4002,0.2068
18,48880,6,2875,1.98e-05,0.2871,0.3174,0.1846,0.2778,0.3089,0.177
18,48900,26,2875,1.98e-05,0.3398,0.4353,0.2099,0.3373,0.3972,0.192
18,48920,46,2875,1.98e-05,0.1811,0.2741,0.1888,0.1703,0.2808,0.1878
18,48940,66,2875,1.98e-05,0.247,0.349,0.1866,0.2465,0.3528,0.1822
18,48960,86,2875,1.98e-05,0.1695,0.2334,0.1522,0.1456,0.2275,0.147
18,48980,106,2875,1.98e-05,0.3063,0.4,0.2126,0.2971,0.3805,0.2075
18,49000,126,2875,1.98e-05,0.2086,0.2734,0.1672,0.1799,0.2686,0.1628
18,49020,146,2875,1.98e-05,0.2092,0.3133,0.1678,0.1996,0.3099,0.1616
18,49040,166,2875,1.98e-05,0.2675,0.306,0.1823,0.2614,0.2917,0.1777
18,49060,186,2875,1.98e-05,0.2251,0.3049,0.18,0.2075,0.3004,0.172
18,49080,206,2875,1.98e-05,0.2884,0.3423,0.1961,0.2717,0.3235,0.1858
18,49100,226,2875,1.98e-05,0.3008,0.39,0.2075,0.2915,0.3937,0.2077
18,49120,246,2875,1.98e-05,0.3948,0.2946,0.1801,0.381,0.2783,0.1726
18,49140,266,2875,1.98e-05,0.2333,0.3775,0.2,0.2177,0.372,0.1976
18,49160,286,2875,1.98e-05,0.3409,0.3098,0.1805,0.3092,0.2969,0.1768
18,49180,306,2875,1.98e-05,0.2362,0.2956,0.1779,0.218,0.2891,0.1719
18,49200,326,2875,1.98e-05,0.1995,0.257,0.1751,0.1788,0.2653,0.1686
18,49220,346,2875,1.98e-05,0.246,0.3382,0.193,0.241,0.3233,0.185
18,49240,366,2875,1.98e-05,0.1996,0.2636,0.1819,0.2006,0.2556,0.1793
18,49260,386,2875,1.98e-05,0.2243,0.2757,0.1789,0.1935,0.2657,0.1714
18,49280,406,2875,1.98e-05,0.338,0.2633,0.1782,0.3427,0.2656,0.1721
18,49300,426,2875,1.98e-05,0.2664,0.3638,0.1922,0.2591,0.3491,0.1861
18,49320,446,2875,1.98e-05,0.216,0.3633,0.1912,0.2108,0.3597,0.1828
18,49340,466,2875,1.98e-05,0.2994,0.4119,0.2007,0.2895,0.3934,0.1901
18,49360,486,2875,1.98e-05,0.3009,0.33,0.2129,0.3092,0.3072,0.2092
18,49380,506,2875,1.98e-05,0.1903,0.2812,0.1858,0.1803,0.2746,0.1868
18,49400,526,2875,1.98e-05,0.244,0.2766,0.1764,0.2219,0.2685,0.1735
18,49420,546,2875,1.98e-05,0.2249,0.2851,0.1754,0.2249,0.2751,0.1696
18,49440,566,2875,1.98e-05,0.269,0.3393,0.1931,0.2548,0.3266,0.1865
18,49460,586,2875,1.98e-05,0.2647,0.299,0.1457,0.2701,0.3153,0.1469
18,49480,606,2875,1.98e-05,0.2211,0.2624,0.1647,0.2212,0.2449,0.1545
18,49500,626,2875,1.98e-05,0.238,0.3203,0.1799,0.2468,0.3259,0.1766
18,49520,646,2875,1.98e-05,0.3971,0.4216,0.2327,0.3934,0.3789,0.2226
18,49540,666,2875,1.98e-05,0.2583,0.3014,0.1736,0.2554,0.3052,0.1704
18,49560,686,2875,1.98e-05,0.2545,0.3717,0.2021,0.2484,0.3596,0.1978
18,49580,706,2875,1.98e-05,0.2207,0.3317,0.1773,0.1906,0.2992,0.1664
18,49600,726,2875,1.98e-05,0.326,0.3937,0.1986,0.3091,0.4146,0.1937
18,49620,746,2875,1.98e-05,0.2466,0.2485,0.1654,0.242,0.2336,0.1586
18,49640,766,2875,1.98e-05,0.2263,0.2856,0.195,0.1964,0.2733,0.1936
18,49660,786,2875,1.98e-05,0.2852,0.3162,0.1791,0.2753,0.3005,0.1664
18,49680,806,2875,1.98e-05,0.2646,0.3433,0.1964,0.2423,0.3477,0.1928
18,49700,826,2875,1.98e-05,0.278,0.3076,0.1971,0.253,0.3055,0.1991
18,49720,846,2875,1.98e-05,0.3846,0.2553,0.1678,0.4087,0.2628,0.1693
18,49740,866,2875,1.98e-05,0.2569,0.3376,0.1788,0.2399,0.3447,0.1772
18,49760,886,2875,1.98e-05,0.2868,0.3132,0.1891,0.2563,0.2989,0.1806
18,49780,906,2875,1.98e-05,0.2662,0.3102,0.1801,0.2736,0.2965,0.1759
18,49800,926,2875,1.98e-05,0.3291,0.2492,0.1704,0.305,0.2445,0.1637
18,49820,946,2875,1.98e-05,0.2555,0.3068,0.1808,0.2337,0.3048,0.1843
18,49840,966,2875,1.98e-05,0.2398,0.2514,0.1794,0.2176,0.2373,0.1694
18,49860,986,2875,1.98e-05,0.3208,0.279,0.1733,0.307,0.2649,0.1654
18,49880,1006,2875,1.98e-05,0.2444,0.2856,0.1789,0.2273,0.2681,0.1724
18,49900,1026,2875,1.98e-05,0.2586,0.3146,0.1844,0.2527,0.3125,0.1803
18,49920,1046,2875,1.98e-05,0.2794,0.3979,0.2119,0.2453,0.3903,0.2092
18,49940,1066,2875,1.98e-05,0.2798,0.337,0.1833,0.2406,0.3104,0.1738
18,49960,1086,2875,1.98e-05,0.2991,0.2986,0.1945,0.2805,0.297,0.1889
18,49980,1106,2875,1.98e-05,0.2708,0.3306,0.2008,0.2581,0.3232,0.1961
18,50000,1126,2875,1.98e-05,0.2903,0.3443,0.1754,0.2866,0.3363,0.1728
18,50020,1146,2875,1.98e-05,0.3025,0.406,0.2087,0.2808,0.3692,0.1975
18,50040,1166,2875,1.98e-05,0.2619,0.2696,0.1785,0.2411,0.254,0.1679
18,50060,1186,2875,1.98e-05,0.2512,0.3331,0.1869,0.2418,0.3253,0.1837
18,50080,1206,2875,1.98e-05,0.2546,0.297,0.1713,0.2569,0.2876,0.1646
18,50100,1226,2875,1.98e-05,0.3084,0.3116,0.2088,0.2786,0.2873,0.2088
18,50120,1246,2875,1.98e-05,0.2267,0.3473,0.1788,0.2272,0.3377,0.1731
18,50140,1266,2875,1.98e-05,0.277,0.2864,0.1866,0.2588,0.2893,0.1783
18,50160,1286,2875,1.98e-05,0.2051,0.3599,0.1678,0.1857,0.345,0.1638
18,50180,1306,2875,1.98e-05,0.2342,0.3571,0.1856,0.2305,0.3592,0.1828
18,50200,1326,2875,1.98e-05,0.3173,0.3876,0.209,0.2923,0.3613,0.2018
18,50220,1346,2875,1.98e-05,0.3262,0.3987,0.2293,0.3063,0.3946,0.2277
18,50240,1366,2875,1.98e-05,0.3023,0.2667,0.1669,0.2835,0.2789,0.1676
18,50260,1386,2875,1.98e-05,0.2364,0.3155,0.174,0.247,0.3166,0.1687
18,50280,1406,2875,1.98e-05,0.2297,0.2798,0.1806,0.2199,0.2771,0.1736
18,50300,1426,2875,1.98e-05,0.2815,0.3063,0.2062,0.2607,0.2903,0.201
18,50320,1446,2875,1.98e-05,0.374,0.3086,0.1978,0.3482,0.3009,0.1943
18,50340,1466,2875,1.98e-05,0.2379,0.3023,0.1755,0.2259,0.3045,0.1693
18,50360,1486,2875,1.98e-05,0.2832,0.3813,0.1942,0.2624,0.3601,0.1816
18,50380,1506,2875,1.98e-05,0.2306,0.2781,0.1779,0.2174,0.2718,0.1728
18,50400,1526,2875,1.98e-05,0.2789,0.3,0.192,0.1931,0.2498,0.155
18,50420,1546,2875,1.98e-05,0.2479,0.3155,0.2046,0.2256,0.3103,0.1968
18,50440,1566,2875,1.98e-05,0.2433,0.2291,0.1741,0.2239,0.2304,0.1649
18,50460,1586,2875,1.98e-05,0.217,0.3515,0.1772,0.2053,0.3495,0.1746
18,50480,1606,2875,1.98e-05,0.4038,0.3078,0.178,0.4188,0.2751,0.1643
18,50500,1626,2875,1.98e-05,0.2434,0.2365,0.1688,0.2264,0.2494,0.1669
18,50520,1646,2875,1.98e-05,0.2235,0.3578,0.1818,0.216,0.3398,0.1731
18,50540,1666,2875,1.98e-05,0.3227,0.3752,0.2005,0.2896,0.3616,0.1916
18,50560,1686,2875,1.98e-05,0.3542,0.3413,0.1995,0.3553,0.3367,0.1901
18,50580,1706,2875,1.98e-05,0.269,0.3082,0.1814,0.2638,0.3116,0.1781
18,50600,1726,2875,1.98e-05,0.3463,0.2875,0.1811,0.3321,0.2726,0.1716
18,50620,1746,2875,1.98e-05,0.2475,0.3231,0.173,0.219,0.2917,0.1626
18,50640,1766,2875,1.98e-05,0.2049,0.3253,0.1914,0.1809,0.3003,0.1817
18,50660,1786,2875,1.98e-05,0.3023,0.3466,0.1884,0.2842,0.3275,0.177
18,50680,1806,2875,1.98e-05,0.291,0.263,0.1673,0.2966,0.2442,0.1567
18,50700,1826,2875,1.98e-05,0.2376,0.3186,0.1712,0.2357,0.2913,0.1616
18,50720,1846,2875,1.98e-05,0.3142,0.3358,0.2134,0.2904,0.313,0.2061
18,50740,1866,2875,1.98e-05,0.2516,0.2867,0.1851,0.247,0.2939,0.183
18,50760,1886,2875,1.98e-05,0.2283,0.3273,0.1829,0.2188,0.3251,0.1776
18,50780,1906,2875,1.98e-05,0.1904,0.2992,0.1432,0.1812,0.299,0.1418
18,50800,1926,2875,1.98e-05,0.2553,0.3626,0.1959,0.238,0.3442,0.1839
18,50820,1946,2875,1.98e-05,0.338,0.3006,0.2019,0.3158,0.2827,0.195
18,50840,1966,2875,1.98e-05,0.2925,0.3704,0.2057,0.2599,0.3345,0.1926
18,50860,1986,2875,1.98e-05,0.2079,0.3412,0.1818,0.193,0.3437,0.1772
18,50880,2006,2875,1.98e-05,0.2542,0.3269,0.173,0.2315,0.312,0.1647
18,50900,2026,2875,1.98e-05,0.3094,0.4686,0.1994,0.3172,0.4551,0.1906
18,50920,2046,2875,1.98e-05,0.2685,0.326,0.1861,0.2541,0.3164,0.1786
18,50940,2066,2875,1.98e-05,0.2049,0.3485,0.2094,0.1885,0.3313,0.21
18,50960,2086,2875,1.98e-05,0.2923,0.3178,0.1915,0.2738,0.3112,0.1816
18,50980,2106,2875,1.98e-05,0.2716,0.4988,0.2288,0.2689,0.4807,0.2239
18,51000,2126,2875,1.98e-05,0.2843,0.3586,0.1847,0.2543,0.3322,0.1721
18,51020,2146,2875,1.98e-05,0.2116,0.3283,0.1947,0.1895,0.3224,0.1902
18,51040,2166,2875,1.98e-05,0.2733,0.3347,0.2018,0.2446,0.3224,0.1991
18,51060,2186,2875,1.98e-05,0.242,0.3251,0.1847,0.2224,0.2934,0.1799
18,51080,2206,2875,1.98e-05,0.2524,0.3456,0.187,0.2402,0.3329,0.182
18,51100,2226,2875,1.98e-05,0.3122,0.3571,0.1898,0.3078,0.355,0.181
18,51120,2246,2875,1.98e-05,0.2075,0.3041,0.1778,0.1942,0.2917,0.1714
18,51140,2266,2875,1.98e-05,0.1975,0.3055,0.1669,0.1832,0.2844,0.1595
18,51160,2286,2875,1.98e-05,0.2745,0.3598,0.199,0.2758,0.3419,0.1919
18,51180,2306,2875,1.98e-05,0.326,0.3725,0.1708,0.305,0.3609,0.1559
18,51200,2326,2875,1.98e-05,0.2742,0.257,0.1759,0.2421,0.25,0.1693
18,51220,2346,2875,1.98e-05,0.2707,0.3527,0.1924,0.2505,0.3473,0.1888
18,51240,2366,2875,1.98e-05,0.2604,0.3373,0.1849,0.2308,0.3182,0.1753
18,51260,2386,2875,1.98e-05,0.318,0.3664,0.1865,0.3157,0.359,0.1809
18,51280,2406,2875,1.98e-05,0.2828,0.3999,0.2031,0.2751,0.3763,0.1896
18,51300,2426,2875,1.98e-05,0.2493,0.3609,0.1935,0.231,0.3424,0.1857
18,51320,2446,2875,1.98e-05,0.2282,0.2822,0.1571,0.2032,0.2792,0.1486
18,51340,2466,2875,1.98e-05,0.2161,0.2616,0.1762,0.2019,0.2514,0.1697
18,51360,2486,2875,1.98e-05,0.2592,0.2825,0.1754,0.2492,0.2822,0.1739
18,51380,2506,2875,1.98e-05,0.218,0.3124,0.1784,0.2002,0.3119,0.1756
18,51400,2526,2875,1.98e-05,0.2091,0.3936,0.2162,0.1851,0.3736,0.2078
18,51420,2546,2875,1.98e-05,0.2298,0.3209,0.1624,0.2034,0.3025,0.1545
18,51440,2566,2875,1.98e-05,0.3085,0.3806,0.2001,0.2898,0.361,0.1886
18,51460,2586,2875,1.98e-05,0.3084,0.2731,0.1797,0.3215,0.2855,0.1797
18,51480,2606,2875,1.98e-05,0.2808,0.447,0.1989,0.2756,0.404,0.1912
18,51500,2626,2875,1.98e-05,0.3053,0.36,0.2028,0.3248,0.3614,0.2008
18,51520,2646,2875,1.98e-05,0.2739,0.3563,0.1982,0.2519,0.3536,0.1938
18,51540,2666,2875,1.98e-05,0.2548,0.2211,0.1436,0.2446,0.2101,0.1334
18,51560,2686,2875,1.98e-05,0.2985,0.4061,0.1782,0.2896,0.4082,0.1745
18,51580,2706,2875,1.98e-05,0.3186,0.3229,0.1846,0.2906,0.3102,0.1789
18,51600,2726,2875,1.98e-05,0.2042,0.2803,0.1837,0.1603,0.2634,0.1718
18,51620,2746,2875,1.98e-05,0.211,0.3252,0.1717,0.1957,0.3034,0.1614
18,51640,2766,2875,1.98e-05,0.2469,0.2265,0.1588,0.2237,0.2004,0.1408
18,51660,2786,2875,1.98e-05,0.2005,0.2849,0.174,0.1781,0.2853,0.1677
18,51680,2806,2875,1.98e-05,0.2561,0.2551,0.1803,0.2488,0.2489,0.1757
18,51700,2826,2875,1.98e-05,0.2779,0.3029,0.1859,0.2564,0.2937,0.1785
18,51720,2846,2875,1.98e-05,0.273,0.3233,0.1825,0.2594,0.3213,0.1776
18,51740,2866,2875,1.98e-05,0.2614,0.3519,0.1963,0.2507,0.337,0.189
19,51760,11,2875,1.91e-05,0.3152,0.3021,0.2024,0.3081,0.2887,0.1919
19,51780,31,2875,1.91e-05,0.3061,0.3288,0.1904,0.2956,0.3127,0.1851
19,51800,51,2875,1.91e-05,0.3863,0.3178,0.1833,0.3872,0.319,0.1783
19,51820,71,2875,1.91e-05,0.3036,0.3485,0.1894,0.2807,0.3469,0.1868
19,51840,91,2875,1.91e-05,0.2848,0.3341,0.2177,0.2518,0.2994,0.205
19,51860,111,2875,1.91e-05,0.235,0.4111,0.1801,0.2322,0.3887,0.1746
19,51880,131,2875,1.91e-05,0.2785,0.3412,0.1956,0.2586,0.336,0.1875
19,51900,151,2875,1.91e-05,0.2343,0.339,0.1879,0.2383,0.3138,0.1795
19,51920,171,2875,1.91e-05,0.2828,0.4066,0.2039,0.2717,0.3846,0.1999
19,51940,191,2875,1.91e-05,0.2082,0.3327,0.1804,0.1991,0.3275,0.1765
19,51960,211,2875,1.91e-05,0.186,0.318,0.1787,0.1702,0.2921,0.1746
19,51980,231,2875,1.91e-05,0.1817,0.207,0.1626,0.1626,0.2083,0.1575
19,52000,251,2875,1.91e-05,0.307,0.3951,0.1826,0.2897,0.3796,0.1766
19,52020,271,2875,1.91e-05,0.2426,0.3343,0.1732,0.2222,0.3179,0.1667
19,52040,291,2875,1.91e-05,0.2246,0.3665,0.1831,0.2233,0.3467,0.1767
19,52060,311,2875,1.91e-05,0.2082,0.2947,0.1812,0.1945,0.2937,0.1706
19,52080,331,2875,1.91e-05,0.3297,0.4474,0.2119,0.2978,0.4255,0.1985
19,52100,351,2875,1.91e-05,0.267,0.3224,0.1853,0.2533,0.3063,0.1802
19,52120,371,2875,1.91e-05,0.1725,0.245,0.1613,0.1537,0.2434,0.1611
19,52140,391,2875,1.91e-05,0.4004,0.3102,0.1873,0.3484,0.3065,0.182
19,52160,411,2875,1.91e-05,0.2676,0.3364,0.1879,0.2435,0.3526,0.1844
19,52180,431,2875,1.91e-05,0.2167,0.3263,0.1887,0.2101,0.3244,0.1854
19,52200,451,2875,1.91e-05,0.2559,0.2548,0.1776,0.2244,0.233,0.1681
19,52220,471,2875,1.91e-05,0.2827,0.3142,0.1821,0.2647,0.291,0.1756
19,52240,491,2875,1.91e-05,0.2718,0.3006,0.1742,0.2599,0.3028,0.1704
19,52260,511,2875,1.91e-05,0.2616,0.293,0.1729,0.2367,0.2801,0.165
19,52280,531,2875,1.91e-05,0.2921,0.328,0.1992,0.2673,0.3313,0.1984
19,52300,551,2875,1.91e-05,0.2153,0.3354,0.1737,0.228,0.3301,0.1695
19,52320,571,2875,1.91e-05,0.2817,0.2908,0.1744,0.261,0.2672,0.1665
19,52340,591,2875,1.91e-05,0.2721,0.3243,0.1824,0.2485,0.3158,0.1804
19,52360,611,2875,1.91e-05,0.2654,0.3602,0.1897,0.2684,0.3481,0.1858
19,52380,631,2875,1.91e-05,0.3076,0.2732,0.1841,0.2806,0.2629,0.1768
19,52400,651,2875,1.91e-05,0.2011,0.3016,0.1772,0.1792,0.3028,0.1736
19,52420,671,2875,1.91e-05,0.2475,0.3532,0.1797,0.2373,0.3397,0.1721
19,52440,691,2875,1.91e-05,0.3047,0.2727,0.1814,0.2837,0.26,0.1737
19,52460,711,2875,1.91e-05,0.2432,0.2899,0.1764,0.208,0.2767,0.1689
19,52480,731,2875,1.91e-05,0.3393,0.3242,0.1904,0.3493,0.3103,0.1807
19,52500,751,2875,1.91e-05,0.2957,0.4688,0.2044,0.2873,0.4289,0.1922
19,52520,771,2875,1.91e-05,0.2754,0.2744,0.1753,0.2548,0.263,0.1698
19,52540,791,2875,1.91e-05,0.246,0.2928,0.1791,0.2241,0.2852,0.1728
19,52560,811,2875,1.91e-05,0.26,0.3347,0.1892,0.2565,0.3135,0.1852
19,52580,831,2875,1.91e-05,0.2668,0.2821,0.1894,0.2555,0.2643,0.1807
19,52600,851,2875,1.91e-05,0.3412,0.3448,0.1993,0.3181,0.3306,0.1944
19,52620,871,2875,1.91e-05,0.2932,0.2912,0.1926,0.2789,0.2556,0.1842
19,52640,891,2875,1.91e-05,0.1976,0.2869,0.1885,0.1884,0.2745,0.1837
19,52660,911,2875,1.91e-05,0.2039,0.3442,0.1792,0.1956,0.332,0.1746
19,52680,931,2875,1.91e-05,0.174,0.3645,0.1816,0.168,0.3638,0.1815
19,52700,951,2875,1.91e-05,0.3354,0.2768,0.1615,0.3036,0.2383,0.1497
19,52720,971,2875,1.91e-05,0.2054,0.3413,0.2055,0.1959,0.3299,0.205
19,52740,991,2875,1.91e-05,0.1945,0.2715,0.1764,0.1793,0.2764,0.1776
19,52760,1011,2875,1.91e-05,0.2495,0.3532,0.1766,0.2365,0.3213,0.1671
19,52780,1031,2875,1.91e-05,0.3109,0.3504,0.2113,0.2953,0.3347,0.2071
19,52800,1051,2875,1.91e-05,0.2832,0.3625,0.1934,0.2702,0.3419,0.1812
19,52820,1071,2875,1.91e-05,0.4049,0.3911,0.1957,0.3815,0.3947,0.1983
19,52840,1091,2875,1.91e-05,0.3087,0.2332,0.1728,0.2942,0.2188,0.1653
19,52860,1111,2875,1.91e-05,0.2054,0.2818,0.1886,0.1795,0.2792,0.1937
19,52880,1131,2875,1.91e-05,0.302,0.3013,0.1916,0.2678,0.2862,0.1823
19,52900,1151,2875,1.91e-05,0.401,0.4284,0.2275,0.399,0.4192,0.2254
19,52920,1171,2875,1.91e-05,0.3162,0.2881,0.1774,0.297,0.2509,0.1629
19,52940,1191,2875,1.91e-05,0.3039,0.3553,0.1913,0.2969,0.3292,0.1874
19,52960,1211,2875,1.91e-05,0.3093,0.249,0.1687,0.2935,0.2437,0.1639
19,52980,1231,2875,1.91e-05,0.2365,0.327,0.1705,0.2184,0.2999,0.1567
19,53000,1251,2875,1.91e-05,0.3206,0.3156,0.1695,0.2835,0.3149,0.1635
19,53020,1271,2875,1.91e-05,0.3392,0.377,0.1757,0.324,0.3736,0.1709
19,53040,1291,2875,1.91e-05,0.2511,0.2604,0.1784,0.2352,0.2632,0.174
19,53060,1311,2875,1.91e-05,0.2258,0.2472,0.1774,0.2094,0.2394,0.1709
19,53080,1331,2875,1.91e-05,0.2532,0.4052,0.2056,0.2413,0.3989,0.2002
19,53100,1351,2875,1.91e-05,0.2254,0.3117,0.1695,0.2255,0.3163,0.1674
19,53120,1371,2875,1.91e-05,0.3164,0.4276,0.2127,0.3129,0.3911,0.2009
19,53140,1391,2875,1.91e-05,0.3027,0.3735,0.2025,0.313,0.3696,0.2017
19,53160,1411,2875,1.91e-05,0.2894,0.1994,0.1752,0.2959,0.1923,0.1752
19,53180,1431,2875,1.91e-05,0.2939,0.3235,0.1761,0.2767,0.3221,0.1744
19,53200,1451,2875,1.91e-05,0.3042,0.294,0.1868,0.2878,0.2692,0.1757
19,53220,1471,2875,1.91e-05,0.2394,0.3155,0.1666,0.2353,0.3103,0.1631
19,53240,1491,2875,1.91e-05,0.2605,0.3335,0.1812,0.2359,0.3184,0.1752
19,53260,1511,2875,1.91e-05,0.3122,0.2648,0.171,0.2766,0.2558,0.1591
19,53280,1531,2875,1.91e-05,0.3496,0.4372,0.1703,0.3537,0.4034,0.159
19,53300,1551,2875,1.91e-05,0.2537,0.2804,0.1748,0.208,0.2712,0.1643
19,53320,1571,2875,1.91e-05,0.3201,0.2849,0.186,0.3167,0.2873,0.1823
19,53340,1591,2875,1.91e-05,0.2663,0.2813,0.1799,0.2477,0.2512,0.1695
19,53360,1611,2875,1.91e-05,0.2585,0.2676,0.1864,0.2572,0.2732,0.1852
19,53380,1631,2875,1.91e-05,0.3162,0.313,0.1915,0.3052,0.3018,0.1859
19,53400,1651,2875,1.91e-05,0.3159,0.4221,0.2037,0.3051,0.4129,0.1961
19,53420,1671,2875,1.91e-05,0.3181,0.2855,0.1945,0.301,0.2817,0.1891
19,53440,1691,2875,1.91e-05,0.2577,0.3262,0.1771,0.2547,0.305,0.1681
19,53460,1711,2875,1.91e-05,0.2187,0.2484,0.1673,0.2213,0.2503,0.1628
19,53480,1731,2875,1.91e-05,0.3379,0.3225,0.1816,0.3076,0.313,0.1761
19,53500,1751,2875,1.91e-05,0.2894,0.4213,0.1917,0.3012,0.4234,0.1887
19,53520,1771,2875,1.91e-05,0.3716,0.3263,0.2064,0.3632,0.3052,0.1953
19,53540,1791,2875,1.91e-05,0.2696,0.3852,0.2127,0.2554,0.39,0.2116
19,53560,1811,2875,1.91e-05,0.2619,0.3591,0.1773,0.2483,0.3391,0.1693
19,53580,1831,2875,1.91e-05,0.2859,0.3391,0.2058,0.2661,0.2993,0.19
19,53600,1851,2875,1.91e-05,0.3062,0.3754,0.1909,0.2763,0.3581,0.1822
19,53620,1871,2875,1.91e-05,0.3269,0.3802,0.1971,0.3061,0.3778,0.193
19,53640,1891,2875,1.91e-05,0.2674,0.4271,0.2106,0.2758,0.4057,0.2042
19,53660,1911,2875,1.91e-05,0.3112,0.2997,0.1827,0.2785,0.2884,0.1798
19,53680,1931,2875,1.91e-05,0.3042,0.2991,0.1781,0.2789,0.2979,0.1701
19,53700,1951,2875,1.91e-05,0.2384,0.2034,0.1642,0.2199,0.1921,0.1589
19,53720,1971,2875,1.91e-05,0.2847,0.4117,0.2079,0.2831,0.3622,0.2026
19,53740,1991,2875,1.91e-05,0.2586,0.3657,0.192,0.2352,0.3602,0.1888
19,53760,2011,2875,1.91e-05,0.2145,0.2932,0.1957,0.19,0.2793,0.1798
19,53780,2031,2875,1.91e-05,0.1592,0.2274,0.1693,0.1317,0.2289,0.1617
19,53800,2051,2875,1.91e-05,0.2322,0.3449,0.1765,0.2101,0.3556,0.1728
19,53820,2071,2875,1.91e-05,0.2458,0.2844,0.1641,0.2298,0.2714,0.1595
19,53840,2091,2875,1.91e-05,0.2482,0.3338,0.1883,0.2334,0.3218,0.1799
19,53860,2111,2875,1.91e-05,0.257,0.3373,0.1806,0.237,0.319,0.1767
19,53880,2131,2875,1.91e-05,0.2987,0.3519,0.1849,0.2728,0.3382,0.1771
19,53900,2151,2875,1.91e-05,0.387,0.4131,0.2,0.3723,0.3903,0.1878
19,53920,2171,2875,1.91e-05,0.2574,0.2883,0.1727,0.2529,0.2785,0.1683
19,53940,2191,2875,1.91e-05,0.3822,0.4149,0.2142,0.3666,0.3829,0.2186
19,53960,2211,2875,1.91e-05,0.2963,0.2874,0.1751,0.2759,0.2688,0.1655
19,53980,2231,2875,1.91e-05,0.3297,0.3792,0.1968,0.2981,0.3455,0.1968
19,54000,2251,2875,1.91e-05,0.2508,0.2703,0.1962,0.2309,0.2757,0.1931
19,54020,2271,2875,1.91e-05,0.1999,0.2891,0.1778,0.1988,0.2735,0.1707
19,54040,2291,2875,1.91e-05,0.3425,0.3293,0.186,0.2918,0.2771,0.1693
19,54060,2311,2875,1.91e-05,0.3641,0.3864,0.1998,0.3334,0.3545,0.1875
19,54080,2331,2875,1.91e-05,0.3086,0.3243,0.1798,0.2831,0.3124,0.1732
19,54100,2351,2875,1.91e-05,0.2117,0.3199,0.1717,0.2153,0.3226,0.17
19,54120,2371,2875,1.91e-05,0.1781,0.3279,0.177,0.1683,0.334,0.1735
19,54140,2391,2875,1.91e-05,0.2652,0.3125,0.1821,0.2536,0.3192,0.1777
19,54160,2411,2875,1.91e-05,0.2126,0.2858,0.1679,0.1989,0.2746,0.1608
19,54180,2431,2875,1.91e-05,0.2468,0.4078,0.1904,0.2415,0.3975,0.1887
19,54200,2451,2875,1.91e-05,0.308,0.3414,0.1895,0.2833,0.3428,0.1838
19,54220,2471,2875,1.91e-05,0.218,0.2582,0.1567,0.2007,0.2475,0.1498
19,54240,2491,2875,1.91e-05,0.2592,0.3138,0.1737,0.2522,0.3145,0.1686
19,54260,2511,2875,1.91e-05,0.2438,0.3564,0.1992,0.242,0.3585,0.2009
19,54280,2531,2875,1.91e-05,0.2455,0.3024,0.1867,0.2343,0.292,0.1826
19,54300,2551,2875,1.91e-05,0.3003,0.3359,0.1946,0.2972,0.3145,0.1851
19,54320,2571,2875,1.91e-05,0.2902,0.3337,0.2043,0.267,0.3085,0.2029
19,54340,2591,2875,1.91e-05,0.2059,0.3335,0.186,0.1811,0.3274,0.1812
19,54360,2611,2875,1.91e-05,0.2466,0.3643,0.1795,0.234,0.3598,0.1776
19,54380,2631,2875,1.91e-05,0.3023,0.3801,0.2041,0.2935,0.3439,0.1887
19,54400,2651,2875,1.91e-05,0.3117,0.3482,0.1892,0.2888,0.3258,0.1809
19,54420,2671,2875,1.91e-05,0.2077,0.2844,0.1722,0.2015,0.2958,0.1703
19,54440,2691,2875,1.91e-05,0.2382,0.3463,0.1795,0.207,0.3011,0.1643
19,54460,2711,2875,1.91e-05,0.2083,0.3066,0.1742,0.1914,0.2852,0.1626
19,54480,2731,2875,1.91e-05,0.2801,0.1999,0.1525,0.2567,0.1853,0.143
19,54500,2751,2875,1.91e-05,0.2327,0.2777,0.1763,0.2116,0.2814,0.1779
19,54520,2771,2875,1.91e-05,0.3142,0.3519,0.1997,0.3026,0.333,0.1907
19,54540,2791,2875,1.91e-05,0.2447,0.4146,0.1899,0.2398,0.4183,0.186
19,54560,2811,2875,1.91e-05,0.2214,0.2663,0.1798,0.2082,0.2619,0.1754
19,54580,2831,2875,1.91e-05,0.266,0.3692,0.1959,0.243,0.3512,0.1883
19,54600,2851,2875,1.91e-05,0.3607,0.2229,0.1724,0.3107,0.2157,0.1632
19,54620,2871,2875,1.91e-05,0.3256,0.3956,0.2238,0.317,0.3685,0.2131
20,54640,16,2875,1.84e-05,0.2692,0.3714,0.19,0.2606,0.3921,0.1906
20,54660,36,2875,1.84e-05,0.2504,0.3367,0.1869,0.2357,0.3196,0.1811
20,54680,56,2875,1.84e-05,0.2562,0.3166,0.18,0.2273,0.3225,0.178
20,54700,76,2875,1.84e-05,0.2896,0.2871,0.1994,0.2784,0.2799,0.1901
20,54720,96,2875,1.84e-05,0.2535,0.3201,0.1756,0.2302,0.2815,0.159
20,54740,116,2875,1.84e-05,0.2598,0.2967,0.1718,0.2334,0.2823,0.166
20,54760,136,2875,1.84e-05,0.3061,0.2609,0.1658,0.2985,0.2473,0.1613
20,54780,156,2875,1.84e-05,0.2526,0.2933,0.1906,0.2477,0.2965,0.1875
20,54800,176,2875,1.84e-05,0.2538,0.3639,0.1846,0.2505,0.3535,0.1823
20,54820,196,2875,1.84e-05,0.2024,0.3669,0.1754,0.1931,0.3585,0.1691
20,54840,216,2875,1.84e-05,0.2698,0.3379,0.2095,0.2606,0.3285,0.2039
20,54860,236,2875,1.84e-05,0.184,0.3179,0.1812,0.1832,0.3065,0.1755
20,54880,256,2875,1.84e-05,0.2989,0.3579,0.1873,0.2655,0.3387,0.1784
20,54900,276,2875,1.84e-05,0.1781,0.3109,0.1777,0.1587,0.3002,0.1762
20,54920,296,2875,1.84e-05,0.2363,0.3754,0.1957,0.2203,0.3591,0.1912
20,54940,316,2875,1.84e-05,0.2878,0.3759,0.2112,0.2732,0.3734,0.208
20,54960,336,2875,1.84e-05,0.2409,0.3329,0.1803,0.2379,0.3205,0.176
20,54980,356,2875,1.84e-05,0.2595,0.3196,0.1933,0.2498,0.31,0.1871
20,55000,376,2875,1.84e-05,0.234,0.3009,0.1889,0.2201,0.2988,0.1877
20,55020,396,2875,1.84e-05,0.2694,0.3223,0.1867,0.274,0.2987,0.1733
20,55040,416,2875,1.84e-05,0.2356,0.3626,0.1884,0.2237,0.344,0.1844
20,55060,436,2875,1.84e-05,0.2429,0.2771,0.1628,0.2347,0.2682,0.1578
20,55080,456,2875,1.84e-05,0.2054,0.3224,0.1836,0.1996,0.3029,0.176
20,55100,476,2875,1.84e-05,0.2605,0.3838,0.1991,0.2471,0.3617,0.1887
20,55120,496,2875,1.84e-05,0.2477,0.2709,0.1602,0.2249,0.2323,0.153
20,55140,516,2875,1.84e-05,0.2944,0.2942,0.1673,0.289,0.2932,0.1661
20,55160,536,2875,1.84e-05,0.3087,0.3866,0.1945,0.3058,0.3724,0.1846
20,55180,556,2875,1.84e-05,0.282,0.3543,0.1874,0.2576,0.3444,0.184
20,55200,576,2875,1.84e-05,0.207,0.3682,0.1929,0.1912,0.3577,0.1933
20,55220,596,2875,1.84e-05,0.2806,0.2921,0.1756,0.2644,0.2918,0.1702
20,55240,616,2875,1.84e-05,0.3151,0.3589,0.1952,0.3037,0.3378,0.1885
20,55260,636,2875,1.84e-05,0.2707,0.3687,0.1951,0.2479,0.3438,0.1839
20,55280,656,2875,1.84e-05,0.2176,0.269,0.1726,0.1672,0.2417,0.1564
20,55300,676,2875,1.84e-05,0.3121,0.4004,0.1959,0.2985,0.3759,0.1862
20,55320,696,2875,1.84e-05,0.2682,0.344,0.1999,0.2424,0.3336,0.1927
20,55340,716,2875,1.84e-05,0.3155,0.3494,0.1969,0.3168,0.3463,0.1935
20,55360,736,2875,1.84e-05,0.2553,0.3391,0.1712,0.2429,0.3045,0.1573
20,55380,756,2875,1.84e-05,0.2532,0.3211,0.2009,0.2313,0.3186,0.1951
20,55400,776,2875,1.84e-05,0.2117,0.3429,0.1809,0.1972,0.3346,0.1775
20,55420,796,2875,1.84e-05,0.2563,0.334,0.1793,0.2467,0.3235,0.1745
20,55440,816,2875,1.84e-05,0.242,0.3443,0.1916,0.2413,0.3488,0.1876
20,55460,836,2875,1.84e-05,0.3519,0.2867,0.1926,0.3447,0.2832,0.1848
20,55480,856,2875,1.84e-05,0.2405,0.3536,0.1828,0.2334,0.3433,0.1844
20,55500,876,2875,1.84e-05,0.3622,0.3345,0.1854,0.3279,0.3243,0.1752
20,55520,896,2875,1.84e-05,0.2733,0.3423,0.1892,0.2554,0.3272,0.1843
20,55540,916,2875,1.84e-05,0.2446,0.3376,0.185,0.2457,0.3216,0.176
20,55560,936,2875,1.84e-05,0.2453,0.2811,0.1834,0.2171,0.2676,0.1709
20,55580,956,2875,1.84e-05,0.273,0.3099,0.1947,0.2553,0.31,0.1924
20,55600,976,2875,1.84e-05,0.3396,0.3271,0.186,0.3215,0.3175,0.1799
20,55620,996,2875,1.84e-05,0.1999,0.2949,0.1795,0.1911,0.2821,0.172
20,55640,1016,2875,1.84e-05,0.2646,0.3467,0.1839,0.2292,0.3403,0.1809
20,55660,1036,2875,1.84e-05,0.2916,0.2582,0.1883,0.2713,0.2504,0.1825
20,55680,1056,2875,1.84e-05,0.2863,0.2967,0.1757,0.2682,0.2959,0.1755
20,55700,1076,2875,1.84e-05,0.3423,0.3421,0.2059,0.315,0.3336,0.2005
20,55720,1096,2875,1.84e-05,0.1999,0.2401,0.1633,0.1844,0.2208,0.1557
20,55740,1116,2875,1.84e-05,0.3062,0.4104,0.2277,0.2952,0.3737,0.2121
20,55760,1136,2875,1.84e-05,0.2244,0.2824,0.1755,0.2147,0.2701,0.1715
20,55780,1156,2875,1.84e-05,0.248,0.3143,0.1834,0.2288,0.2857,0.1703
20,55800,1176,2875,1.84e-05,0.254,0.2565,0.1753,0.2261,0.2502,0.169
20,55820,1196,2875,1.84e-05,0.1895,0.3198,0.1755,0.1758,0.2992,0.1657
20,55840,1216,2875,1.84e-05,0.2498,0.3626,0.1784,0.2525,0.384,0.1775
20,55860,1236,2875,1.84e-05,0.2226,0.4093,0.2107,0.2178,0.3908,0.2074
20,55880,1256,2875,1.84e-05,0.2421,0.233,0.1722,0.2022,0.22,0.1649
20,55900,1276,2875,1.84e-05,0.2381,0.3073,0.1816,0.2213,0.3032,0.1805
20,55920,1296,2875,1.84e-05,0.17,0.2145,0.1566,0.1595,0.2031,0.1541
20,55940,1316,2875,1.84e-05,0.2653,0.3683,0.1844,0.2589,0.3596,0.174
20,55960,1336,2875,1.84e-05,0.3307,0.2443,0.1739,0.3142,0.2135,0.1603
20,55980,1356,2875,1.84e-05,0.2845,0.3779,0.1979,0.289,0.356,0.1895
20,56000,1376,2875,1.84e-05,0.266,0.3196,0.1818,0.2566,0.3052,0.172
20,56020,1396,2875,1.84e-05,0.2516,0.3089,0.1953,0.2384,0.2936,0.1866
20,56040,1416,2875,1.84e-05,0.2442,0.3585,0.2035,0.235,0.359,0.2028
20,56060,1436,2875,1.84e-05,0.2613,0.2921,0.1779,0.2535,0.2783,0.1709
20,56080,1456,2875,1.84e-05,0.2133,0.2979,0.1818,0.2259,0.2925,0.1802
20,56100,1476,2875,1.84e-05,0.2171,0.3391,0.1816,0.2121,0.3338,0.1789
20,56120,1496,2875,1.84e-05,0.3468,0.3788,0.1981,0.2851,0.341,0.1951
20,56140,1516,2875,1.84e-05,0.2498,0.3483,0.1871,0.2228,0.3457,0.1808
20,56160,1536,2875,1.84e-05,0.3049,0.3387,0.1928,0.2816,0.3307,0.1901
20,56180,1556,2875,1.84e-05,0.2599,0.2645,0.1737,0.2579,0.268,0.1659
20,56200,1576,2875,1.84e-05,0.275,0.2847,0.1843,0.2594,0.282,0.1814
20,56220,1596,2875,1.84e-05,0.2129,0.2761,0.1753,0.2145,0.2625,0.1715
20,56240,1616,2875,1.84e-05,0.2241,0.3105,0.1807,0.2163,0.3123,0.1793
20,56260,1636,2875,1.84e-05,0.2372,0.2604,0.1692,0.2232,0.2461,0.163
20,56280,1656,2875,1.84e-05,0.2541,0.3525,0.1849,0.2393,0.3456,0.1795
20,56300,1676,2875,1.84e-05,0.2838,0.2612,0.1712,0.2806,0.2706,0.172
20,56320,1696,2875,1.84e-05,0.2912,0.2494,0.1644,0.2556,0.2173,0.1558
20,56340,1716,2875,1.84e-05,0.2197,0.2906,0.1749,0.203,0.275,0.1644
20,56360,1736,2875,1.84e-05,0.2126,0.2684,0.161,0.2153,0.256,0.1592
20,56380,1756,2875,1.84e-05,0.2475,0.3185,0.1847,0.2309,0.3014,0.1811
20,56400,1776,2875,1.84e-05,0.2817,0.3519,0.181,0.2659,0.3402,0.1666
20,56420,1796,2875,1.84e-05,0.2311,0.2533,0.162,0.211,0.2368,0.1559
20,56440,1816,2875,1.84e-05,0.2614,0.3148,0.1817,0.2377,0.316,0.1766
20,56460,1836,2875,1.84e-05,0.2745,0.2869,0.1854,0.2478,0.2755,0.1802
20,56480,1856,2875,1.84e-05,0.2416,0.3321,0.1941,0.2261,0.3113,0.1874
20,56500,1876,2875,1.84e-05,0.3304,0.3419,0.1891,0.3289,0.3322,0.182
20,56520,1896,2875,1.84e-05,0.2459,0.3061,0.1797,0.2312,0.3114,0.1801
20,56540,1916,2875,1.84e-05,0.317,0.3741,0.1992,0.2987,0.3375,0.1931
20,56560,1936,2875,1.84e-05,0.2921,0.2684,0.1514,0.2556,0.2791,0.1514
20,56580,1956,2875,1.84e-05,0.238,0.2628,0.1696,0.2238,0.2618,0.17
20,56600,1976,2875,1.84e-05,0.2572,0.4138,0.227,0.2575,0.3973,0.2212
20,56620,1996,2875,1.84e-05,0.2598,0.4506,0.2237,0.2551,0.4404,0.2142
20,56640,2016,2875,1.84e-05,0.2847,0.1591,0.1649,0.2179,0.1661,0.1558
20,56660,2036,2875,1.84e-05,0.3115,0.3781,0.209,0.2921,0.3712,0.2018
20,56680,2056,2875,1.84e-05,0.2103,0.2877,0.1613,0.1943,0.293,0.1583
20,56700,2076,2875,1.84e-05,0.2555,0.4009,0.206,0.2481,0.3958,0.2011
20,56720,2096,2875,1.84e-05,0.2436,0.3058,0.1875,0.2227,0.2908,0.1735
20,56740,2116,2875,1.84e-05,0.1926,0.2985,0.1597,0.1605,0.2846,0.1546
20,56760,2136,2875,1.84e-05,0.2095,0.274,0.1678,0.1936,0.2858,0.1681
20,56780,2156,2875,1.84e-05,0.2353,0.2718,0.1839,0.2155,0.2648,0.1754
20,56800,2176,2875,1.84e-05,0.248,0.2871,0.1707,0.2463,0.2874,0.1718
20,56820,2196,2875,1.84e-05,0.2381,0.3212,0.1752,0.234,0.3043,0.1706
20,56840,2216,2875,1.84e-05,0.2839,0.337,0.1758,0.288,0.3308,0.1707
20,56860,2236,2875,1.84e-05,0.2394,0.3796,0.1911,0.2227,0.3814,0.1914
20,56880,2256,2875,1.84e-05,0.2537,0.3141,0.1895,0.2242,0.2996,0.1815
20,56900,2276,2875,1.84e-05,0.2888,0.3096,0.1671,0.2871,0.3048,0.1628
20,56920,2296,2875,1.84e-05,0.255,0.3097,0.215,0.2406,0.3038,0.2134
20,56940,2316,2875,1.84e-05,0.3141,0.3634,0.1915,0.2895,0.3613,0.1885
20,56960,2336,2875,1.84e-05,0.2611,0.355,0.1914,0.2431,0.3418,0.1873
20,56980,2356,2875,1.84e-05,0.226,0.2077,0.1676,0.2104,0.2057,0.1649
20,57000,2376,2875,1.84e-05,0.251,0.2975,0.194,0.2285,0.2878,0.1899
20,57020,2396,2875,1.84e-05,0.2755,0.4239,0.1989,0.2761,0.4073,0.1924
20,57040,2416,2875,1.84e-05,0.2173,0.4185,0.2009,0.1975,0.4034,0.198
20,57060,2436,2875,1.84e-05,0.284,0.3553,0.2042,0.2819,0.3456,0.1967
20,57080,2456,2875,1.84e-05,0.2811,0.3531,0.1889,0.2622,0.3204,0.1758
20,57100,2476,2875,1.84e-05,0.3174,0.4209,0.2034,0.3269,0.4121,0.198
20,57120,2496,2875,1.84e-05,0.4031,0.3546,0.1762,0.377,0.3786,0.1758
20,57140,2516,2875,1.84e-05,0.2703,0.3502,0.1801,0.2699,0.3387,0.1737
20,57160,2536,2875,1.84e-05,0.2229,0.2956,0.1903,0.2316,0.3129,0.191
20,57180,2556,2875,1.84e-05,0.3323,0.4457,0.2096,0.3428,0.4354,0.2037
20,57200,2576,2875,1.84e-05,0.2475,0.2672,0.1658,0.2316,0.2602,0.1579
20,57220,2596,2875,1.84e-05,0.2578,0.3684,0.2046,0.24,0.3505,0.1998
20,57240,2616,2875,1.84e-05,0.2503,0.3597,0.1834,0.2405,0.3443,0.1782
20,57260,2636,2875,1.84e-05,0.2452,0.3279,0.199,0.2209,0.3093,0.1902
20,57280,2656,2875,1.84e-05,0.2891,0.3073,0.184,0.2891,0.2858,0.1767
20,57300,2676,2875,1.84e-05,0.2696,0.318,0.1978,0.2497,0.2945,0.1883
20,57320,2696,2875,1.84e-05,0.2219,0.3183,0.184,0.205,0.3079,0.1791
20,57340,2716,2875,1.84e-05,0.2908,0.3645,0.2099,0.2728,0.3694,0.2094
20,57360,2736,2875,1.84e-05,0.2949,0.4227,0.2397,0.2836,0.4254,0.2404
20,57380,2756,2875,1.84e-05,0.3783,0.4082,0.2082,0.3436,0.3643,0.2026
20,57400,2776,2875,1.84e-05,0.1946,0.2427,0.1663,0.1821,0.2374,0.1607
20,57420,2796,2875,1.84e-05,0.2763,0.4416,0.2301,0.2629,0.4158,0.2239
20,57440,2816,2875,1.84e-05,0.2939,0.3323,0.1723,0.2816,0.3181,0.1652
20,57460,2836,2875,1.84e-05,0.2441,0.2802,0.1673,0.2248,0.269,0.1635
20,57480,2856,2875,1.84e-05,0.4861,0.3842,0.2247,0.4736,0.3534,0.219
21,57500,1,2875,1.76e-05,0.2517,0.2693,0.1644,0.2222,0.2637,0.1631
21,57520,21,2875,1.76e-05,0.2688,0.3178,0.1923,0.2697,0.3161,0.1873
21,57540,41,2875,1.76e-05,0.3185,0.266,0.1689,0.3072,0.2602,0.1669
21,57560,61,2875,1.76e-05,0.2404,0.357,0.1849,0.2112,0.3419,0.1783
21,57580,81,2875,1.76e-05,0.2713,0.3754,0.19,0.2688,0.3724,0.1838
21,57600,101,2875,1.76e-05,0.2934,0.3146,0.1681,0.299,0.3074,0.1615
21,57620,121,2875,1.76e-05,0.2751,0.2968,0.1738,0.2555,0.2917,0.1699
21,57640,141,2875,1.76e-05,0.2356,0.3458,0.1852,0.2201,0.343,0.1785
21,57660,161,2875,1.76e-05,0.3814,0.372,0.2122,0.3671,0.3445,0.1947
21,57680,181,2875,1.76e-05,0.3188,0.3076,0.1909,0.3169,0.285,0.1807
21,57700,201,2875,1.76e-05,0.2345,0.2916,0.1655,0.2278,0.2883,0.1632
21,57720,221,2875,1.76e-05,0.2968,0.3298,0.1757,0.2783,0.3054,0.1699
21,57740,241,2875,1.76e-05,0.2843,0.2808,0.17,0.2517,0.244,0.1543
21,57760,261,2875,1.76e-05,0.1922,0.2521,0.159,0.1648,0.2368,0.1543
21,57780,281,2875,1.76e-05,0.1899,0.2748,0.1696,0.1621,0.2753,0.1673
21,57800,301,2875,1.76e-05,0.3197,0.2256,0.1881,0.2727,0.2077,0.1827
21,57820,321,2875,1.76e-05,0.2857,0.3029,0.1975,0.2565,0.2999,0.1933
21,57840,341,2875,1.76e-05,0.2468,0.2651,0.1752,0.2221,0.2645,0.1669
21,57860,361,2875,1.76e-05,0.2966,0.3532,0.2055,0.2854,0.333,0.1939
21,57880,381,2875,1.76e-05,0.2696,0.2463,0.1738,0.2471,0.2349,0.1663
21,57900,401,2875,1.76e-05,0.2366,0.3082,0.169,0.2427,0.299,0.165
21,57920,421,2875,1.76e-05,0.2259,0.3979,0.2127,0.2204,0.3853,0.2088
21,57940,441,2875,1.76e-05,0.4515,0.375,0.2116,0.4048,0.3838,0.2095
21,57960,461,2875,1.76e-05,0.2978,0.43,0.2165,0.2924,0.4305,0.2134
21,57980,481,2875,1.76e-05,0.2909,0.3465,0.2051,0.2896,0.3313,0.1994
21,58000,501,2875,1.76e-05,0.219,0.3405,0.1666,0.1944,0.3164,0.1608
21,58020,521,2875,1.76e-05,0.2415,0.3516,0.1765,0.2203,0.3223,0.1696
21,58040,541,2875,1.76e-05,0.2052,0.3595,0.1857,0.1876,0.3515,0.1848
21,58060,561,2875,1.76e-05,0.2273,0.2601,0.175,0.222,0.2589,0.1698
21,58080,581,2875,1.76e-05,0.3162,0.4105,0.2016,0.3017,0.3965,0.1962
21,58100,601,2875,1.76e-05,0.2879,0.2729,0.1998,0.2644,0.2812,0.1893
21,58120,621,2875,1.76e-05,0.2794,0.3057,0.182,0.2405,0.2852,0.1746
21,58140,641,2875,1.76e-05,0.2479,0.2742,0.1688,0.2464,0.263,0.1636
21,58160,661,2875,1.76e-05,0.2708,0.4585,0.2073,0.25,0.4284,0.1953
21,58180,681,2875,1.76e-05,0.2521,0.3743,0.1931,0.2294,0.3527,0.1829
21,58200,701,2875,1.76e-05,0.3017,0.3126,0.1935,0.2935,0.3091,0.1851
21,58220,721,2875,1.76e-05,0.2901,0.3222,0.1838,0.2553,0.3085,0.1797
21,58240,741,2875,1.76e-05,0.241,0.3665,0.2195,0.2323,0.3707,0.215
21,58260,761,2875,1.76e-05,0.2609,0.3248,0.1878,0.2614,0.3082,0.1789
21,58280,781,2875,1.76e-05,0.2603,0.3147,0.1951,0.2461,0.2974,0.19
21,58300,801,2875,1.76e-05,0.254,0.3805,0.1913,0.2271,0.3491,0.1787
21,58320,821,2875,1.76e-05,0.3061,0.3999,0.2367,0.3004,0.368,0.2304
21,58340,841,2875,1.76e-05,0.2967,0.3047,0.1816,0.2812,0.2908,0.1772
21,58360,861,2875,1.76e-05,0.2302,0.2525,0.1596,0.2117,0.2559,0.1578
21,58380,881,2875,1.76e-05,0.2273,0.3128,0.1841,0.1986,0.2943,0.179
21,58400,901,2875,1.76e-05,0.2263,0.2691,0.1871,0.2051,0.2709,0.1798
21,58420,921,2875,1.76e-05,0.3114,0.3556,0.1961,0.2965,0.344,0.192
21,58440,941,2875,1.76e-05,0.327,0.3577,0.2146,0.3136,0.345,0.2044
21,58460,961,2875,1.76e-05,0.2305,0.2863,0.1655,0.2184,0.275,0.1599
21,58480,981,2875,1.76e-05,0.342,0.317,0.1735,0.3276,0.3116,0.173
21,58500,1001,2875,1.76e-05,0.211,0.3435,0.1798,0.1926,0.3513,0.1822
21,58520,1021,2875,1.76e-05,0.2567,0.2856,0.1806,0.2363,0.2824,0.1771
21,58540,1041,2875,1.76e-05,0.2186,0.3212,0.1771,0.2069,0.3122,0.1727
21,58560,1061,2875,1.76e-05,0.2717,0.2981,0.1845,0.2362,0.2712,0.1741
21,58580,1081,2875,1.76e-05,0.284,0.3507,0.1772,0.2795,0.3394,0.1717
21,58600,1101,2875,1.76e-05,0.3018,0.3457,0.2101,0.3019,0.3299,0.2048
21,58620,1121,2875,1.76e-05,0.287,0.3407,0.194,0.2638,0.331,0.1848
21,58640,1141,2875,1.76e-05,0.2027,0.2738,0.1772,0.1925,0.2614,0.172
21,58660,1161,2875,1.76e-05,0.251,0.3148,0.1928,0.2295,0.3132,0.189
21,58680,1181,2875,1.76e-05,0.3012,0.3369,0.2036,0.2817,0.3198,0.1973
21,58700,1201,2875,1.76e-05,0.2631,0.2986,0.1933,0.2417,0.2693,0.1837
21,58720,1221,2875,1.76e-05,0.278,0.3244,0.2082,0.2582,0.3139,0.206
21,58740,1241,2875,1.76e-05,0.2532,0.308,0.1875,0.2135,0.2988,0.1786
21,58760,1261,2875,1.76e-05,0.2733,0.3775,0.2179,0.2622,0.363,0.2094
21,58780,1281,2875,1.76e-05,0.2802,0.2789,0.1795,0.2626,0.2733,0.1733
21,58800,1301,2875,1.76e-05,0.2079,0.2938,0.1864,0.2136,0.2877,0.1804
21,58820,1321,2875,1.76e-05,0.2266,0.3781,0.1933,0.2384,0.3648,0.1888
21,58840,1341,2875,1.76e-05,0.2615,0.2571,0.1671,0.2488,0.2467,0.1592
21,58860,1361,2875,1.76e-05,0.2924,0.3147,0.1854,0.2958,0.2944,0.1787
21,58880,1381,2875,1.76e-05,0.2652,0.4159,0.1873,0.2575,0.406,0.1821
21,58900,1401,2875,1.76e-05,0.2595,0.3371,0.2007,0.2395,0.3025,0.1883
21,58920,1421,2875,1.76e-05,0.2256,0.3049,0.1897,0.2001,0.2957,0.1851
21,58940,1441,2875,1.76e-05,0.3143,0.3831,0.1798,0.2974,0.3547,0.1673
21,58960,1461,2875,1.76e-05,0.2592,0.3379,0.1883,0.2602,0.3234,0.1804
21,58980,1481,2875,1.76e-05,0.2662,0.3031,0.1766,0.2662,0.2875,0.1708
21,59000,1501,2875,1.76e-05,0.3159,0.3405,0.2043,0.3051,0.3108,0.1915
21,59020,1521,2875,1.76e-05,0.3038,0.3124,0.1784,0.2757,0.2962,0.1699
21,59040,1541,2875,1.76e-05,0.2327,0.3257,0.1842,0.2047,0.3052,0.1782
21,59060,1561,2875,1.76e-05,0.2406,0.3136,0.188,0.2239,0.2913,0.1771
21,59080,1581,2875,1.76e-05,0.251,0.3297,0.1871,0.2403,0.3196,0.182
21,59100,1601,2875,1.76e-05,0.2661,0.3596,0.1669,0.2162,0.3337,0.1598
21,59120,1621,2875,1.76e-05,0.3333,0.3004,0.1906,0.3105,0.288,0.1835
21,59140,1641,2875,1.76e-05,0.2695,0.399,0.2192,0.2654,0.3869,0.2166
21,59160,1661,2875,1.76e-05,0.1557,0.2114,0.1511,0.1347,0.1947,0.1438
21,59180,1681,2875,1.76e-05,0.2201,0.351,0.1808,0.2027,0.3421,0.1752
21,59200,1701,2875,1.76e-05,0.2382,0.2964,0.1761,0.2221,0.2782,0.1696
21,59220,1721,2875,1.76e-05,0.2077,0.2759,0.1708,0.1837,0.2585,0.167
21,59240,1741,2875,1.76e-05,0.2191,0.2683,0.1571,0.1975,0.2541,0.1518
21,59260,1761,2875,1.76e-05,0.2443,0.3168,0.1849,0.2233,0.3009,0.1745
21,59280,1781,2875,1.76e-05,0.1831,0.2395,0.1798,0.1636,0.2451,0.1789
21,59300,1801,2875,1.76e-05,0.2876,0.3261,0.1706,0.2565,0.3057,0.1604
21,59320,1821,2875,1.76e-05,0.3181,0.3003,0.1721,0.293,0.2698,0.1628
21,59340,1841,2875,1.76e-05,0.1942,0.3769,0.184,0.1823,0.3712,0.1813
21,59360,1861,2875,1.76e-05,0.2185,0.2713,0.1779,0.192,0.2639,0.1681
21,59380,1881,2875,1.76e-05,0.2405,0.3493,0.1765,0.2348,0.3329,0.1733
21,59400,1901,2875,1.76e-05,0.3809,0.3123,0.2017,0.3421,0.2945,0.1924
21,59420,1921,2875,1.76e-05,0.2991,0.3371,0.1819,0.2807,0.3184,0.1764
21,59440,1941,2875,1.76e-05,0.2461,0.3541,0.1788,0.2384,0.3442,0.1758
21,59460,1961,2875,1.76e-05,0.2376,0.3535,0.185,0.234,0.3576,0.1795
21,59480,1981,2875,1.76e-05,0.3308,0.3975,0.1943,0.303,0.3761,0.1806
21,59500,2001,2875,1.76e-05,0.2488,0.3176,0.1762,0.2452,0.3058,0.169
21,59520,2021,2875,1.76e-05,0.2387,0.3154,0.1879,0.2165,0.2965,0.178
21,59540,2041,2875,1.76e-05,0.2841,0.3618,0.2275,0.2834,0.3498,0.2317
21,59560,2061,2875,1.76e-05,0.2616,0.3875,0.1919,0.255,0.3734,0.188
21,59580,2081,2875,1.76e-05,0.3239,0.3045,0.1882,0.2992,0.2895,0.1854
21,59600,2101,2875,1.76e-05,0.2216,0.3003,0.1804,0.1996,0.2909,0.1743
21,59620,2121,2875,1.76e-05,0.2396,0.3634,0.1915,0.222,0.3415,0.1834
21,59640,2141,2875,1.76e-05,0.2394,0.2854,0.1582,0.2227,0.2734,0.1523
21,59660,2161,2875,1.76e-05,0.2836,0.344,0.187,0.265,0.3155,0.179
21,59680,2181,2875,1.76e-05,0.2588,0.4233,0.2017,0.2451,0.3927,0.1843
21,59700,2201,2875,1.76e-05,0.2967,0.3986,0.1989,0.2845,0.3844,0.1956
21,59720,2221,2875,1.76e-05,0.2374,0.453,0.2079,0.2223,0.4233,0.2005
21,59740,2241,2875,1.76e-05,0.3127,0.3307,0.1716,0.2956,0.3291,0.1669
21,59760,2261,2875,1.76e-05,0.2068,0.2774,0.1801,0.1957,0.2629,0.1745
21,59780,2281,2875,1.76e-05,0.3203,0.3738,0.2134,0.3038,0.3621,0.2055
21,59800,2301,2875,1.76e-05,0.2563,0.3566,0.1828,0.2056,0.3206,0.1732
21,59820,2321,2875,1.76e-05,0.2651,0.3168,0.1929,0.2341,0.2964,0.185
21,59840,2341,2875,1.76e-05,0.428,0.3221,0.1993,0.405,0.3187,0.1915
21,59860,2361,2875,1.76e-05,0.2572,0.3211,0.1714,0.2357,0.3069,0.166
21,59880,2381,2875,1.76e-05,0.2624,0.3532,0.1918,0.2629,0.3348,0.1808
21,59900,2401,2875,1.76e-05,0.3122,0.3448,0.1946,0.2978,0.336,0.1931
21,59920,2421,2875,1.76e-05,0.2619,0.3096,0.1669,0.2297,0.304,0.1636
21,59940,2441,2875,1.76e-05,0.245,0.2769,0.1668,0.2362,0.2768,0.1633
21,59960,2461,2875,1.76e-05,0.1944,0.317,0.175,0.1786,0.2876,0.1685
21,59980,2481,2875,1.76e-05,0.2164,0.3007,0.1708,0.2024,0.2845,0.1664
21,60000,2501,2875,1.76e-05,0.2784,0.4075,0.2089,0.2659,0.3949,0.2053
21,60020,2521,2875,1.76e-05,0.2627,0.3718,0.2013,0.2463,0.3711,0.1965
21,60040,2541,2875,1.76e-05,0.2203,0.2864,0.1668,0.2102,0.2751,0.1563
21,60060,2561,2875,1.76e-05,0.2857,0.2942,0.1721,0.2581,0.2814,0.1657
21,60080,2581,2875,1.76e-05,0.3234,0.3755,0.1932,0.2936,0.3588,0.1861
21,60100,2601,2875,1.76e-05,0.1784,0.2214,0.1306,0.1658,0.2126,0.1256
21,60120,2621,2875,1.76e-05,0.2871,0.2885,0.1812,0.2778,0.2635,0.1731
21,60140,2641,2875,1.76e-05,0.478,0.3514,0.2076,0.4614,0.3251,0.1939
21,60160,2661,2875,1.76e-05,0.3025,0.3919,0.1853,0.3036,0.3689,0.1722
21,60180,2681,2875,1.76e-05,0.2351,0.29,0.1793,0.204,0.2722,0.1733
21,60200,2701,2875,1.76e-05,0.2594,0.3004,0.1784,0.2414,0.304,0.1769
21,60220,2721,2875,1.76e-05,0.3615,0.2506,0.1691,0.3564,0.2515,0.1623
21,60240,2741,2875,1.76e-05,0.207,0.2752,0.1771,0.19,0.2653,0.17
21,60260,2761,2875,1.76e-05,0.2587,0.3275,0.1761,0.2639,0.303,0.1724
21,60280,2781,2875,1.76e-05,0.2241,0.3258,0.1752,0.208,0.3212,0.1675
21,60300,2801,2875,1.76e-05,0.2901,0.3998,0.2079,0.2669,0.3951,0.2004
21,60320,2821,2875,1.76e-05,0.3339,0.3271,0.1778,0.3373,0.3066,0.172
21,60340,2841,2875,1.76e-05,0.4166,0.2589,0.1603,0.4137,0.2673,0.1587
21,60360,2861,2875,1.76e-05,0.2343,0.3073,0.1657,0.2204,0.3052,0.1625
22,60380,6,2875,1.69e-05,0.2946,0.4499,0.2111,0.2904,0.4427,0.2082
22,60400,26,2875,1.69e-05,0.3023,0.388,0.193,0.2807,0.3552,0.1821
22,60420,46,2875,1.69e-05,0.2462,0.3886,0.191,0.2398,0.3711,0.1855
22,60440,66,2875,1.69e-05,0.3194,0.3134,0.182,0.3148,0.2919,0.1712
22,60460,86,2875,1.69e-05,0.3019,0.3427,0.1823,0.2708,0.3441,0.1775
22,60480,106,2875,1.69e-05,0.2589,0.3063,0.199,0.2231,0.3109,0.1986
22,60500,126,2875,1.69e-05,0.3095,0.2605,0.189,0.2885,0.2565,0.1832
22,60520,146,2875,1.69e-05,0.1959,0.2852,0.1595,0.187,0.2797,0.1533
22,60540,166,2875,1.69e-05,0.2562,0.3576,0.1993,0.256,0.3533,0.1949
22,60560,186,2875,1.69e-05,0.2271,0.3065,0.1961,0.2208,0.302,0.1911
22,60580,206,2875,1.69e-05,0.4394,0.2955,0.1627,0.4182,0.3126,0.1628
22,60600,226,2875,1.69e-05,0.2164,0.3376,0.1874,0.2073,0.3216,0.1803
22,60620,246,2875,1.69e-05,0.2826,0.3378,0.1939,0.2626,0.3199,0.1881
22,60640,266,2875,1.69e-05,0.3183,0.2747,0.1762,0.3012,0.2685,0.1701
22,60660,286,2875,1.69e-05,0.3126,0.3065,0.1814,0.3271,0.3175,0.1771
22,60680,306,2875,1.69e-05,0.2357,0.3956,0.1715,0.2451,0.3843,0.1602
22,60700,326,2875,1.69e-05,0.3542,0.301,0.1793,0.32,0.2846,0.1688
22,60720,346,2875,1.69e-05,0.3034,0.3359,0.1953,0.2903,0.3056,0.1838
22,60740,366,2875,1.69e-05,0.2601,0.2662,0.1721,0.2445,0.2675,0.1656
22,60760,386,2875,1.69e-05,0.3408,0.4063,0.2234,0.3239,0.3674,0.2134
22,60780,406,2875,1.69e-05,0.3168,0.2857,0.1643,0.2728,0.2861,0.1596
22,60800,426,2875,1.69e-05,0.3275,0.4153,0.2133,0.3081,0.4135,0.2125
22,60820,446,2875,1.69e-05,0.3914,0.3167,0.232,0.3153,0.2705,0.208
22,60840,466,2875,1.69e-05,0.213,0.3174,0.1709,0.1949,0.2892,0.1568
22,60860,486,2875,1.69e-05,0.2919,0.3614,0.2064,0.2737,0.3446,0.1974
22,60880,506,2875,1.69e-05,0.3087,0.3329,0.1865,0.2942,0.3249,0.1803
22,60900,526,2875,1.69e-05,0.2485,0.3206,0.1777,0.2336,0.3015,0.1719
22,60920,546,2875,1.69e-05,0.2114,0.3125,0.1929,0.2111,0.3115,0.1901
22,60940,566,2875,1.69e-05,0.2432,0.2776,0.1652,0.2217,0.2619,0.1578
22,60960,586,2875,1.69e-05,0.2467,0.3319,0.1786,0.2244,0.3156,0.172
22,60980,606,2875,1.69e-05,0.2462,0.2505,0.1631,0.2154,0.2489,0.1628
22,61000,626,2875,1.69e-05,0.3201,0.2924,0.1605,0.3045,0.2574,0.1458
22,61020,646,2875,1.69e-05,0.2537,0.3294,0.1715,0.2301,0.3231,0.1664
22,61040,666,2875,1.69e-05,0.2409,0.2463,0.1658,0.2128,0.2233,0.1557
22,61060,686,2875,1.69e-05,0.3153,0.3198,0.1992,0.2848,0.2955,0.1852
22,61080,706,2875,1.69e-05,0.1902,0.3455,0.2054,0.1744,0.3121,0.1957
22,61100,726,2875,1.69e-05,0.2619,0.2997,0.1742,0.2599,0.2923,0.1702
22,61120,746,2875,1.69e-05,0.2624,0.2993,0.2033,0.2571,0.2929,0.1971
22,61140,766,2875,1.69e-05,0.2647,0.3525,0.1806,0.2374,0.3502,0.1762
22,61160,786,2875,1.69e-05,0.2148,0.2696,0.1719,0.2139,0.2426,0.1623
22,61180,806,2875,1.69e-05,0.2797,0.3513,0.2512,0.2785,0.3557,0.2422
22,61200,826,2875,1.69e-05,0.3375,0.2852,0.1733,0.2962,0.265,0.1671
22,61220,846,2875,1.69e-05,0.2744,0.4078,0.1939,0.2762,0.394,0.1882
22,61240,866,2875,1.69e-05,0.2404,0.2817,0.1664,0.2112,0.287,0.1649
22,61260,886,2875,1.69e-05,0.2212,0.3521,0.1902,0.2045,0.3344,0.1859
22,61280,906,2875,1.69e-05,0.262,0.3848,0.1839,0.2465,0.3607,0.1761
22,61300,926,2875,1.69e-05,0.2898,0.2719,0.1702,0.2783,0.2601,0.1677
22,61320,946,2875,1.69e-05,0.328,0.3968,0.2076,0.3078,0.3791,0.2015
22,61340,966,2875,1.69e-05,0.397,0.401,0.223,0.355,0.3708,0.2119
22,61360,986,2875,1.69e-05,0.2273,0.3044,0.1868,0.2169,0.2896,0.1778
22,61380,1006,2875,1.69e-05,0.2326,0.3941,0.1921,0.2263,0.3936,0.1852
22,61400,1026,2875,1.69e-05,0.2833,0.3445,0.1931,0.2715,0.3428,0.1888
22,61420,1046,2875,1.69e-05,0.2438,0.3152,0.1855,0.2392,0.3023,0.1814
22,61440,1066,2875,1.69e-05,0.2499,0.3823,0.2107,0.2438,0.3626,0.2081
22,61460,1086,2875,1.69e-05,0.3426,0.3999,0.1935,0.3052,0.3899,0.1862
22,61480,1106,2875,1.69e-05,0.186,0.2621,0.1672,0.1778,0.2428,0.166
22,61500,1126,2875,1.69e-05,0.2417,0.3311,0.1853,0.2243,0.3267,0.1779
22,61520,1146,2875,1.69e-05,0.2364,0.3987,0.2008,0.2274,0.3845,0.1988
22,61540,1166,2875,1.69e-05,0.2512,0.4628,0.1982,0.2438,0.4412,0.1884
22,61560,1186,2875,1.69e-05,0.2978,0.3019,0.1794,0.2958,0.2721,0.1646
22,61580,1206,2875,1.69e-05,0.2892,0.3251,0.1744,0.265,0.3134,0.1729
22,61600,1226,2875,1.69e-05,0.2499,0.3581,0.2039,0.2261,0.3361,0.1984
22,61620,1246,2875,1.69e-05,0.2475,0.389,0.1754,0.2277,0.3834,0.1673
22,61640,1266,2875,1.69e-05,0.3684,0.3998,0.1759,0.3313,0.4036,0.1727
22,61660,1286,2875,1.69e-05,0.2595,0.3641,0.1848,0.2414,0.3643,0.1866
22,61680,1306,2875,1.69e-05,0.2111,0.2765,0.1773,0.1878,0.2635,0.1676
22,61700,1326,2875,1.69e-05,0.3243,0.3888,0.1929,0.3164,0.3772,0.1871
22,61720,1346,2875,1.69e-05,0.2371,0.2931,0.1571,0.2208,0.2919,0.1512
22,61740,1366,2875,1.69e-05,0.3421,0.3514,0.1811,0.3225,0.3463,0.1754
22,61760,1386,2875,1.69e-05,0.2,0.2358,0.1602,0.1917,0.2324,0.1571
22,61780,1406,2875,1.69e-05,0.2542,0.2781,0.1714,0.2451,0.2627,0.1624
22,61800,1426,2875,1.69e-05,0.2322,0.3344,0.1943,0.2126,0.3078,0.1828
22,61820,1446,2875,1.69e-05,0.2419,0.2905,0.1829,0.2504,0.2828,0.1781
22,61840,1466,2875,1.69e-05,0.2398,0.2481,0.16,0.2459,0.2346,0.1533
22,61860,1486,2875,1.69e-05,0.2094,0.2742,0.1834,0.1921,0.2725,0.1807
22,61880,1506,2875,1.69e-05,0.4202,0.324,0.1848,0.4105,0.2838,0.1696
22,61900,1526,2875,1.69e-05,0.226,0.3267,0.1865,0.2009,0.3374,0.1823
22,61920,1546,2875,1.69e-05,0.1848,0.2689,0.1743,0.1677,0.255,0.1682
22,61940,1566,2875,1.69e-05,0.1889,0.3126,0.1821,0.1806,0.3219,0.1818
22,61960,1586,2875,1.69e-05,0.2748,0.3369,0.1875,0.2596,0.3153,0.1821
22,61980,1606,2875,1.69e-05,0.2336,0.2576,0.1792,0.212,0.234,0.1741
22,62000,1626,2875,1.69e-05,0.201,0.3818,0.2007,0.1946,0.3696,0.1996
22,62020,1646,2875,1.69e-05,0.2415,0.3381,0.1855,0.2285,0.3222,0.1806
22,62040,1666,2875,1.69e-05,0.3842,0.4165,0.1893,0.3888,0.3825,0.1786
22,62060,1686,2875,1.69e-05,0.2406,0.2495,0.1796,0.2285,0.2526,0.1794
22,62080,1706,2875,1.69e-05,0.2189,0.424,0.2235,0.2194,0.4298,0.2238
22,62100,1726,2875,1.69e-05,0.2819,0.3317,0.1875,0.2636,0.3164,0.1798
22,62120,1746,2875,1.69e-05,0.2154,0.2202,0.1361,0.2093,0.223,0.1327
22,62140,1766,2875,1.69e-05,0.2761,0.2523,0.1729,0.2799,0.2442,0.1658
22,62160,1786,2875,1.69e-05,0.2483,0.3234,0.1933,0.2358,0.3157,0.186
22,62180,1806,2875,1.69e-05,0.2725,0.3014,0.1883,0.2486,0.2886,0.1816
22,62200,1826,2875,1.69e-05,0.2095,0.4261,0.1934,0.2043,0.4132,0.1868
22,62220,1846,2875,1.69e-05,0.2874,0.3778,0.1898,0.2763,0.3721,0.1827
22,62240,1866,2875,1.69e-05,0.2742,0.3162,0.1789,0.2529,0.3001,0.1665
22,62260,1886,2875,1.69e-05,0.3228,0.3444,0.1915,0.3168,0.3198,0.1859
22,62280,1906,2875,1.69e-05,0.2467,0.3231,0.1805,0.2259,0.3261,0.1811
22,62300,1926,2875,1.69e-05,0.2505,0.3705,0.1958,0.2399,0.3659,0.1878
22,62320,1946,2875,1.69e-05,0.2517,0.3337,0.1806,0.2233,0.3223,0.1734
22,62340,1966,2875,1.69e-05,0.2599,0.3317,0.1847,0.2475,0.3119,0.182
22,62360,1986,2875,1.69e-05,0.292,0.3306,0.1922,0.2761,0.3271,0.1876
22,62380,2006,2875,1.69e-05,0.2907,0.3161,0.18,0.2771,0.2818,0.1693
22,62400,2026,2875,1.69e-05,0.1959,0.2481,0.1684,0.161,0.24,0.1631
22,62420,2046,2875,1.69e-05,0.2233,0.3123,0.1844,0.1987,0.3036,0.1816
22,62440,2066,2875,1.69e-05,0.2587,0.3231,0.168,0.2401,0.3321,0.1701
22,62460,2086,2875,1.69e-05,0.3356,0.181,0.158,0.2923,0.1768,0.1471
22,62480,2106,2875,1.69e-05,0.2708,0.3321,0.1876,0.2417,0.3199,0.1839
22,62500,2126,2875,1.69e-05,0.2592,0.3623,0.2035,0.246,0.3527,0.1994
22,62520,2146,2875,1.69e-05,0.3049,0.3488,0.213,0.3082,0.3426,0.2074
22,62540,2166,2875,1.69e-05,0.3727,0.3647,0.2138,0.3538,0.3322,0.2034
22,62560,2186,2875,1.69e-05,0.2967,0.3477,0.1806,0.2913,0.3286,0.1724
22,62580,2206,2875,1.69e-05,0.2254,0.2959,0.1725,0.205,0.3049,0.1686
22,62600,2226,2875,1.69e-05,0.2532,0.3694,0.1962,0.2423,0.3614,0.1885
22,62620,2246,2875,1.69e-05,0.2915,0.2882,0.1797,0.2568,0.2796,0.1754
22,62640,2266,2875,1.69e-05,0.3277,0.2675,0.1787,0.3207,0.2726,0.1715
22,62660,2286,2875,1.69e-05,0.3002,0.4138,0.1868,0.2874,0.3774,0.1843
22,62680,2306,2875,1.69e-05,0.2491,0.2836,0.1761,0.224,0.279,0.1701
22,62700,2326,2875,1.69e-05,0.3471,0.2641,0.2238,0.327,0.2721,0.2274
22,62720,2346,2875,1.69e-05,0.2023,0.3134,0.1842,0.198,0.3091,0.1813
22,62740,2366,2875,1.69e-05,0.1944,0.354,0.1947,0.1838,0.3453,0.1906
22,62760,2386,2875,1.69e-05,0.2199,0.2826,0.1822,0.2043,0.2618,0.1744
22,62780,2406,2875,1.69e-05,0.2793,0.3647,0.1989,0.265,0.3419,0.1904
22,62800,2426,2875,1.69e-05,0.2002,0.374,0.1818,0.1803,0.3342,0.1714
22,62820,2446,2875,1.69e-05,0.2543,0.2931,0.1923,0.2455,0.2801,0.1832
22,62840,2466,2875,1.69e-05,0.3552,0.3053,0.1857,0.3313,0.2946,0.1803
22,62860,2486,2875,1.69e-05,0.2503,0.3237,0.1845,0.2343,0.3147,0.18
22,62880,2506,2875,1.69e-05,0.2206,0.3487,0.1827,0.2183,0.3273,0.1722
22,62900,2526,2875,1.69e-05,0.2163,0.3193,0.2165,0.2106,0.3175,0.21
22,62920,2546,2875,1.69e-05,0.3048,0.3968,0.1867,0.2932,0.3648,0.1698
22,62940,2566,2875,1.69e-05,0.2383,0.3374,0.1765,0.2159,0.3176,0.1686
22,62960,2586,2875,1.69e-05,0.2473,0.3823,0.1715,0.2264,0.333,0.1546
22,62980,2606,2875,1.69e-05,0.3164,0.4127,0.1976,0.2908,0.4027,0.1928
22,63000,2626,2875,1.69e-05,0.23,0.2983,0.1997,0.2183,0.2768,0.1963
22,63020,2646,2875,1.69e-05,0.2124,0.2968,0.1864,0.1953,0.2932,0.1839
22,63040,2666,2875,1.69e-05,0.2175,0.3039,0.1712,0.1994,0.2849,0.1652
22,63060,2686,2875,1.69e-05,0.1841,0.2975,0.1866,0.1568,0.2689,0.1738
22,63080,2706,2875,1.69e-05,0.3512,0.2659,0.1821,0.3693,0.2466,0.1778
22,63100,2726,2875,1.69e-05,0.2723,0.2866,0.176,0.2577,0.2694,0.1713
22,63120,2746,2875,1.69e-05,0.3353,0.369,0.1763,0.3015,0.3413,0.1678
22,63140,2766,2875,1.69e-05,0.2542,0.3498,0.1846,0.2566,0.3342,0.1787
22,63160,2786,2875,1.69e-05,0.2528,0.3901,0.1896,0.2419,0.3733,0.185
22,63180,2806,2875,1.69e-05,0.2343,0.3794,0.1946,0.2103,0.39,0.1962
22,63200,2826,2875,1.69e-05,0.3165,0.4186,0.2206,0.3087,0.3956,0.2087
22,63220,2846,2875,1.69e-05,0.3003,0.4189,0.2069,0.2918,0.4053,0.2069
22,63240,2866,2875,1.69e-05,0.4168,0.3939,0.2104,0.3834,0.3966,0.2083
23,63260,11,2875,1.61e-05,0.3,0.3109,0.1827,0.2838,0.3289,0.1853
23,63280,31,2875,1.61e-05,0.3055,0.3348,0.1868,0.2932,0.3305,0.1811
23,63300,51,2875,1.61e-05,0.2577,0.3686,0.1897,0.2413,0.3649,0.1886
23,63320,71,2875,1.61e-05,0.2889,0.2607,0.1676,0.26,0.2486,0.1615
23,63340,91,2875,1.61e-05,0.2208,0.2426,0.1614,0.1963,0.2357,0.1468
23,63360,111,2875,1.61e-05,0.2055,0.246,0.1621,0.1961,0.2429,0.1574
23,63380,131,2875,1.61e-05,0.3322,0.3391,0.204,0.3292,0.3075,0.1926
23,63400,151,2875,1.61e-05,0.239,0.3371,0.1998,0.2268,0.3222,0.1923
23,63420,171,2875,1.61e-05,0.2458,0.3325,0.163,0.2355,0.3162,0.1588
23,63440,191,2875,1.61e-05,0.2547,0.3723,0.1897,0.2491,0.356,0.1838
23,63460,211,2875,1.61e-05,0.1752,0.2668,0.1599,0.1626,0.2603,0.1564
23,63480,231,2875,1.61e-05,0.2479,0.3328,0.197,0.2279,0.3218,0.1879
23,63500,251,2875,1.61e-05,0.2529,0.3538,0.2002,0.2402,0.3497,0.2004
23,63520,271,2875,1.61e-05,0.2546,0.2337,0.1669,0.2259,0.2329,0.1593
23,63540,291,2875,1.61e-05,0.273,0.3797,0.1815,0.2689,0.3703,0.1781
23,63560,311,2875,1.61e-05,0.2439,0.3134,0.1998,0.2204,0.2973,0.1924
23,63580,331,2875,1.61e-05,0.2603,0.2911,0.1789,0.2411,0.2822,0.1737
23,63600,351,2875,1.61e-05,0.2431,0.3198,0.1867,0.2373,0.3055,0.1801
23,63620,371,2875,1.61e-05,0.2519,0.3782,0.2072,0.2311,0.3637,0.2015
23,63640,391,2875,1.61e-05,0.2261,0.3135,0.1746,0.2211,0.3045,0.1679
23,63660,411,2875,1.61e-05,0.237,0.2964,0.1801,0.2126,0.2876,0.176
23,63680,431,2875,1.61e-05,0.2306,0.3653,0.1933,0.2154,0.3617,0.1864
23,63700,451,2875,1.61e-05,0.2348,0.2928,0.1879,0.2134,0.2842,0.1843
23,63720,471,2875,1.61e-05,0.2653,0.1996,0.1619,0.2272,0.1891,0.1583
23,63740,491,2875,1.61e-05,0.1943,0.2611,0.1416,0.1716,0.2501,0.1409
23,63760,511,2875,1.61e-05,0.2612,0.2789,0.1833,0.247,0.2673,0.1764
23,63780,531,2875,1.61e-05,0.26,0.3672,0.1843,0.2409,0.3599,0.182
23,63800,551,2875,1.61e-05,0.32,0.2765,0.1765,0.2657,0.2818,0.1715
23,63820,571,2875,1.61e-05,0.2208,0.3135,0.1707,0.1947,0.3096,0.1667
23,63840,591,2875,1.61e-05,0.3059,0.3324,0.1806,0.282,0.3109,0.1743
23,63860,611,2875,1.61e-05,0.2951,0.4584,0.1989,0.2893,0.427,0.1976
23,63880,631,2875,1.61e-05,0.2763,0.2703,0.1802,0.2655,0.2519,0.1687
23,63900,651,2875,1.61e-05,0.1869,0.2104,0.1638,0.1588,0.2108,0.158
23,63920,671,2875,1.61e-05,0.1684,0.3285,0.165,0.1618,0.3183,0.1605
23,63940,691,2875,1.61e-05,0.2032,0.3926,0.2011,0.188,0.3574,0.1961
23,63960,711,2875,1.61e-05,0.2539,0.3655,0.193,0.2448,0.3594,0.1854
23,63980,731,2875,1.61e-05,0.3241,0.3889,0.1903,0.2955,0.3875,0.186
23,64000,751,2875,1.61e-05,0.3096,0.3037,0.1951,0.2963,0.2902,0.1863
23,64020,771,2875,1.61e-05,0.2311,0.3432,0.1894,0.2174,0.3406,0.1867
23,64040,791,2875,1.61e-05,0.2472,0.1673,0.1347,0.215,0.1604,0.132
23,64060,811,2875,1.61e-05,0.2179,0.3409,0.1864,0.2172,0.3498,0.1858
23,64080,831,2875,1.61e-05,0.2651,0.3442,0.1967,0.2458,0.3259,0.1885
23,64100,851,2875,1.61e-05,0.276,0.2808,0.1842,0.2697,0.2749,0.173
23,64120,871,2875,1.61e-05,0.2197,0.2622,0.1702,0.203,0.235,0.1652
23,64140,891,2875,1.61e-05,0.3989,0.3091,0.1696,0.3596,0.3091,0.1641
23,64160,911,2875,1.61e-05,0.2209,0.3103,0.1799,0.2019,0.3018,0.1739
23,64180,931,2875,1.61e-05,0.3072,0.3634,0.1963,0.2917,0.354,0.1934
23,64200,951,2875,1.61e-05,0.2193,0.3873,0.1903,0.211,0.371,0.1782
23,64220,971,2875,1.61e-05,0.2616,0.3527,0.1971,0.2465,0.3366,0.1916
23,64240,991,2875,1.61e-05,0.5598,0.4049,0.2021,0.5126,0.3655,0.1891
23,64260,1011,2875,1.61e-05,0.1907,0.2609,0.1794,0.1669,0.2235,0.1746
23,64280,1031,2875,1.61e-05,0.2078,0.2874,0.1678,0.1926,0.2764,0.1623
23,64300,1051,2875,1.61e-05,0.3165,0.3188,0.1885,0.3103,0.3061,0.1794
23,64320,1071,2875,1.61e-05,0.1751,0.3191,0.1582,0.1696,0.3254,0.1545
23,64340,1091,2875,1.61e-05,0.2718,0.3981,0.2109,0.2668,0.4015,0.2105
23,64360,1111,2875,1.61e-05,0.2382,0.2896,0.1658,0.235,0.2839,0.1607
23,64380,1131,2875,1.61e-05,0.2455,0.3335,0.1768,0.2281,0.3243,0.1678
23,64400,1151,2875,1.61e-05,0.2397,0.3864,0.2053,0.2313,0.3857,0.2048
23,64420,1171,2875,1.61e-05,0.2706,0.2598,0.1637,0.2402,0.2467,0.1562
23,64440,1191,2875,1.61e-05,0.1638,0.2558,0.164,0.1491,0.2299,0.1558
23,64460,1211,2875,1.61e-05,0.2999,0.4009,0.1967,0.2981,0.3922,0.1914
23,64480,1231,2875,1.61e-05,0.2283,0.34,0.1908,0.2197,0.3317,0.1824
23,64500,1251,2875,1.61e-05,0.1944,0.286,0.1787,0.1782,0.2771,0.1784
23,64520,1271,2875,1.61e-05,0.2571,0.2935,0.166,0.2393,0.2716,0.1584
23,64540,1291,2875,1.61e-05,0.2633,0.2092,0.16,0.2541,0.2048,0.1571
23,64560,1311,2875,1.61e-05,0.363,0.2871,0.1884,0.3362,0.2693,0.1806
23,64580,1331,2875,1.61e-05,0.2955,0.2425,0.1729,0.2733,0.2366,0.1689
23,64600,1351,2875,1.61e-05,0.258,0.3566,0.1906,0.2532,0.3408,0.1845
23,64620,1371,2875,1.61e-05,0.3106,0.3611,0.2207,0.2679,0.3347,0.2143
23,64640,1391,2875,1.61e-05,0.2451,0.3628,0.1899,0.2314,0.3467,0.1858
23,64660,1411,2875,1.61e-05,0.28,0.3583,0.2073,0.2757,0.3521,0.2041
23,64680,1431,2875,1.61e-05,0.2716,0.307,0.1933,0.2559,0.2876,0.1907
23,64700,1451,2875,1.61e-05,0.2894,0.3279,0.193,0.2807,0.3221,0.1885
23,64720,1471,2875,1.61e-05,0.2557,0.3776,0.1964,0.2428,0.3757,0.1946
23,64740,1491,2875,1.61e-05,0.2596,0.2884,0.1792,0.2281,0.2806,0.1687
23,64760,1511,2875,1.61e-05,0.2527,0.3166,0.19,0.2472,0.3121,0.1857
23,64780,1531,2875,1.61e-05,0.215,0.3056,0.1861,0.1989,0.297,0.1797
23,64800,1551,2875,1.61e-05,0.2621,0.3497,0.2265,0.2615,0.3344,0.2199
23,64820,1571,2875,1.61e-05,0.4443,0.2868,0.1774,0.4081,0.2942,0.1728
23,64840,1591,2875,1.61e-05,0.2998,0.34,0.1931,0.275,0.3413,0.1929
23,64860,1611,2875,1.61e-05,0.2581,0.332,0.1812,0.2373,0.3254,0.1714
23,64880,1631,2875,1.61e-05,0.2424,0.3468,0.1837,0.2313,0.3335,0.1792
23,64900,1651,2875,1.61e-05,0.3573,0.4318,0.2229,0.345,0.4113,0.2171
23,64920,1671,2875,1.61e-05,0.2445,0.3206,0.1763,0.2249,0.3117,0.1694
23,64940,1691,2875,1.61e-05,0.2907,0.3772,0.2491,0.2551,0.3781,0.2429
23,64960,1711,2875,1.61e-05,0.2389,0.3429,0.1889,0.2369,0.3361,0.1864
23,64980,1731,2875,1.61e-05,0.2599,0.2781,0.1676,0.2447,0.2578,0.1503
23,65000,1751,2875,1.61e-05,0.2962,0.394,0.2094,0.2813,0.3732,0.2017
23,65020,1771,2875,1.61e-05,0.2472,0.2989,0.1827,0.2229,0.3032,0.1805
23,65040,1791,2875,1.61e-05,0.2661,0.3505,0.1745,0.2492,0.3192,0.1562
23,65060,1811,2875,1.61e-05,0.2978,0.2838,0.1815,0.2726,0.2594,0.1714
23,65080,1831,2875,1.61e-05,0.2143,0.2956,0.1904,0.1878,0.2821,0.1886
23,65100,1851,2875,1.61e-05,0.3108,0.2489,0.1557,0.2369,0.2283,0.1403
23,65120,1871,2875,1.61e-05,0.1968,0.2988,0.1729,0.1857,0.277,0.166
23,65140,1891,2875,1.61e-05,0.2543,0.2937,0.1876,0.2342,0.2899,0.1853
23,65160,1911,2875,1.61e-05,0.3282,0.3725,0.2139,0.3175,0.3689,0.2051
23,65180,1931,2875,1.61e-05,0.2618,0.3568,0.2026,0.2441,0.3658,0.2009
23,65200,1951,2875,1.61e-05,0.2075,0.245,0.1709,0.1976,0.234,0.1662
23,65220,1971,2875,1.61e-05,0.3119,0.297,0.1853,0.2996,0.2714,0.1746
23,65240,1991,2875,1.61e-05,0.2052,0.3072,0.1838,0.1939,0.3033,0.1818
23,65260,2011,2875,1.61e-05,0.24,0.3312,0.188,0.233,0.3205,0.1841
23,65280,2031,2875,1.61e-05,0.3249,0.4284,0.224,0.2951,0.4028,0.2141
23,65300,2051,2875,1.61e-05,0.3103,0.3396,0.1938,0.2928,0.3218,0.185
23,65320,2071,2875,1.61e-05,0.2451,0.288,0.1831,0.2293,0.2751,0.1757
23,65340,2091,2875,1.61e-05,0.2477,0.2521,0.1673,0.2084,0.2368,0.1599
23,65360,2111,2875,1.61e-05,0.283,0.3388,0.2259,0.2598,0.3248,0.2198
23,65380,2131,2875,1.61e-05,0.2552,0.433,0.2135,0.2475,0.4145,0.2109
23,65400,2151,2875,1.61e-05,0.4147,0.3392,0.2108,0.3888,0.3229,0.2061
23,65420,2171,2875,1.61e-05,0.3519,0.3731,0.2023,0.3099,0.3547,0.1906
23,65440,2191,2875,1.61e-05,0.2926,0.3299,0.1874,0.2904,0.3164,0.1818
23,65460,2211,2875,1.61e-05,0.229,0.3137,0.1886,0.2247,0.304,0.1825
23,65480,2231,2875,1.61e-05,0.2242,0.2126,0.1599,0.1924,0.2087,0.1557
23,65500,2251,2875,1.61e-05,0.24,0.3295,0.1765,0.212,0.314,0.1733
23,65520,2271,2875,1.61e-05,0.3101,0.3532,0.204,0.2847,0.3295,0.1977
23,65540,2291,2875,1.61e-05,0.1973,0.2441,0.1684,0.1774,0.2289,0.1608
23,65560,2311,2875,1.61e-05,0.2813,0.3219,0.1772,0.2698,0.2938,0.1642
23,65580,2331,2875,1.61e-05,0.3066,0.2824,0.1731,0.2693,0.252,0.1676
23,65600,2351,2875,1.61e-05,0.2076,0.2738,0.1974,0.1714,0.266,0.1905
23,65620,2371,2875,1.61e-05,0.2643,0.2629,0.1731,0.2313,0.2519,0.1691
23,65640,2391,2875,1.61e-05,0.3907,0.4591,0.2104,0.3562,0.4224,0.198
23,65660,2411,2875,1.61e-05,0.2323,0.3222,0.1738,0.2324,0.3212,0.1698
23,65680,2431,2875,1.61e-05,0.3263,0.38,0.1992,0.3168,0.3619,0.1963
23,65700,2451,2875,1.61e-05,0.2257,0.3323,0.1845,0.204,0.3262,0.1805
23,65720,2471,2875,1.61e-05,0.2695,0.3266,0.1956,0.2464,0.3088,0.1898
23,65740,2491,2875,1.61e-05,0.2578,0.3313,0.1996,0.2394,0.3226,0.1928
23,65760,2511,2875,1.61e-05,0.2925,0.3541,0.2034,0.289,0.3553,0.2001
23,65780,2531,2875,1.61e-05,0.3315,0.3315,0.1866,0.3291,0.3182,0.1801
23,65800,2551,2875,1.61e-05,0.2387,0.3499,0.1887,0.216,0.3398,0.1847
23,65820,2571,2875,1.61e-05,0.2854,0.2188,0.1705,0.246,0.2106,0.1642
23,65840,2591,2875,1.61e-05,0.2898,0.4138,0.2244,0.2792,0.3867,0.2163
23,65860,2611,2875,1.61e-05,0.2228,0.3247,0.1808,0.1971,0.3218,0.1746
23,65880,2631,2875,1.61e-05,0.2352,0.3648,0.1835,0.2154,0.3551,0.1769
23,65900,2651,2875,1.61e-05,0.2315,0.3157,0.1807,0.2202,0.3025,0.1777
23,65920,2671,2875,1.61e-05,0.263,0.2852,0.1937,0.2556,0.2735,0.1787
23,65940,2691,2875,1.61e-05,0.2967,0.3413,0.1977,0.293,0.3104,0.1876
23,65960,2711,2875,1.61e-05,0.2745,0.2769,0.177,0.3048,0.2748,0.1715
23,65980,2731,2875,1.61e-05,0.2093,0.2669,0.1743,0.1918,0.248,0.1686
23,66000,2751,2875,1.61e-05,0.2964,0.2939,0.1825,0.2765,0.2774,0.1737
23,66020,2771,2875,1.61e-05,0.2008,0.2019,0.159,0.1685,0.1721,0.1476
23,66040,2791,2875,1.61e-05,0.2414,0.38,0.1912,0.2222,0.3667,0.1855
23,66060,2811,2875,1.61e-05,0.2985,0.3587,0.18,0.2834,0.3405,0.1673
23,66080,2831,2875,1.61e-05,0.2971,0.2926,0.1811,0.2846,0.2936,0.1804
23,66100,2851,2875,1.61e-05,0.228,0.3359,0.184,0.2056,0.3306,0.1805
23,66120,2871,2875,1.61e-05,0.3649,0.3427,0.1949,0.3407,0.3453,0.1941
24,66140,16,2875,1.53e-05,0.2341,0.2356,0.1692,0.2012,0.2316,0.1618
24,66160,36,2875,1.53e-05,0.2846,0.3409,0.1767,0.2655,0.3283,0.1714
24,66180,56,2875,1.53e-05,0.2704,0.2775,0.1668,0.2567,0.2627,0.1611
24,66200,76,2875,1.53e-05,0.3091,0.3403,0.1908,0.2924,0.31,0.1743
24,66220,96,2875,1.53e-05,0.2475,0.3214,0.1999,0.2272,0.3107,0.1898
24,66240,116,2875,1.53e-05,0.3253,0.2984,0.1865,0.2995,0.2764,0.1783
24,66260,136,2875,1.53e-05,0.3266,0.3153,0.1907,0.2768,0.298,0.1827
24,66280,156,2875,1.53e-05,0.2388,0.3333,0.1835,0.2323,0.3213,0.1815
24,66300,176,2875,1.53e-05,0.4307,0.2439,0.1852,0.3799,0.2158,0.1739
24,66320,196,2875,1.53e-05,0.2916,0.2001,0.1391,0.2374,0.1925,0.133
24,66340,216,2875,1.53e-05,0.1822,0.3118,0.1758,0.1639,0.2993,0.171
24,66360,236,2875,1.53e-05,0.3403,0.3869,0.2043,0.3298,0.3613,0.1938
24,66380,256,2875,1.53e-05,0.2732,0.3731,0.1913,0.2753,0.3556,0.1884
24,66400,276,2875,1.53e-05,0.2109,0.2961,0.1863,0.1993,0.2765,0.1744
24,66420,296,2875,1.53e-05,0.2843,0.3359,0.1814,0.2629,0.3113,0.1682
24,66440,316,2875,1.53e-05,0.2573,0.3158,0.1862,0.2421,0.3092,0.177
24,66460,336,2875,1.53e-05,0.2764,0.3251,0.1765,0.2494,0.316,0.1697
24,66480,356,2875,1.53e-05,0.3258,0.285,0.1898,0.3002,0.2803,0.1843
24,66500,376,2875,1.53e-05,0.2077,0.3015,0.1823,0.1968,0.2881,0.1736
24,66520,396,2875,1.53e-05,0.222,0.2535,0.1789,0.209,0.2462,0.1782
24,66540,416,2875,1.53e-05,0.2753,0.2536,0.1673,0.2614,0.2395,0.1602
24,66560,436,2875,1.53e-05,0.2944,0.2757,0.1854,0.27,0.2523,0.1719
24,66580,456,2875,1.53e-05,0.231,0.3177,0.1878,0.2107,0.3133,0.1847
24,66600,476,2875,1.53e-05,0.2229,0.3149,0.1812,0.2128,0.2991,0.1749
24,66620,496,2875,1.53e-05,0.4234,0.4751,0.2661,0.3805,0.44,0.2779
24,66640,516,2875,1.53e-05,0.3013,0.273,0.177,0.2765,0.2636,0.1735
24,66660,536,2875,1.53e-05,0.4015,0.2306,0.1796,0.3407,0.2085,0.1717
24,66680,556,2875,1.53e-05,0.2597,0.3442,0.1961,0.2324,0.3282,0.1958
24,66700,576,2875,1.53e-05,0.3037,0.2317,0.1699,0.2788,0.216,0.1636
24,66720,596,2875,1.53e-05,0.2205,0.3732,0.1951,0.2105,0.3608,0.1888
24,66740,616,2875,1.53e-05,0.2881,0.3806,0.1958,0.2695,0.3676,0.1934
24,66760,636,2875,1.53e-05,0.247,0.3687,0.1738,0.2308,0.3417,0.1685
24,66780,656,2875,1.53e-05,0.29,0.271,0.1847,0.2658,0.2762,0.1793
24,66800,676,2875,1.53e-05,0.2144,0.2573,0.1605,0.1962,0.2513,0.156
24,66820,696,2875,1.53e-05,0.3006,0.2868,0.1953,0.2763,0.2669,0.1864
24,66840,716,2875,1.53e-05,0.2557,0.2952,0.1781,0.237,0.2868,0.1738
24,66860,736,2875,1.53e-05,0.3443,0.3739,0.2084,0.3332,0.3649,0.1999
24,66880,756,2875,1.53e-05,0.261,0.417,0.1993,0.2419,0.405,0.1952
24,66900,776,2875,1.53e-05,0.2294,0.3024,0.1786,0.2141,0.2845,0.1677
24,66920,796,2875,1.53e-05,0.2204,0.338,0.1834,0.2194,0.3225,0.1775
24,66940,816,2875,1.53e-05,0.38,0.2828,0.2012,0.357,0.2621,0.1931
24,66960,836,2875,1.53e-05,0.2057,0.2894,0.1597,0.2198,0.272,0.152
24,66980,856,2875,1.53e-05,0.2425,0.3644,0.1788,0.213,0.3432,0.178
24,67000,876,2875,1.53e-05,0.2548,0.3043,0.1763,0.2377,0.2926,0.1694
24,67020,896,2875,1.53e-05,0.2501,0.2909,0.1875,0.2261,0.2797,0.1818
24,67040,916,2875,1.53e-05,0.2162,0.3814,0.1985,0.2105,0.3389,0.1882
24,67060,936,2875,1.53e-05,0.247,0.2829,0.1784,0.2373,0.2829,0.171
24,67080,956,2875,1.53e-05,0.332,0.3506,0.196,0.3037,0.3302,0.1898
24,67100,976,2875,1.53e-05,0.1901,0.29,0.17,0.179,0.2862,0.1653
24,67120,996,2875,1.53e-05,0.4414,0.4258,0.2447,0.4222,0.3703,0.2262
24,67140,1016,2875,1.53e-05,0.2965,0.36,0.1951,0.2873,0.3427,0.1899
24,67160,1036,2875,1.53e-05,0.227,0.3319,0.1829,0.2008,0.3159,0.1747
24,67180,1056,2875,1.53e-05,0.2783,0.3028,0.1728,0.2612,0.2932,0.1675
24,67200,1076,2875,1.53e-05,0.242,0.333,0.1944,0.2426,0.3239,0.1884
24,67220,1096,2875,1.53e-05,0.2499,0.2706,0.1653,0.2249,0.2641,0.1628
24,67240,1116,2875,1.53e-05,0.2317,0.3066,0.1936,0.2096,0.2892,0.1871
24,67260,1136,2875,1.53e-05,0.2384,0.2772,0.1784,0.2284,0.2585,0.1709
24,67280,1156,2875,1.53e-05,0.1795,0.2202,0.1597,0.1496,0.2238,0.1556
24,67300,1176,2875,1.53e-05,0.2484,0.3492,0.2087,0.2329,0.3447,0.2038
24,67320,1196,2875,1.53e-05,0.2616,0.3347,0.1883,0.2497,0.3089,0.1804
24,67340,1216,2875,1.53e-05,0.1753,0.2348,0.16,0.165,0.2322,0.156
24,67360,1236,2875,1.53e-05,0.2525,0.3317,0.1869,0.2303,0.3199,0.1835
24,67380,1256,2875,1.53e-05,0.2712,0.2933,0.1708,0.2566,0.2767,0.1646
24,67400,1276,2875,1.53e-05,0.3045,0.4627,0.2393,0.2937,0.4425,0.2386
24,67420,1296,2875,1.53e-05,0.2082,0.2828,0.1692,0.1957,0.2791,0.1621
24,67440,1316,2875,1.53e-05,0.2272,0.2704,0.1855,0.2105,0.2359,0.1715
24,67460,1336,2875,1.53e-05,0.2554,0.3683,0.2068,0.2534,0.3666,0.2021
24,67480,1356,2875,1.53e-05,0.2353,0.2623,0.1585,0.2373,0.2528,0.155
24,67500,1376,2875,1.53e-05,0.3255,0.2901,0.1902,0.3163,0.2636,0.1788
24,67520,1396,2875,1.53e-05,0.2407,0.2526,0.1706,0.2228,0.249,0.1671
24,67540,1416,2875,1.53e-05,0.3102,0.4334,0.2299,0.3008,0.4148,0.2237
24,67560,1436,2875,1.53e-05,0.3463,0.3247,0.2026,0.3074,0.3033,0.1887
24,67580,1456,2875,1.53e-05,0.3369,0.3314,0.1857,0.3124,0.326,0.1799
24,67600,1476,2875,1.53e-05,0.281,0.284,0.1693,0.2698,0.259,0.1602
24,67620,1496,2875,1.53e-05,0.3094,0.2821,0.1804,0.2891,0.2654,0.1738
24,67640,1516,2875,1.53e-05,0.2216,0.2707,0.158,0.1996,0.2434,0.1512
24,67660,1536,2875,1.53e-05,0.3217,0.2991,0.1868,0.2863,0.2752,0.1722
24,67680,1556,2875,1.53e-05,0.2432,0.3431,0.187,0.2444,0.3207,0.1762
24,67700,1576,2875,1.53e-05,0.1896,0.2706,0.1602,0.1724,0.2715,0.1568
24,67720,1596,2875,1.53e-05,0.2695,0.3564,0.2195,0.2473,0.3341,0.2117
24,67740,1616,2875,1.53e-05,0.2953,0.3559,0.1848,0.3131,0.3246,0.1732
24,67760,1636,2875,1.53e-05,0.2011,0.2845,0.1806,0.1854,0.2635,0.1749
24,67780,1656,2875,1.53e-05,0.1986,0.3096,0.1809,0.1922,0.3073,0.1799
24,67800,1676,2875,1.53e-05,0.2558,0.3619,0.201,0.2503,0.3431,0.1941
24,67820,1696,2875,1.53e-05,0.2734,0.2884,0.1688,0.2592,0.2932,0.1654
24,67840,1716,2875,1.53e-05,0.1951,0.2936,0.1731,0.1758,0.2659,0.1625
24,67860,1736,2875,1.53e-05,0.3258,0.3653,0.1914,0.3066,0.3425,0.1785
24,67880,1756,2875,1.53e-05,0.2983,0.3948,0.2151,0.2872,0.3645,0.2032
24,67900,1776,2875,1.53e-05,0.2308,0.281,0.1692,0.2059,0.2816,0.1649
24,67920,1796,2875,1.53e-05,0.2136,0.381,0.1939,0.202,0.3872,0.2001
24,67940,1816,2875,1.53e-05,0.2202,0.318,0.1759,0.2088,0.3022,0.1708
24,67960,1836,2875,1.53e-05,0.1979,0.3131,0.1905,0.1849,0.3246,0.1882
24,67980,1856,2875,1.53e-05,0.2215,0.3315,0.2036,0.2208,0.3237,0.2017
24,68000,1876,2875,1.53e-05,0.3409,0.4025,0.173,0.3059,0.3629,0.1582
24,68020,1896,2875,1.53e-05,0.2696,0.2881,0.1749,0.2623,0.2694,0.1652
24,68040,1916,2875,1.53e-05,0.3185,0.3797,0.2126,0.3053,0.3606,0.2082
24,68060,1936,2875,1.53e-05,0.2652,0.306,0.1912,0.2615,0.2902,0.1876
24,68080,1956,2875,1.53e-05,0.2651,0.2568,0.1702,0.2292,0.27,0.1735
24,68100,1976,2875,1.53e-05,0.3425,0.3369,0.1922,0.3139,0.3321,0.1866
24,68120,1996,2875,1.53e-05,0.2997,0.3001,0.1843,0.277,0.292,0.1786
24,68140,2016,2875,1.53e-05,0.2233,0.4101,0.1899,0.216,0.3862,0.1823
24,68160,2036,2875,1.53e-05,0.2689,0.3483,0.1878,0.2717,0.3425,0.1857
24,68180,2056,2875,1.53e-05,0.2808,0.3334,0.1982,0.2671,0.3183,0.1886
24,68200,2076,2875,1.53e-05,0.2409,0.3217,0.1767,0.2606,0.2984,0.1701
24,68220,2096,2875,1.53e-05,0.2476,0.3698,0.1956,0.2304,0.3429,0.1904
24,68240,2116,2875,1.53e-05,0.2696,0.3685,0.1748,0.2512,0.357,0.1748
24,68260,2136,2875,1.53e-05,0.2802,0.3351,0.1725,0.2576,0.3129,0.1649
24,68280,2156,2875,1.53e-05,0.2104,0.3662,0.1694,0.2214,0.3351,0.1573
24,68300,2176,2875,1.53e-05,0.4227,0.3583,0.1932,0.3881,0.3312,0.1826
24,68320,2196,2875,1.53e-05,0.3238,0.3842,0.218,0.2908,0.3449,0.2019
24,68340,2216,2875,1.53e-05,0.1958,0.184,0.1449,0.1708,0.1976,0.1459
24,68360,2236,2875,1.53e-05,0.2789,0.2763,0.175,0.2479,0.2722,0.1708
24,68380,2256,2875,1.53e-05,0.2816,0.2797,0.1759,0.2592,0.2568,0.1665
24,68400,2276,2875,1.53e-05,0.3181,0.318,0.174,0.3054,0.3084,0.1674
24,68420,2296,2875,1.53e-05,0.2592,0.3582,0.1904,0.2519,0.3557,0.1852
24,68440,2316,2875,1.53e-05,0.3011,0.2711,0.175,0.2769,0.2515,0.1657
24,68460,2336,2875,1.53e-05,0.2973,0.3126,0.1944,0.2731,0.3038,0.1858
24,68480,2356,2875,1.53e-05,0.3195,0.3431,0.1822,0.3051,0.3231,0.1739
24,68500,2376,2875,1.53e-05,0.2912,0.3842,0.1947,0.2758,0.3843,0.1894
24,68520,2396,2875,1.53e-05,0.3537,0.3231,0.1859,0.3087,0.3082,0.177
24,68540,2416,2875,1.53e-05,0.2548,0.2745,0.174,0.2502,0.2715,0.1681
24,68560,2436,2875,1.53e-05,0.3031,0.2436,0.174,0.2997,0.2407,0.1697
24,68580,2456,2875,1.53e-05,0.1913,0.3264,0.1765,0.1755,0.3095,0.1727
24,68600,2476,2875,1.53e-05,0.1932,0.3134,0.1797,0.1926,0.3195,0.1813
24,68620,2496,2875,1.53e-05,0.2317,0.3256,0.1874,0.2114,0.3057,0.1817
24,68640,2516,2875,1.53e-05,0.2455,0.3464,0.1903,0.2225,0.3435,0.1863
24,68660,2536,2875,1.53e-05,0.1693,0.1977,0.1373,0.1398,0.1857,0.1302
24,68680,2556,2875,1.53e-05,0.1337,0.2798,0.1638,0.1268,0.2807,0.1601
24,68700,2576,2875,1.53e-05,0.2677,0.3467,0.1935,0.258,0.3422,0.1901
24,68720,2596,2875,1.53e-05,0.2757,0.4345,0.2145,0.2745,0.41,0.2077
24,68740,2616,2875,1.53e-05,0.1881,0.3044,0.1884,0.1913,0.3014,0.1823
24,68760,2636,2875,1.53e-05,0.29,0.3741,0.1807,0.2603,0.3369,0.1698
24,68780,2656,2875,1.53e-05,0.2826,0.3086,0.2016,0.2663,0.2999,0.1933
24,68800,2676,2875,1.53e-05,0.2078,0.325,0.1739,0.1935,0.3032,0.1686
24,68820,2696,2875,1.53e-05,0.2832,0.3932,0.197,0.2675,0.3833,0.193
24,68840,2716,2875,1.53e-05,0.3125,0.3167,0.1972,0.2782,0.3046,0.1875
24,68860,2736,2875,1.53e-05,0.1986,0.2916,0.1922,0.1743,0.2774,0.1792
24,68880,2756,2875,1.53e-05,0.2881,0.4248,0.2007,0.2743,0.4062,0.1931
24,68900,2776,2875,1.53e-05,0.2519,0.307,0.1873,0.2453,0.3069,0.1835
24,68920,2796,2875,1.53e-05,0.2714,0.3484,0.1814,0.2479,0.3108,0.1694
24,68940,2816,2875,1.53e-05,0.1755,0.2884,0.1616,0.1631,0.26,0.152
24,68960,2836,2875,1.53e-05,0.2804,0.3277,0.1841,0.2691,0.311,0.1764
24,68980,2856,2875,1.53e-05,0.229,0.3198,0.1884,0.2252,0.3107,0.1813
25,69000,1,2875,1.46e-05,0.3105,0.3029,0.1756,0.2886,0.287,0.1724
25,69020,21,2875,1.46e-05,0.3281,0.3876,0.1919,0.3172,0.3736,0.1846
25,69040,41,2875,1.46e-05,0.1959,0.3657,0.191,0.188,0.351,0.1809
25,69060,61,2875,1.46e-05,0.2505,0.2924,0.1697,0.2353,0.2767,0.1633
25,69080,81,2875,1.46e-05,0.239,0.3517,0.1866,0.215,0.3386,0.1808
25,69100,101,2875,1.46e-05,0.2483,0.3056,0.1812,0.2248,0.3128,0.1801
25,69120,121,2875,1.46e-05,0.2839,0.4022,0.2134,0.2471,0.3862,0.2002
25,69140,141,2875,1.46e-05,0.2324,0.3079,0.1826,0.2203,0.2839,0.1746
25,69160,161,2875,1.46e-05,0.2947,0.3607,0.2099,0.276,0.3534,0.2044
25,69180,181,2875,1.46e-05,0.2339,0.3167,0.1716,0.2232,0.3029,0.1659
25,69200,201,2875,1.46e-05,0.2785,0.3388,0.1898,0.2693,0.3256,0.1867
25,69220,221,2875,1.46e-05,0.2218,0.3324,0.1776,0.2147,0.3232,0.1743
25,69240,241,2875,1.46e-05,0.2267,0.2364,0.1517,0.1849,0.2105,0.148
25,69260,261,2875,1.46e-05,0.2645,0.333,0.1933,0.2521,0.3275,0.1871
25,69280,281,2875,1.46e-05,0.2647,0.3086,0.1969,0.2472,0.2963,0.1925
25,69300,301,2875,1.46e-05,0.2472,0.3665,0.1939,0.24,0.3624,0.1895
25,69320,321,2875,1.46e-05,0.3538,0.3462,0.1806,0.3121,0.3402,0.1806
25,69340,341,2875,1.46e-05,0.3513,0.3647,0.222,0.3277,0.335,0.2119
25,69360,361,2875,1.46e-05,0.2513,0.3168,0.1749,0.2314,0.3145,0.1695
25,69380,381,2875,1.46e-05,0.2976,0.3355,0.201,0.2826,0.3359,0.198
25,69400,401,2875,1.46e-05,0.2386,0.3352,0.1945,0.2214,0.2934,0.1788
25,69420,421,2875,1.46e-05,0.2755,0.3517,0.1763,0.286,0.3411,0.1732
25,69440,441,2875,1.46e-05,0.2678,0.2641,0.1639,0.2344,0.2527,0.1578
25,69460,461,2875,1.46e-05,0.2802,0.3593,0.1956,0.2539,0.3291,0.1899
25,69480,481,2875,1.46e-05,0.2558,0.2876,0.1765,0.2347,0.2868,0.1695
25,69500,501,2875,1.46e-05,0.2334,0.3194,0.1839,0.2173,0.312,0.1807
25,69520,521,2875,1.46e-05,0.3465,0.3169,0.1943,0.3344,0.31,0.1899
25,69540,541,2875,1.46e-05,0.3204,0.3667,0.1987,0.3137,0.3557,0.1938
25,69560,561,2875,1.46e-05,0.2302,0.3521,0.1874,0.2314,0.3301,0.1778
25,69580,581,2875,1.46e-05,0.3407,0.5011,0.2152,0.3733,0.4868,0.213
25,69600,601,2875,1.46e-05,0.2639,0.4412,0.2185,0.243,0.4202,0.2113
25,69620,621,2875,1.46e-05,0.2705,0.3237,0.167,0.2556,0.3207,0.1643
25,69640,641,2875,1.46e-05,0.2548,0.376,0.1848,0.2521,0.3548,0.1801
25,69660,661,2875,1.46e-05,0.1868,0.2757,0.1616,0.1749,0.2722,0.1595
25,69680,681,2875,1.46e-05,0.3078,0.2632,0.1863,0.2947,0.2409,0.1735
25,69700,701,2875,1.46e-05,0.249,0.2841,0.1873,0.2291,0.2756,0.186
25,69720,721,2875,1.46e-05,0.2586,0.2962,0.1903,0.2431,0.2832,0.1823
25,69740,741,2875,1.46e-05,0.2661,0.2833,0.1467,0.2511,0.2778,0.142
25,69760,761,2875,1.46e-05,0.2622,0.3696,0.1877,0.2583,0.3663,0.183
25,69780,781,2875,1.46e-05,0.225,0.436,0.2224,0.2229,0.418,0.2239
25,69800,801,2875,1.46e-05,0.2899,0.373,0.1862,0.2741,0.3562,0.1806
25,69820,821,2875,1.46e-05,0.2855,0.2679,0.1586,0.2649,0.2523,0.1518
25,69840,841,2875,1.46e-05,0.222,0.2677,0.169,0.1986,0.2572,0.158
25,69860,861,2875,1.46e-05,0.269,0.2069,0.1589,0.2452,0.1969,0.1545
25,69880,881,2875,1.46e-05,0.258,0.3298,0.1854,0.2502,0.3368,0.1824
25,69900,901,2875,1.46e-05,0.35,0.3291,0.1956,0.2991,0.3197,0.1939
25,69920,921,2875,1.46e-05,0.3161,0.2747,0.1707,0.2995,0.2567,0.1627
25,69940,941,2875,1.46e-05,0.2652,0.2692,0.1789,0.2499,0.2646,0.1741
25,69960,961,2875,1.46e-05,0.2782,0.279,0.182,0.2617,0.2741,0.1721
25,69980,981,2875,1.46e-05,0.3484,0.4373,0.2221,0.3358,0.4115,0.2146
25,70000,1001,2875,1.46e-05,0.3114,0.3479,0.192,0.2749,0.3458,0.1912
25,70020,1021,2875,1.46e-05,0.2028,0.32,0.1683,0.1928,0.2751,0.1526
25,70040,1041,2875,1.46e-05,0.3055,0.4148,0.1931,0.3046,0.4024,0.1835
25,70060,1061,2875,1.46e-05,0.2489,0.3139,0.1782,0.2247,0.2947,0.1711
25,70080,1081,2875,1.46e-05,0.2998,0.3437,0.2007,0.2872,0.3339,0.1967
25,70100,1101,2875,1.46e-05,0.2358,0.3492,0.1747,0.2228,0.3375,0.1708
25,70120,1121,2875,1.46e-05,0.2656,0.3602,0.1877,0.2293,0.3552,0.1803
25,70140,1141,2875,1.46e-05,0.3439,0.3213,0.1789,0.3112,0.2919,0.1646
25,70160,1161,2875,1.46e-05,0.2554,0.239,0.1759,0.2287,0.2278,0.1712
25,70180,1181,2875,1.46e-05,0.3405,0.3298,0.181,0.3137,0.3253,0.1752
25,70200,1201,2875,1.46e-05,0.2693,0.325,0.2083,0.24,0.3088,0.2061
25,70220,1221,2875,1.46e-05,0.2322,0.2907,0.172,0.2267,0.2853,0.1659
25,70240,1241,2875,1.46e-05,0.2625,0.3316,0.1857,0.2455,0.324,0.182
25,70260,1261,2875,1.46e-05,0.2604,0.2624,0.1675,0.2293,0.2356,0.1613
25,70280,1281,2875,1.46e-05,0.2523,0.3676,0.208,0.2393,0.3472,0.1982
25,70300,1301,2875,1.46e-05,0.2347,0.3359,0.1885,0.2247,0.3324,0.1878
25,70320,1321,2875,1.46e-05,0.2625,0.2861,0.1835,0.2396,0.2786,0.1742
25,70340,1341,2875,1.46e-05,0.2363,0.3678,0.183,0.214,0.3477,0.1746
25,70360,1361,2875,1.46e-05,0.2853,0.2362,0.152,0.2551,0.2202,0.1432
25,70380,1381,2875,1.46e-05,0.21,0.283,0.1703,0.2195,0.2594,0.1612
25,70400,1401,2875,1.46e-05,0.2916,0.3354,0.1875,0.2624,0.3197,0.1803
25,70420,1421,2875,1.46e-05,0.2819,0.3147,0.2121,0.2772,0.2955,0.2077
25,70440,1441,2875,1.46e-05,0.2803,0.4803,0.2529,0.2758,0.4684,0.2517
25,70460,1461,2875,1.46e-05,0.2777,0.3061,0.194,0.258,0.2911,0.1872
25,70480,1481,2875,1.46e-05,0.3013,0.3712,0.201,0.2703,0.3629,0.195
25,70500,1501,2875,1.46e-05,0.265,0.3852,0.2042,0.2597,0.3679,0.2001
25,70520,1521,2875,1.46e-05,0.2534,0.2446,0.1749,0.2309,0.2335,0.1676
25,70540,1541,2875,1.46e-05,0.2322,0.3063,0.1803,0.2319,0.2888,0.1692
25,70560,1561,2875,1.46e-05,0.3101,0.2712,0.1868,0.2829,0.26,0.179
25,70580,1581,2875,1.46e-05,0.2509,0.2854,0.1973,0.1983,0.2694,0.1849
25,70600,1601,2875,1.46e-05,0.1983,0.31,0.1607,0.1633,0.3082,0.1551
25,70620,1621,2875,1.46e-05,0.1673,0.2595,0.1626,0.1577,0.2614,0.1589
25,70640,1641,2875,1.46e-05,0.2055,0.2921,0.1821,0.1989,0.2864,0.1771
25,70660,1661,2875,1.46e-05,0.2679,0.3011,0.1879,0.2611,0.293,0.1809
25,70680,1681,2875,1.46e-05,0.3094,0.3038,0.187,0.3016,0.2803,0.1752
25,70700,1701,2875,1.46e-05,0.2854,0.3048,0.18,0.2777,0.2847,0.1743
25,70720,1721,2875,1.46e-05,0.2559,0.3284,0.1964,0.2418,0.315,0.1907
25,70740,1741,2875,1.46e-05,0.2193,0.3717,0.1716,0.2089,0.3609,0.1666
25,70760,1761,2875,1.46e-05,0.3103,0.2867,0.1805,0.281,0.2748,0.1768
25,70780,1781,2875,1.46e-05,0.2793,0.3666,0.1994,0.2729,0.352,0.1984
25,70800,1801,2875,1.46e-05,0.2753,0.3286,0.1948,0.2589,0.3088,0.1897
25,70820,1821,2875,1.46e-05,0.306,0.2788,0.1874,0.3033,0.2628,0.1856
25,70840,1841,2875,1.46e-05,0.1926,0.3087,0.1785,0.1555,0.2923,0.1742
25,70860,1861,2875,1.46e-05,0.3399,0.3997,0.208,0.3059,0.376,0.2011
25,70880,1881,2875,1.46e-05,0.2546,0.258,0.186,0.2638,0.248,0.1813
25,70900,1901,2875,1.46e-05,0.3125,0.3542,0.1794,0.3,0.3361,0.1739
25,70920,1921,2875,1.46e-05,0.2913,0.3828,0.2018,0.2617,0.3744,0.1955
25,70940,1941,2875,1.46e-05,0.2479,0.3131,0.1749,0.2333,0.3054,0.172
25,70960,1961,2875,1.46e-05,0.2561,0.2926,0.1848,0.2243,0.2568,0.1705
25,70980,1981,2875,1.46e-05,0.1996,0.381,0.1698,0.1945,0.3622,0.1658
25,71000,2001,2875,1.46e-05,0.2394,0.2356,0.174,0.1963,0.2337,0.1749
25,71020,2021,2875,1.46e-05,0.2251,0.2941,0.1681,0.2009,0.2739,0.1601
25,71040,2041,2875,1.46e-05,0.3238,0.3557,0.2001,0.2954,0.3377,0.1895
25,71060,2061,2875,1.46e-05,0.2128,0.2268,0.1637,0.1976,0.2147,0.1554
25,71080,2081,2875,1.46e-05,0.2718,0.2988,0.1845,0.2416,0.2701,0.1754
25,71100,2101,2875,1.46e-05,0.267,0.2532,0.1337,0.2298,0.2219,0.1259
25,71120,2121,2875,1.46e-05,0.266,0.3428,0.1948,0.2506,0.3219,0.1914
25,71140,2141,2875,1.46e-05,0.2577,0.2954,0.1875,0.237,0.2848,0.1841
25,71160,2161,2875,1.46e-05,0.2053,0.4067,0.1927,0.1997,0.4075,0.1903
25,71180,2181,2875,1.46e-05,0.3101,0.3838,0.2105,0.2926,0.3587,0.198
25,71200,2201,2875,1.46e-05,0.2654,0.3706,0.183,0.264,0.3716,0.1781
25,71220,2221,2875,1.46e-05,0.2507,0.286,0.1751,0.2341,0.2798,0.1704
25,71240,2241,2875,1.46e-05,0.2363,0.3086,0.16,0.2027,0.2868,0.1531
25,71260,2261,2875,1.46e-05,0.2485,0.3494,0.193,0.2295,0.3385,0.1847
25,71280,2281,2875,1.46e-05,0.2233,0.2179,0.1674,0.1836,0.2117,0.1627
25,71300,2301,2875,1.46e-05,0.222,0.2545,0.1675,0.2272,0.2444,0.1665
25,71320,2321,2875,1.46e-05,0.2248,0.3198,0.1739,0.2068,0.3075,0.1674
25,71340,2341,2875,1.46e-05,0.2652,0.3286,0.1861,0.2586,0.302,0.1813
25,71360,2361,2875,1.46e-05,0.2392,0.3651,0.182,0.2356,0.3535,0.1788
25,71380,2381,2875,1.46e-05,0.39,0.3275,0.2187,0.329,0.3191,0.2117
25,71400,2401,2875,1.46e-05,0.3009,0.3259,0.1856,0.2938,0.2958,0.1732
25,71420,2421,2875,1.46e-05,0.2504,0.2828,0.1677,0.2411,0.2775,0.1627
25,71440,2441,2875,1.46e-05,0.2528,0.2792,0.1753,0.2434,0.2788,0.1688
25,71460,2461,2875,1.46e-05,0.3077,0.4357,0.2196,0.2945,0.4063,0.2087
25,71480,2481,2875,1.46e-05,0.2105,0.3118,0.1889,0.2104,0.3035,0.1868
25,71500,2501,2875,1.46e-05,0.2206,0.2435,0.1596,0.2054,0.2296,0.1549
25,71520,2521,2875,1.46e-05,0.3194,0.3538,0.1846,0.2908,0.3402,0.1794
25,71540,2541,2875,1.46e-05,0.2504,0.2102,0.1565,0.2611,0.1888,0.1468
25,71560,2561,2875,1.46e-05,0.2839,0.3049,0.1964,0.2726,0.3006,0.1944
25,71580,2581,2875,1.46e-05,0.2083,0.2879,0.1786,0.1831,0.2672,0.1768
25,71600,2601,2875,1.46e-05,0.2676,0.4491,0.1984,0.2647,0.4223,0.1801
25,71620,2621,2875,1.46e-05,0.2647,0.3052,0.1675,0.2299,0.2848,0.1643
25,71640,2641,2875,1.46e-05,0.3023,0.3062,0.1975,0.3006,0.2903,0.1906
25,71660,2661,2875,1.46e-05,0.2372,0.26,0.1737,0.2337,0.2567,0.1715
25,71680,2681,2875,1.46e-05,0.2501,0.3255,0.198,0.2298,0.3238,0.1926
25,71700,2701,2875,1.46e-05,0.1801,0.2846,0.1789,0.1696,0.2897,0.1754
25,71720,2721,2875,1.46e-05,0.2484,0.2615,0.1715,0.2342,0.2624,0.1667
25,71740,2741,2875,1.46e-05,0.3054,0.3525,0.198,0.2931,0.3374,0.1938
25,71760,2761,2875,1.46e-05,0.2234,0.31,0.1809,0.2145,0.3183,0.1775
25,71780,2781,2875,1.46e-05,0.3634,0.3746,0.2147,0.3222,0.3484,0.2018
25,71800,2801,2875,1.46e-05,0.2836,0.308,0.1868,0.2705,0.293,0.1917
25,71820,2821,2875,1.46e-05,0.3212,0.3158,0.1805,0.3104,0.2946,0.1714
25,71840,2841,2875,1.46e-05,0.2352,0.3288,0.1804,0.2063,0.3082,0.1784
25,71860,2861,2875,1.46e-05,0.3165,0.4375,0.212,0.2993,0.4106,0.2011
26,71880,6,2875,1.38e-05,0.1932,0.2805,0.1677,0.1745,0.2766,0.1664
26,71900,26,2875,1.38e-05,0.2682,0.3323,0.1942,0.2501,0.3274,0.1883
26,71920,46,2875,1.38e-05,0.2679,0.3519,0.1802,0.2427,0.328,0.1722
26,71940,66,2875,1.38e-05,0.2385,0.3584,0.1921,0.255,0.3605,0.1875
26,71960,86,2875,1.38e-05,0.2302,0.3131,0.1781,0.2275,0.3048,0.1697
26,71980,106,2875,1.38e-05,0.4119,0.3851,0.2192,0.3799,0.3767,0.2107
26,72000,126,2875,1.38e-05,0.2009,0.3417,0.1903,0.1862,0.3426,0.1889
26,72020,146,2875,1.38e-05,0.2334,0.3742,0.1795,0.2234,0.3539,0.176
26,72040,166,2875,1.38e-05,0.2639,0.3444,0.1955,0.2725,0.3362,0.1885
26,72060,186,2875,1.38e-05,0.2265,0.3298,0.1808,0.2107,0.297,0.1711
26,72080,206,2875,1.38e-05,0.2305,0.2913,0.1783,0.2059,0.2764,0.169
26,72100,226,2875,1.38e-05,0.2767,0.2645,0.1787,0.2523,0.2708,0.1743
26,72120,246,2875,1.38e-05,0.2578,0.3085,0.1855,0.248,0.3006,0.1802
26,72140,266,2875,1.38e-05,0.3035,0.3497,0.1934,0.277,0.3306,0.1905
26,72160,286,2875,1.38e-05,0.3445,0.3628,0.1852,0.3282,0.3337,0.1746
26,72180,306,2875,1.38e-05,0.22,0.3316,0.1763,0.2048,0.3233,0.17
26,72200,326,2875,1.38e-05,0.2631,0.3908,0.184,0.2629,0.389,0.1782
26,72220,346,2875,1.38e-05,0.2456,0.3181,0.1913,0.2267,0.309,0.1874
26,72240,366,2875,1.38e-05,0.349,0.2852,0.1681,0.3367,0.269,0.1543
26,72260,386,2875,1.38e-05,0.212,0.3055,0.1937,0.2,0.3034,0.1956
26,72280,406,2875,1.38e-05,0.2461,0.3611,0.1911,0.231,0.3539,0.1869
26,72300,426,2875,1.38e-05,0.2955,0.3788,0.2263,0.2865,0.3653,0.2171
26,72320,446,2875,1.38e-05,0.2367,0.3209,0.1795,0.2203,0.3192,0.1726
26,72340,466,2875,1.38e-05,0.2143,0.2456,0.1631,0.2036,0.2442,0.1595
26,72360,486,2875,1.38e-05,0.2591,0.3673,0.2054,0.258,0.3434,0.2013
26,72380,506,2875,1.38e-05,0.3143,0.3231,0.1737,0.2981,0.3009,0.164
26,72400,526,2875,1.38e-05,0.2811,0.3989,0.2028,0.2845,0.3769,0.1978
26,72420,546,2875,1.38e-05,0.2408,0.3908,0.208,0.2297,0.383,0.201
26,72440,566,2875,1.38e-05,0.2235,0.3235,0.1848,0.2308,0.3185,0.1814
26,72460,586,2875,1.38e-05,0.2602,0.3185,0.1925,0.2518,0.3136,0.1878
26,72480,606,2875,1.38e-05,0.185,0.2428,0.1581,0.1625,0.2293,0.1549
26,72500,626,2875,1.38e-05,0.3127,0.3397,0.1743,0.2895,0.333,0.1689
26,72520,646,2875,1.38e-05,0.296,0.2301,0.1616,0.2629,0.24,0.1595
26,72540,666,2875,1.38e-05,0.1844,0.2482,0.1732,0.1634,0.2393,0.1638
26,72560,686,2875,1.38e-05,0.2937,0.3481,0.184,0.2769,0.3383,0.1826
26,72580,706,2875,1.38e-05,0.263,0.2952,0.1924,0.253,0.3007,0.1918
26,72600,726,2875,1.38e-05,0.2703,0.3225,0.1803,0.2563,0.3159,0.1756
26,72620,746,2875,1.38e-05,0.269,0.4718,0.1935,0.2524,0.4407,0.1858
26,72640,766,2875,1.38e-05,0.2704,0.2804,0.1796,0.2386,0.2699,0.1659
26,72660,786,2875,1.38e-05,0.297,0.3416,0.2051,0.2727,0.3307,0.2044
26,72680,806,2875,1.38e-05,0.2742,0.2855,0.1811,0.2687,0.2784,0.1757
26,72700,826,2875,1.38e-05,0.2298,0.2377,0.1592,0.2015,0.2467,0.1538
26,72720,846,2875,1.38e-05,0.2935,0.2552,0.1922,0.2809,0.2468,0.1905
26,72740,866,2875,1.38e-05,0.2248,0.2576,0.1824,0.2013,0.2623,0.1781
26,72760,886,2875,1.38e-05,0.3658,0.3177,0.1858,0.3223,0.3041,0.1775
26,72780,906,2875,1.38e-05,0.2802,0.2777,0.1737,0.2625,0.2803,0.1741
26,72800,926,2875,1.38e-05,0.3232,0.3421,0.1979,0.302,0.3368,0.1924
26,72820,946,2875,1.38e-05,0.3664,0.281,0.1737,0.3254,0.2633,0.1619
26,72840,966,2875,1.38e-05,0.2787,0.3547,0.1874,0.2617,0.3427,0.1773
26,72860,986,2875,1.38e-05,0.3121,0.3065,0.1817,0.291,0.2959,0.1722
26,72880,1006,2875,1.38e-05,0.2649,0.3956,0.1819,0.2417,0.3888,0.176
26,72900,1026,2875,1.38e-05,0.2076,0.3535,0.1859,0.202,0.3416,0.1803
26,72920,1046,2875,1.38e-05,0.2483,0.3057,0.2032,0.2138,0.2874,0.195
26,72940,1066,2875,1.38e-05,0.284,0.2841,0.185,0.2559,0.2769,0.1704
26,72960,1086,2875,1.38e-05,0.2739,0.3967,0.219,0.2555,0.3653,0.208
26,72980,1106,2875,1.38e-05,0.2133,0.3214,0.1876,0.1983,0.3037,0.1815
26,73000,1126,2875,1.38e-05,0.2513,0.2759,0.165,0.2465,0.2489,0.1552
26,73020,1146,2875,1.38e-05,0.2524,0.2561,0.1689,0.2316,0.2396,0.1638
26,73040,1166,2875,1.38e-05,0.2158,0.2513,0.1666,0.1948,0.2403,0.1619
26,73060,1186,2875,1.38e-05,0.2379,0.2619,0.184,0.2161,0.2558,0.1805
26,73080,1206,2875,1.38e-05,0.2204,0.2803,0.1709,0.2127,0.2675,0.1664
26,73100,1226,2875,1.38e-05,0.3729,0.4162,0.2148,0.3651,0.3874,0.2068
26,73120,1246,2875,1.38e-05,0.2487,0.263,0.167,0.2337,0.2243,0.1489
26,73140,1266,2875,1.38e-05,0.2053,0.3566,0.1842,0.1864,0.3386,0.178
26,73160,1286,2875,1.38e-05,0.2338,0.3802,0.1818,0.2256,0.3713,0.1799
26,73180,1306,2875,1.38e-05,0.256,0.3534,0.1721,0.2411,0.3437,0.1684
26,73200,1326,2875,1.38e-05,0.2348,0.3245,0.177,0.2225,0.3046,0.1683
26,73220,1346,2875,1.38e-05,0.2056,0.3012,0.1765,0.1896,0.3074,0.1772
26,73240,1366,2875,1.38e-05,0.2542,0.3309,0.1834,0.2506,0.327,0.1795
26,73260,1386,2875,1.38e-05,0.2696,0.3564,0.1885,0.2715,0.3552,0.1916
26,73280,1406,2875,1.38e-05,0.1787,0.3014,0.1803,0.1653,0.3018,0.1724
26,73300,1426,2875,1.38e-05,0.242,0.3793,0.2112,0.2286,0.3664,0.2069
26,73320,1446,2875,1.38e-05,0.2771,0.3684,0.1844,0.2643,0.365,0.1812
26,73340,1466,2875,1.38e-05,0.3447,0.3552,0.1817,0.3179,0.3323,0.1756
26,73360,1486,2875,1.38e-05,0.2858,0.2821,0.1793,0.2837,0.2712,0.1738
26,73380,1506,2875,1.38e-05,0.1901,0.2101,0.1568,0.1707,0.2062,0.1516
26,73400,1526,2875,1.38e-05,0.3367,0.3287,0.2188,0.3196,0.3233,0.2146
26,73420,1546,2875,1.38e-05,0.2989,0.3946,0.1919,0.2876,0.3871,0.1848
26,73440,1566,2875,1.38e-05,0.2478,0.2775,0.1676,0.2245,0.2653,0.1599
26,73460,1586,2875,1.38e-05,0.1961,0.3629,0.1762,0.1889,0.3503,0.1722
26,73480,1606,2875,1.38e-05,0.2467,0.36,0.1852,0.2268,0.3383,0.1746
26,73500,1626,2875,1.38e-05,0.2391,0.2757,0.1752,0.2182,0.2771,0.1688
26,73520,1646,2875,1.38e-05,0.4007,0.2633,0.1771,0.3595,0.2489,0.1708
26,73540,1666,2875,1.38e-05,0.2792,0.3226,0.1731,0.2602,0.308,0.1667
26,73560,1686,2875,1.38e-05,0.215,0.3061,0.1737,0.195,0.2951,0.1697
26,73580,1706,2875,1.38e-05,0.2194,0.3477,0.1899,0.2083,0.3389,0.1939
26,73600,1726,2875,1.38e-05,0.3374,0.2977,0.1797,0.2951,0.2862,0.1761
26,73620,1746,2875,1.38e-05,0.2359,0.3245,0.1738,0.2131,0.2862,0.1621
26,73640,1766,2875,1.38e-05,0.3015,0.3888,0.2044,0.2945,0.3794,0.1972
26,73660,1786,2875,1.38e-05,0.1655,0.1968,0.1627,0.1196,0.1792,0.1533
26,73680,1806,2875,1.38e-05,0.2799,0.3219,0.1728,0.2529,0.3164,0.1693
26,73700,1826,2875,1.38e-05,0.1962,0.3178,0.1921,0.1768,0.3024,0.1881
26,73720,1846,2875,1.38e-05,0.2282,0.3561,0.1847,0.2247,0.3362,0.1801
26,73740,1866,2875,1.38e-05,0.2006,0.2917,0.1795,0.1657,0.2665,0.1719
26,73760,1886,2875,1.38e-05,0.2161,0.3083,0.1899,0.1991,0.3118,0.1911
26,73780,1906,2875,1.38e-05,0.2878,0.3193,0.1762,0.2669,0.3159,0.1729
26,73800,1926,2875,1.38e-05,0.2754,0.2982,0.1876,0.2684,0.2708,0.1744
26,73820,1946,2875,1.38e-05,0.2589,0.3139,0.171,0.245,0.2894,0.1618
26,73840,1966,2875,1.38e-05,0.1977,0.3305,0.1891,0.1779,0.3341,0.1881
26,73860,1986,2875,1.38e-05,0.2322,0.3195,0.1895,0.2225,0.3105,0.1852
26,73880,2006,2875,1.38e-05,0.2725,0.3443,0.1894,0.2667,0.3217,0.1821
26,73900,2026,2875,1.38e-05,0.2462,0.2788,0.1726,0.2239,0.2787,0.1684
26,73920,2046,2875,1.38e-05,0.2796,0.3612,0.1963,0.2673,0.347,0.1834
26,73940,2066,2875,1.38e-05,0.1776,0.273,0.1585,0.1712,0.2755,0.1563
26,73960,2086,2875,1.38e-05,0.2522,0.3131,0.1872,0.2298,0.3068,0.181
26,73980,2106,2875,1.38e-05,0.3409,0.2756,0.1595,0.3012,0.264,0.1545
26,74000,2126,2875,1.38e-05,0.2596,0.3952,0.2204,0.2539,0.3974,0.2164
26,74020,2146,2875,1.38e-05,0.2428,0.3421,0.2098,0.2202,0.3318,0.2027
26,74040,2166,2875,1.38e-05,0.288,0.3314,0.2013,0.2691,0.3203,0.1952
26,74060,2186,2875,1.38e-05,0.2693,0.3534,0.1834,0.2528,0.3475,0.1824
26,74080,2206,2875,1.38e-05,0.221,0.2537,0.1604,0.199,0.2396,0.1513
26,74100,2226,2875,1.38e-05,0.2718,0.4334,0.1912,0.2578,0.4162,0.1808
26,74120,2246,2875,1.38e-05,0.2586,0.3653,0.1764,0.2421,0.3524,0.1728
26,74140,2266,2875,1.38e-05,0.1561,0.2777,0.1643,0.1447,0.2643,0.1593
26,74160,2286,2875,1.38e-05,0.2387,0.3182,0.194,0.2244,0.3278,0.1953
26,74180,2306,2875,1.38e-05,0.3389,0.2827,0.1674,0.3093,0.2629,0.155
26,74200,2326,2875,1.38e-05,0.2966,0.376,0.1911,0.2788,0.3759,0.1872
26,74220,2346,2875,1.38e-05,0.2724,0.307,0.1895,0.2544,0.2814,0.1855
26,74240,2366,2875,1.38e-05,0.1837,0.3288,0.1819,0.1593,0.3081,0.1751
26,74260,2386,2875,1.38e-05,0.3341,0.3905,0.2204,0.3001,0.3634,0.2162
26,74280,2406,2875,1.38e-05,0.2469,0.3228,0.182,0.2206,0.3032,0.1746
26,74300,2426,2875,1.38e-05,0.3802,0.3293,0.1921,0.3777,0.3174,0.1903
26,74320,2446,2875,1.38e-05,0.2595,0.2714,0.1751,0.2305,0.2585,0.1674
26,74340,2466,2875,1.38e-05,0.2226,0.322,0.177,0.2132,0.3112,0.1689
26,74360,2486,2875,1.38e-05,0.2538,0.3002,0.1764,0.2252,0.2965,0.1694
26,74380,2506,2875,1.38e-05,0.3024,0.3351,0.2052,0.2892,0.3305,0.2025
26,74400,2526,2875,1.38e-05,0.2887,0.3557,0.2001,0.2736,0.3259,0.1911
26,74420,2546,2875,1.38e-05,0.2269,0.2607,0.1705,0.217,0.2477,0.1643
26,74440,2566,2875,1.38e-05,0.3514,0.393,0.21,0.3273,0.3586,0.1987
26,74460,2586,2875,1.38e-05,0.2833,0.304,0.1798,0.2773,0.2929,0.175
26,74480,2606,2875,1.38e-05,0.2401,0.331,0.1875,0.2243,0.3283,0.1844
26,74500,2626,2875,1.38e-05,0.2022,0.3423,0.1769,0.1776,0.3267,0.1727
26,74520,2646,2875,1.38e-05,0.3175,0.3278,0.1582,0.303,0.2657,0.1432
26,74540,2666,2875,1.38e-05,0.2746,0.3075,0.1724,0.2641,0.2785,0.1603
26,74560,2686,2875,1.38e-05,0.2066,0.2991,0.177,0.2025,0.2897,0.1712
26,74580,2706,2875,1.38e-05,0.3034,0.3379,0.1854,0.2674,0.3242,0.1789
26,74600,2726,2875,1.38e-05,0.3341,0.2966,0.1835,0.2969,0.2733,0.1749
26,74620,2746,2875,1.38e-05,0.2717,0.3811,0.1982,0.2493,0.3622,0.1894
26,74640,2766,2875,1.38e-05,0.3203,0.3094,0.1747,0.2925,0.2834,0.1697
26,74660,2786,2875,1.38e-05,0.3745,0.3019,0.1765,0.3513,0.2873,0.1716
26,74680,2806,2875,1.38e-05,0.273,0.3031,0.2032,0.2612,0.2937,0.1965
26,74700,2826,2875,1.38e-05,0.2385,0.3555,0.1947,0.2377,0.3612,0.1963
26,74720,2846,2875,1.38e-05,0.3151,0.3522,0.1955,0.3043,0.3639,0.196
26,74740,2866,2875,1.38e-05,0.223,0.2072,0.1787,0.2048,0.2017,0.1689
27,74760,11,2875,1.3e-05,0.2135,0.3324,0.1807,0.1997,0.313,0.1764
27,74780,31,2875,1.3e-05,0.2119,0.3043,0.1677,0.2086,0.3116,0.1688
27,74800,51,2875,1.3e-05,0.3123,0.2666,0.1735,0.3065,0.2515,0.1657
27,74820,71,2875,1.3e-05,0.2399,0.2896,0.1717,0.2326,0.2959,0.171
27,74840,91,2875,1.3e-05,0.3744,0.3219,0.1843,0.3341,0.3136,0.1817
27,74860,111,2875,1.3e-05,0.2344,0.3462,0.1691,0.2307,0.3549,0.1687
27,74880,131,2875,1.3e-05,0.2496,0.2816,0.1732,0.2286,0.2675,0.1654
27,74900,151,2875,1.3e-05,0.2601,0.295,0.1727,0.2386,0.2878,0.1682
27,74920,171,2875,1.3e-05,0.2118,0.2346,0.1689,0.1713,0.2234,0.1614
27,74940,191,2875,1.3e-05,0.1913,0.3076,0.1726,0.1812,0.295,0.167
27,74960,211,2875,1.3e-05,0.2264,0.3524,0.192,0.2133,0.3335,0.1834
27,74980,231,2875,1.3e-05,0.2301,0.2996,0.1862,0.2177,0.2919,0.1821
27,75000,251,2875,1.3e-05,0.316,0.318,0.193,0.287,0.3097,0.1879
27,75020,271,2875,1.3e-05,0.2575,0.3147,0.1874,0.2345,0.2979,0.1777
27,75040,291,2875,1.3e-05,0.2751,0.3072,0.1697,0.2405,0.2877,0.1592
27,75060,311,2875,1.3e-05,0.2677,0.289,0.1749,0.2408,0.2705,0.1631
27,75080,331,2875,1.3e-05,0.2803,0.2383,0.2046,0.2541,0.2287,0.2041
27,75100,351,2875,1.3e-05,0.2566,0.3692,0.1856,0.2437,0.3427,0.1772
27,75120,371,2875,1.3e-05,0.2224,0.2957,0.1783,0.2129,0.2961,0.1782
27,75140,391,2875,1.3e-05,0.33,0.3683,0.2012,0.3189,0.3505,0.19
27,75160,411,2875,1.3e-05,0.2096,0.2947,0.1933,0.1839,0.2878,0.1901
27,75180,431,2875,1.3e-05,0.2671,0.3033,0.172,0.2553,0.292,0.1666
27,75200,451,2875,1.3e-05,0.2302,0.2864,0.1826,0.2096,0.2847,0.1778
27,75220,471,2875,1.3e-05,0.2536,0.3032,0.1756,0.2389,0.2929,0.1714
27,75240,491,2875,1.3e-05,0.2226,0.3038,0.177,0.2204,0.2912,0.1727
27,75260,511,2875,1.3e-05,0.3017,0.2893,0.1766,0.3036,0.2833,0.1695
27,75280,531,2875,1.3e-05,0.2469,0.2973,0.1856,0.2154,0.2879,0.1929
27,75300,551,2875,1.3e-05,0.2892,0.2426,0.1559,0.2389,0.2182,0.1436
27,75320,571,2875,1.3e-05,0.2692,0.2714,0.1793,0.2453,0.2802,0.1757
27,75340,591,2875,1.3e-05,0.1815,0.2536,0.1656,0.1553,0.2472,0.165
27,75360,611,2875,1.3e-05,0.2298,0.2617,0.1607,0.2073,0.2462,0.1525
27,75380,631,2875,1.3e-05,0.2202,0.3453,0.2016,0.2092,0.3359,0.206
27,75400,651,2875,1.3e-05,0.2374,0.3165,0.1775,0.2285,0.3045,0.1688
27,75420,671,2875,1.3e-05,0.3182,0.3402,0.1865,0.2935,0.3359,0.1799
27,75440,691,2875,1.3e-05,0.2928,0.4239,0.2112,0.2903,0.3726,0.1986
27,75460,711,2875,1.3e-05,0.2757,0.3208,0.1955,0.2717,0.2902,0.189
27,75480,731,2875,1.3e-05,0.2344,0.2801,0.1902,0.2183,0.2657,0.185
27,75500,751,2875,1.3e-05,0.2509,0.256,0.1741,0.227,0.2364,0.1663
27,75520,771,2875,1.3e-05,0.2517,0.3011,0.1837,0.2311,0.2762,0.1755
27,75540,791,2875,1.3e-05,0.2614,0.2937,0.1751,0.2667,0.2647,0.1657
27,75560,811,2875,1.3e-05,0.2102,0.4059,0.1961,0.187,0.3913,0.1918
27,75580,831,2875,1.3e-05,0.2619,0.3116,0.1925,0.2562,0.2995,0.1882
27,75600,851,2875,1.3e-05,0.2655,0.3401,0.1859,0.2477,0.3427,0.1807
27,75620,871,2875,1.3e-05,0.1869,0.256,0.1643,0.1577,0.2519,0.1602
27,75640,891,2875,1.3e-05,0.2873,0.2934,0.1551,0.2552,0.2865,0.153
27,75660,911,2875,1.3e-05,0.2614,0.3366,0.1868,0.2376,0.3151,0.177
27,75680,931,2875,1.3e-05,0.2241,0.3798,0.1892,0.2041,0.3869,0.1889
27,75700,951,2875,1.3e-05,0.2696,0.336,0.1963,0.2497,0.3305,0.1926
27,75720,971,2875,1.3e-05,0.2537,0.2625,0.178,0.231,0.2481,0.1719
27,75740,991,2875,1.3e-05,0.3024,0.3559,0.1986,0.2807,0.3392,0.1912
27,75760,1011,2875,1.3e-05,0.3887,0.4287,0.1934,0.3727,0.4091,0.1854
27,75780,1031,2875,1.3e-05,0.2452,0.2419,0.1627,0.222,0.234,0.158
27,75800,1051,2875,1.3e-05,0.2481,0.357,0.1892,0.2357,0.3316,0.178
27,75820,1071,2875,1.3e-05,0.2279,0.2953,0.1828,0.2022,0.2897,0.1789
27,75840,1091,2875,1.3e-05,0.2504,0.3472,0.1877,0.2383,0.3417,0.1845
27,75860,1111,2875,1.3e-05,0.2839,0.3544,0.2107,0.2566,0.3453,0.2064
27,75880,1131,2875,1.3e-05,0.3369,0.3451,0.1949,0.32,0.3307,0.1878
27,75900,1151,2875,1.3e-05,0.2054,0.3051,0.1861,0.1848,0.3036,0.1815
27,75920,1171,2875,1.3e-05,0.2042,0.3444,0.1838,0.2002,0.3322,0.1768
27,75940,1191,2875,1.3e-05,0.3691,0.3139,0.1846,0.3565,0.2956,0.1759
27,75960,1211,2875,1.3e-05,0.2755,0.3437,0.199,0.2564,0.3282,0.1951
27,75980,1231,2875,1.3e-05,0.3247,0.3166,0.1801,0.2958,0.2995,0.1767
27,76000,1251,2875,1.3e-05,0.2014,0.2812,0.1593,0.1893,0.2662,0.1546
27,76020,1271,2875,1.3e-05,0.3069,0.3226,0.2156,0.3059,0.2875,0.2074
27,76040,1291,2875,1.3e-05,0.3049,0.3124,0.1765,0.2835,0.2943,0.17
27,76060,1311,2875,1.3e-05,0.3657,0.3069,0.1849,0.2267,0.2655,0.1712
27,76080,1331,2875,1.3e-05,0.2279,0.3198,0.1876,0.2222,0.3083,0.1827
27,76100,1351,2875,1.3e-05,0.2217,0.2914,0.1737,0.1943,0.2876,0.1687
27,76120,1371,2875,1.3e-05,0.2337,0.3736,0.1848,0.2197,0.3646,0.1823
27,76140,1391,2875,1.3e-05,0.3345,0.3735,0.2123,0.3182,0.3602,0.209
27,76160,1411,2875,1.3e-05,0.4337,0.3681,0.2187,0.4103,0.3211,0.1957
27,76180,1431,2875,1.3e-05,0.2009,0.2316,0.1642,0.1668,0.2245,0.1589
27,76200,1451,2875,1.3e-05,0.2835,0.2756,0.1876,0.2515,0.2613,0.1837
27,76220,1471,2875,1.3e-05,0.279,0.3786,0.1876,0.2544,0.3523,0.1744
27,76240,1491,2875,1.3e-05,0.2702,0.3087,0.1771,0.2447,0.2867,0.1689
27,76260,1511,2875,1.3e-05,0.3199,0.3577,0.2168,0.3051,0.3386,0.2068
27,76280,1531,2875,1.3e-05,0.2971,0.4071,0.1843,0.3048,0.3847,0.179
27,76300,1551,2875,1.3e-05,0.2787,0.3445,0.204,0.2487,0.3524,0.21
27,76320,1571,2875,1.3e-05,0.2879,0.3606,0.197,0.2809,0.3436,0.1923
27,76340,1591,2875,1.3e-05,0.2239,0.3745,0.1912,0.2171,0.3469,0.1808
27,76360,1611,2875,1.3e-05,0.2917,0.2672,0.1705,0.2641,0.2531,0.1652
27,76380,1631,2875,1.3e-05,0.2044,0.2576,0.1605,0.1829,0.2487,0.1563
27,76400,1651,2875,1.3e-05,0.2425,0.3725,0.1776,0.2248,0.3557,0.1743
27,76420,1671,2875,1.3e-05,0.3314,0.2966,0.1795,0.3127,0.2811,0.1688
27,76440,1691,2875,1.3e-05,0.2535,0.2595,0.1805,0.2296,0.2426,0.1675
27,76460,1711,2875,1.3e-05,0.3589,0.332,0.2073,0.3354,0.3224,0.2026
27,76480,1731,2875,1.3e-05,0.2374,0.3227,0.1694,0.2203,0.3004,0.1638
27,76500,1751,2875,1.3e-05,0.183,0.2646,0.1569,0.1493,0.2464,0.1498
27,76520,1771,2875,1.3e-05,0.3076,0.379,0.1979,0.2994,0.3445,0.1843
27,76540,1791,2875,1.3e-05,0.3009,0.2907,0.1914,0.2578,0.2898,0.1929
27,76560,1811,2875,1.3e-05,0.2381,0.4195,0.1957,0.2258,0.4183,0.193
27,76580,1831,2875,1.3e-05,0.2006,0.333,0.18,0.1951,0.3159,0.1749
27,76600,1851,2875,1.3e-05,0.2764,0.3503,0.201,0.265,0.321,0.1967
27,76620,1871,2875,1.3e-05,0.4726,0.4042,0.1861,0.4814,0.3765,0.1702
27,76640,1891,2875,1.3e-05,0.2342,0.345,0.1907,0.2251,0.3279,0.1854
27,76660,1911,2875,1.3e-05,0.3202,0.2224,0.1667,0.268,0.2056,0.1555
27,76680,1931,2875,1.3e-05,0.3095,0.3828,0.1812,0.3028,0.3731,0.1744
27,76700,1951,2875,1.3e-05,0.2355,0.3488,0.1967,0.2301,0.3236,0.1889
27,76720,1971,2875,1.3e-05,0.2392,0.2709,0.1961,0.2266,0.2532,0.1936
27,76740,1991,2875,1.3e-05,0.3725,0.3484,0.1996,0.3597,0.3464,0.1954
27,76760,2011,2875,1.3e-05,0.2136,0.3189,0.1753,0.2012,0.3119,0.1701
27,76780,2031,2875,1.3e-05,0.269,0.2121,0.1469,0.2437,0.2058,0.1412
27,76800,2051,2875,1.3e-05,0.1991,0.3399,0.1788,0.1803,0.3109,0.1711
27,76820,2071,2875,1.3e-05,0.404,0.4192,0.2031,0.4018,0.3981,0.1898
27,76840,2091,2875,1.3e-05,0.2039,0.2996,0.1987,0.2034,0.2861,0.1923
27,76860,2111,2875,1.3e-05,0.3113,0.2821,0.183,0.3199,0.2675,0.1786
27,76880,2131,2875,1.3e-05,0.1393,0.2746,0.1709,0.1146,0.2641,0.167
27,76900,2151,2875,1.3e-05,0.2997,0.3093,0.1672,0.2702,0.2818,0.1568
27,76920,2171,2875,1.3e-05,0.2588,0.4592,0.2151,0.2434,0.4434,0.2111
27,76940,2191,2875,1.3e-05,0.3239,0.3361,0.203,0.3039,0.3191,0.1974
27,76960,2211,2875,1.3e-05,0.2505,0.3558,0.189,0.2491,0.337,0.183
27,76980,2231,2875,1.3e-05,0.3029,0.3988,0.2055,0.3011,0.3777,0.2009
27,77000,2251,2875,1.3e-05,0.3542,0.3435,0.1931,0.3291,0.3207,0.1853
27,77020,2271,2875,1.3e-05,0.177,0.3713,0.1744,0.1822,0.3687,0.1742
27,77040,2291,2875,1.3e-05,0.2769,0.3444,0.1843,0.2676,0.3325,0.184
27,77060,2311,2875,1.3e-05,0.2118,0.2389,0.1721,0.1875,0.2345,0.1649
27,77080,2331,2875,1.3e-05,0.2196,0.3287,0.1891,0.1977,0.3145,0.1815
27,77100,2351,2875,1.3e-05,0.2015,0.2687,0.1627,0.1843,0.264,0.1576
27,77120,2371,2875,1.3e-05,0.3275,0.4244,0.2139,0.3081,0.4044,0.2075
27,77140,2391,2875,1.3e-05,0.2548,0.3484,0.1912,0.2456,0.3406,0.1805
27,77160,2411,2875,1.3e-05,0.3429,0.2929,0.1851,0.3285,0.2821,0.1782
27,77180,2431,2875,1.3e-05,0.2746,0.3512,0.1876,0.2378,0.3291,0.1866
27,77200,2451,2875,1.3e-05,0.2815,0.4279,0.2124,0.2681,0.3997,0.2066
27,77220,2471,2875,1.3e-05,0.1878,0.209,0.1488,0.1691,0.2064,0.1453
27,77240,2491,2875,1.3e-05,0.2297,0.3552,0.1904,0.2106,0.3427,0.1868
27,77260,2511,2875,1.3e-05,0.2174,0.2984,0.1624,0.2141,0.2909,0.1581
27,77280,2531,2875,1.3e-05,0.2304,0.3764,0.1786,0.2245,0.3673,0.1758
27,77300,2551,2875,1.3e-05,0.2657,0.4041,0.1983,0.2569,0.3779,0.1881
27,77320,2571,2875,1.3e-05,0.2709,0.2812,0.1721,0.2404,0.2675,0.1662
27,77340,2591,2875,1.3e-05,0.2967,0.3558,0.191,0.2868,0.3484,0.1857
27,77360,2611,2875,1.3e-05,0.2675,0.3211,0.1782,0.2569,0.3055,0.1739
27,77380,2631,2875,1.3e-05,0.2742,0.3504,0.2071,0.2642,0.3248,0.203
27,77400,2651,2875,1.3e-05,0.2356,0.278,0.1892,0.2126,0.2587,0.1833
27,77420,2671,2875,1.3e-05,0.2346,0.2995,0.1665,0.2242,0.2982,0.1653
27,77440,2691,2875,1.3e-05,0.309,0.3326,0.1707,0.2737,0.3135,0.1651
27,77460,2711,2875,1.3e-05,0.2157,0.3652,0.1761,0.1986,0.3546,0.1703
27,77480,2731,2875,1.3e-05,0.1843,0.2809,0.1489,0.1828,0.2854,0.1479
27,77500,2751,2875,1.3e-05,0.3051,0.2827,0.1715,0.27,0.2584,0.1631
27,77520,2771,2875,1.3e-05,0.2932,0.3402,0.181,0.2795,0.3397,0.1795
27,77540,2791,2875,1.3e-05,0.1955,0.2795,0.1682,0.1866,0.2814,0.1652
27,77560,2811,2875,1.3e-05,0.2907,0.3426,0.1992,0.2667,0.3195,0.1923
27,77580,2831,2875,1.3e-05,0.1681,0.3407,0.1761,0.1525,0.3212,0.1707
27,77600,2851,2875,1.3e-05,0.2275,0.4086,0.1875,0.2362,0.4114,0.1871
27,77620,2871,2875,1.3e-05,0.2728,0.357,0.198,0.2466,0.3527,0.1938
28,77640,16,2875,1.22e-05,0.2223,0.3521,0.1844,0.2043,0.3372,0.1798
28,77660,36,2875,1.22e-05,0.2594,0.3314,0.1801,0.2572,0.3123,0.1752
28,77680,56,2875,1.22e-05,0.3266,0.311,0.2088,0.3233,0.308,0.206
28,77700,76,2875,1.22e-05,0.2639,0.3708,0.2021,0.2481,0.3634,0.2001
28,77720,96,2875,1.22e-05,0.1975,0.2851,0.2029,0.1796,0.2867,0.1985
28,77740,116,2875,1.22e-05,0.2656,0.3211,0.1787,0.2455,0.2956,0.1691
28,77760,136,2875,1.22e-05,0.3375,0.2545,0.1785,0.3042,0.246,0.1719
28,77780,156,2875,1.22e-05,0.2283,0.3255,0.1934,0.2017,0.2999,0.1849
28,77800,176,2875,1.22e-05,0.2718,0.3001,0.1647,0.2723,0.2975,0.1611
28,77820,196,2875,1.22e-05,0.2382,0.3193,0.1902,0.2272,0.3112,0.1863
28,77840,216,2875,1.22e-05,0.2688,0.3852,0.1882,0.2602,0.3673,0.1793
28,77860,236,2875,1.22e-05,0.2229,0.3581,0.1865,0.212,0.37,0.1868
28,77880,256,2875,1.22e-05,0.3229,0.3865,0.1989,0.3054,0.3656,0.1917
28,77900,276,2875,1.22e-05,0.3285,0.293,0.17,0.3111,0.2615,0.1605
28,77920,296,2875,1.22e-05,0.2711,0.3436,0.1845,0.2523,0.3322,0.1788
28,77940,316,2875,1.22e-05,0.3211,0.3151,0.1806,0.3186,0.313,0.1737
28,77960,336,2875,1.22e-05,0.3985,0.3381,0.1828,0.3631,0.3187,0.1756
28,77980,356,2875,1.22e-05,0.2805,0.3098,0.2075,0.2636,0.2979,0.2013
28,78000,376,2875,1.22e-05,0.2233,0.3199,0.1871,0.1985,0.2997,0.1791
28,78020,396,2875,1.22e-05,0.2011,0.3623,0.1743,0.1795,0.3604,0.1728
28,78040,416,2875,1.22e-05,0.3246,0.3557,0.2162,0.3063,0.3587,0.2107
28,78060,436,2875,1.22e-05,0.2801,0.3328,0.1779,0.25,0.3264,0.1711
28,78080,456,2875,1.22e-05,0.3484,0.4128,0.2263,0.3188,0.3676,0.2129
28,78100,476,2875,1.22e-05,0.2945,0.3551,0.1834,0.2783,0.3592,0.1818
28,78120,496,2875,1.22e-05,0.3391,0.3744,0.2229,0.3061,0.3676,0.2156
28,78140,516,2875,1.22e-05,0.3221,0.3544,0.2513,0.2842,0.3244,0.2546
28,78160,536,2875,1.22e-05,0.2751,0.3624,0.2062,0.2578,0.3514,0.1975
28,78180,556,2875,1.22e-05,0.2768,0.3267,0.1791,0.2599,0.3141,0.1753
28,78200,576,2875,1.22e-05,0.3125,0.3507,0.1843,0.2888,0.3302,0.1767
28,78220,596,2875,1.22e-05,0.3047,0.359,0.1993,0.2896,0.3443,0.1918
28,78240,616,2875,1.22e-05,0.3167,0.4366,0.2083,0.2987,0.3952,0.1973
28,78260,636,2875,1.22e-05,0.3032,0.3828,0.218,0.2869,0.3659,0.2117
28,78280,656,2875,1.22e-05,0.2306,0.3583,0.1783,0.2176,0.3468,0.1738
28,78300,676,2875,1.22e-05,0.2322,0.2147,0.1584,0.1862,0.2075,0.151
28,78320,696,2875,1.22e-05,0.2923,0.3027,0.1875,0.2695,0.3055,0.185
28,78340,716,2875,1.22e-05,0.1947,0.3197,0.1772,0.1762,0.2952,0.1683
28,78360,736,2875,1.22e-05,0.2864,0.2681,0.1571,0.2807,0.2524,0.1516
28,78380,756,2875,1.22e-05,0.2204,0.3788,0.1805,0.1862,0.3615,0.1727
28,78400,776,2875,1.22e-05,0.334,0.2854,0.1769,0.3075,0.2742,0.1713
28,78420,796,2875,1.22e-05,0.2087,0.3055,0.1873,0.1924,0.29,0.1824
28,78440,816,2875,1.22e-05,0.2454,0.2982,0.1582,0.2264,0.2794,0.1545
28,78460,836,2875,1.22e-05,0.2794,0.3466,0.2095,0.2614,0.3368,0.2025
28,78480,856,2875,1.22e-05,0.2015,0.2945,0.1697,0.1881,0.2921,0.171
28,78500,876,2875,1.22e-05,0.2639,0.339,0.2048,0.2372,0.3264,0.1978
28,78520,896,2875,1.22e-05,0.2795,0.1645,0.1385,0.2585,0.1655,0.1343
28,78540,916,2875,1.22e-05,0.3444,0.2869,0.1813,0.3276,0.2743,0.1733
28,78560,936,2875,1.22e-05,0.2434,0.3667,0.195,0.2085,0.3042,0.1699
28,78580,956,2875,1.22e-05,0.1873,0.2548,0.1487,0.1542,0.2518,0.1478
28,78600,976,2875,1.22e-05,0.2664,0.3812,0.1691,0.253,0.3509,0.1614
28,78620,996,2875,1.22e-05,0.2579,0.2897,0.1564,0.2421,0.2769,0.1491
28,78640,1016,2875,1.22e-05,0.2428,0.3388,0.1703,0.2258,0.3335,0.1736
28,78660,1036,2875,1.22e-05,0.2136,0.3085,0.1825,0.1956,0.307,0.1806
28,78680,1056,2875,1.22e-05,0.2017,0.2621,0.1574,0.1828,0.2723,0.1527
28,78700,1076,2875,1.22e-05,0.2493,0.3258,0.1666,0.2587,0.3095,0.1616
28,78720,1096,2875,1.22e-05,0.2891,0.2996,0.1842,0.2688,0.2875,0.1758
28,78740,1116,2875,1.22e-05,0.1997,0.3013,0.1789,0.1715,0.2914,0.1746
28,78760,1136,2875,1.22e-05,0.2221,0.3144,0.1785,0.2053,0.295,0.1716
28,78780,1156,2875,1.22e-05,0.2057,0.3558,0.1718,0.21,0.3525,0.1659
28,78800,1176,2875,1.22e-05,0.3263,0.322,0.1777,0.3053,0.3165,0.1748
28,78820,1196,2875,1.22e-05,0.2533,0.415,0.2149,0.2426,0.4117,0.2112
28,78840,1216,2875,1.22e-05,0.2529,0.3482,0.1837,0.2396,0.3262,0.1777
28,78860,1236,2875,1.22e-05,0.2289,0.3517,0.1783,0.2066,0.3263,0.1704
28,78880,1256,2875,1.22e-05,0.2612,0.358,0.1716,0.2527,0.3524,0.168
28,78900,1276,2875,1.22e-05,0.2801,0.3322,0.2009,0.2666,0.3286,0.195
28,78920,1296,2875,1.22e-05,0.2275,0.3499,0.1997,0.2039,0.3483,0.2013
28,78940,1316,2875,1.22e-05,0.2194,0.3153,0.1663,0.1945,0.3172,0.1644
28,78960,1336,2875,1.22e-05,0.2311,0.341,0.1937,0.2098,0.3378,0.2083
28,78980,1356,2875,1.22e-05,0.262,0.2581,0.1738,0.2272,0.2494,0.1668
28,79000,1376,2875,1.22e-05,0.1796,0.2487,0.167,0.1504,0.2302,0.1647
28,79020,1396,2875,1.22e-05,0.2889,0.3541,0.2121,0.2741,0.3482,0.1991
28,79040,1416,2875,1.22e-05,0.3416,0.3462,0.1984,0.3231,0.3295,0.1905
28,79060,1436,2875,1.22e-05,0.3254,0.3196,0.2044,0.3024,0.3072,0.1997
28,79080,1456,2875,1.22e-05,0.3621,0.3166,0.1768,0.3495,0.3023,0.173
28,79100,1476,2875,1.22e-05,0.2634,0.3447,0.165,0.2415,0.3399,0.1614
28,79120,1496,2875,1.22e-05,0.2431,0.3427,0.1941,0.2296,0.3477,0.1906
28,79140,1516,2875,1.22e-05,0.2218,0.2909,0.1797,0.2026,0.2974,0.1749
28,79160,1536,2875,1.22e-05,0.3081,0.3269,0.17,0.2741,0.2919,0.1579
28,79180,1556,2875,1.22e-05,0.4022,0.3953,0.2095,0.4065,0.3661,0.2016
28,79200,1576,2875,1.22e-05,0.2938,0.2922,0.1853,0.2571,0.2819,0.1761
28,79220,1596,2875,1.22e-05,0.236,0.3981,0.2128,0.2126,0.3782,0.205
28,79240,1616,2875,1.22e-05,0.2617,0.306,0.1842,0.2504,0.2949,0.1818
28,79260,1636,2875,1.22e-05,0.2348,0.3443,0.1788,0.2218,0.3295,0.1725
28,79280,1656,2875,1.22e-05,0.2782,0.3302,0.1861,0.2576,0.3164,0.1774
28,79300,1676,2875,1.22e-05,0.2112,0.2902,0.1634,0.1705,0.2747,0.1626
28,79320,1696,2875,1.22e-05,0.2792,0.3321,0.1954,0.2468,0.3077,0.1782
28,79340,1716,2875,1.22e-05,0.2606,0.2947,0.1799,0.2351,0.285,0.1749
28,79360,1736,2875,1.22e-05,0.2267,0.3028,0.1808,0.2175,0.3154,0.1816
28,79380,1756,2875,1.22e-05,0.2641,0.304,0.1665,0.241,0.2907,0.1622
28,79400,1776,2875,1.22e-05,0.2843,0.3494,0.1986,0.2563,0.3216,0.1893
28,79420,1796,2875,1.22e-05,0.2925,0.3458,0.1824,0.2644,0.3384,0.1774
28,79440,1816,2875,1.22e-05,0.3047,0.384,0.1845,0.2674,0.3887,0.1839
28,79460,1836,2875,1.22e-05,0.3051,0.2562,0.1754,0.2841,0.2491,0.1698
28,79480,1856,2875,1.22e-05,0.1918,0.3146,0.1742,0.172,0.309,0.1721
28,79500,1876,2875,1.22e-05,0.2586,0.3282,0.1776,0.2505,0.3222,0.1724
28,79520,1896,2875,1.22e-05,0.2827,0.385,0.2109,0.2609,0.3611,0.2034
28,79540,1916,2875,1.22e-05,0.1915,0.3382,0.1736,0.1724,0.3125,0.1626
28,79560,1936,2875,1.22e-05,0.2808,0.2288,0.1767,0.2795,0.2129,0.1708
28,79580,1956,2875,1.22e-05,0.185,0.3721,0.1783,0.1731,0.3872,0.1767
28,79600,1976,2875,1.22e-05,0.2944,0.334,0.1807,0.2506,0.321,0.1706
28,79620,1996,2875,1.22e-05,0.2153,0.288,0.1808,0.1986,0.2826,0.1765
28,79640,2016,2875,1.22e-05,0.2431,0.3572,0.1719,0.219,0.3191,0.1577
28,79660,2036,2875,1.22e-05,0.2455,0.2619,0.1813,0.2528,0.25,0.1946
28,79680,2056,2875,1.22e-05,0.3135,0.345,0.1656,0.3114,0.3279,0.1594
28,79700,2076,2875,1.22e-05,0.2375,0.3312,0.188,0.2263,0.3137,0.1813
28,79720,2096,2875,1.22e-05,0.2667,0.3544,0.2007,0.2616,0.3583,0.2011
28,79740,2116,2875,1.22e-05,0.2263,0.2497,0.1528,0.197,0.2362,0.1499
28,79760,2136,2875,1.22e-05,0.2993,0.3473,0.1826,0.2942,0.3191,0.1761
28,79780,2156,2875,1.22e-05,0.2974,0.2987,0.1735,0.2827,0.2824,0.1666
28,79800,2176,2875,1.22e-05,0.2876,0.297,0.1883,0.2569,0.2866,0.18
28,79820,2196,2875,1.22e-05,0.1926,0.2783,0.1702,0.1743,0.2684,0.165
28,79840,2216,2875,1.22e-05,0.3058,0.2603,0.172,0.2833,0.2661,0.1681
28,79860,2236,2875,1.22e-05,0.2569,0.3241,0.1816,0.235,0.315,0.1754
28,79880,2256,2875,1.22e-05,0.2093,0.3115,0.1883,0.1866,0.3033,0.1844
28,79900,2276,2875,1.22e-05,0.2315,0.3166,0.1764,0.2264,0.2792,0.1648
28,79920,2296,2875,1.22e-05,0.1886,0.3123,0.1761,0.1866,0.3009,0.1672
28,79940,2316,2875,1.22e-05,0.2304,0.3328,0.1779,0.2133,0.3271,0.1734
28,79960,2336,2875,1.22e-05,0.247,0.322,0.1902,0.2488,0.2985,0.1859
28,79980,2356,2875,1.22e-05,0.2903,0.2873,0.1878,0.2368,0.2969,0.193
28,80000,2376,2875,1.22e-05,0.226,0.3061,0.18,0.2285,0.3067,0.1763
28,80020,2396,2875,1.22e-05,0.2111,0.3065,0.174,0.1852,0.2989,0.1707
28,80040,2416,2875,1.22e-05,0.3283,0.2751,0.1952,0.3023,0.2626,0.1903
28,80060,2436,2875,1.22e-05,0.3073,0.2398,0.1687,0.2878,0.2299,0.1612
28,80080,2456,2875,1.22e-05,0.1638,0.2452,0.1414,0.1407,0.2549,0.1372
28,80100,2476,2875,1.22e-05,0.3024,0.2923,0.1692,0.279,0.2948,0.1647
28,80120,2496,2875,1.22e-05,0.3022,0.2501,0.1764,0.2767,0.2436,0.1681
28,80140,2516,2875,1.22e-05,0.2668,0.3422,0.1843,0.2564,0.3201,0.1747
28,80160,2536,2875,1.22e-05,0.2312,0.2883,0.1765,0.2159,0.2817,0.1726
28,80180,2556,2875,1.22e-05,0.2988,0.2677,0.1648,0.2686,0.2604,0.1616
28,80200,2576,2875,1.22e-05,0.2968,0.3446,0.2031,0.2603,0.3159,0.1924
28,80220,2596,2875,1.22e-05,0.2241,0.3756,0.1926,0.219,0.3633,0.1926
28,80240,2616,2875,1.22e-05,0.2719,0.2962,0.1751,0.2631,0.2859,0.17
28,80260,2636,2875,1.22e-05,0.2455,0.2847,0.1803,0.2131,0.282,0.1767
28,80280,2656,2875,1.22e-05,0.2968,0.3723,0.1927,0.2924,0.3668,0.1892
28,80300,2676,2875,1.22e-05,0.2135,0.2821,0.182,0.2269,0.2599,0.1773
28,80320,2696,2875,1.22e-05,0.2758,0.2851,0.1855,0.2681,0.2876,0.1823
28,80340,2716,2875,1.22e-05,0.219,0.2956,0.1719,0.2135,0.2865,0.1707
28,80360,2736,2875,1.22e-05,0.2127,0.3558,0.1836,0.1995,0.3444,0.1792
28,80380,2756,2875,1.22e-05,0.2845,0.3321,0.1778,0.2767,0.3344,0.1712
28,80400,2776,2875,1.22e-05,0.2368,0.3153,0.1634,0.223,0.3046,0.1573
28,80420,2796,2875,1.22e-05,0.1688,0.2156,0.1608,0.1507,0.2119,0.1587
28,80440,2816,2875,1.22e-05,0.3354,0.4479,0.2208,0.2862,0.4385,0.2185
28,80460,2836,2875,1.22e-05,0.1983,0.2191,0.162,0.1769,0.2189,0.1597
28,80480,2856,2875,1.22e-05,0.3151,0.3028,0.1629,0.297,0.2981,0.1589
29,80500,1,2875,1.14e-05,0.3224,0.296,0.1812,0.3225,0.2796,0.1759
29,80520,21,2875,1.14e-05,0.3138,0.295,0.1631,0.2924,0.2566,0.1428
29,80540,41,2875,1.14e-05,0.3233,0.3654,0.2037,0.2918,0.3582,0.195
29,80560,61,2875,1.14e-05,0.1717,0.2127,0.1559,0.1611,0.231,0.1543
29,80580,81,2875,1.14e-05,0.1952,0.2314,0.1543,0.1809,0.2084,0.1457
29,80600,101,2875,1.14e-05,0.3097,0.3824,0.2111,0.3079,0.3777,0.2076
29,80620,121,2875,1.14e-05,0.3539,0.3631,0.2168,0.3248,0.3453,0.205
29,80640,141,2875,1.14e-05,0.1936,0.2277,0.1702,0.1674,0.2216,0.1708
29,80660,161,2875,1.14e-05,0.2498,0.2893,0.1633,0.2292,0.2569,0.1485
29,80680,181,2875,1.14e-05,0.2883,0.3903,0.1997,0.2808,0.377,0.1901
29,80700,201,2875,1.14e-05,0.223,0.2636,0.1598,0.2075,0.2495,0.1524
29,80720,221,2875,1.14e-05,0.241,0.3064,0.1733,0.2225,0.2919,0.1702
29,80740,241,2875,1.14e-05,0.2381,0.3693,0.1853,0.2114,0.356,0.1834
29,80760,261,2875,1.14e-05,0.3104,0.3595,0.1698,0.3065,0.3612,0.1637
29,80780,281,2875,1.14e-05,0.321,0.3409,0.1959,0.3029,0.3234,0.1869
29,80800,301,2875,1.14e-05,0.2577,0.3363,0.1857,0.2304,0.3244,0.182
29,80820,321,2875,1.14e-05,0.3317,0.3411,0.2085,0.3291,0.315,0.1992
29,80840,341,2875,1.14e-05,0.3568,0.2982,0.1867,0.3267,0.2731,0.1695
29,80860,361,2875,1.14e-05,0.2218,0.3518,0.1679,0.1976,0.3252,0.1583
29,80880,381,2875,1.14e-05,0.1817,0.2898,0.1737,0.1679,0.2845,0.169
29,80900,401,2875,1.14e-05,0.2026,0.3097,0.1811,0.1845,0.2886,0.1732
29,80920,421,2875,1.14e-05,0.2309,0.3136,0.1783,0.2003,0.291,0.1677
29,80940,441,2875,1.14e-05,0.2594,0.3333,0.1937,0.2402,0.3321,0.1891
29,80960,461,2875,1.14e-05,0.2178,0.3467,0.1876,0.2035,0.3333,0.1838
29,80980,481,2875,1.14e-05,0.3604,0.4119,0.1919,0.3254,0.3934,0.1873
29,81000,501,2875,1.14e-05,0.2502,0.3498,0.1767,0.2402,0.3347,0.1692
29,81020,521,2875,1.14e-05,0.2337,0.2462,0.1781,0.2137,0.2359,0.1702
29,81040,541,2875,1.14e-05,0.2842,0.2446,0.1618,0.2774,0.2249,0.1566
29,81060,561,2875,1.14e-05,0.2297,0.3423,0.1674,0.2242,0.3291,0.1609
29,81080,581,2875,1.14e-05,0.2745,0.3002,0.1908,0.252,0.2856,0.1781
29,81100,601,2875,1.14e-05,0.2954,0.3123,0.1765,0.2591,0.2975,0.1691
29,81120,621,2875,1.14e-05,0.266,0.307,0.1852,0.2356,0.3059,0.1816
29,81140,641,2875,1.14e-05,0.2618,0.2724,0.1695,0.2313,0.2416,0.1567
29,81160,661,2875,1.14e-05,0.3236,0.3357,0.2002,0.3057,0.3381,0.2033
29,81180,681,2875,1.14e-05,0.3781,0.3801,0.2231,0.3469,0.3728,0.2225
29,81200,701,2875,1.14e-05,0.2354,0.2959,0.1727,0.2224,0.2842,0.1631
29,81220,721,2875,1.14e-05,0.2142,0.2682,0.1753,0.1937,0.2739,0.1729
29,81240,741,2875,1.14e-05,0.3114,0.4007,0.1977,0.3022,0.3887,0.1891
29,81260,761,2875,1.14e-05,0.2431,0.3581,0.1993,0.2332,0.3461,0.1918
29,81280,781,2875,1.14e-05,0.2672,0.258,0.1747,0.2479,0.2423,0.1699
29,81300,801,2875,1.14e-05,0.3264,0.3789,0.2165,0.3,0.3621,0.2099
29,81320,821,2875,1.14e-05,0.213,0.273,0.1754,0.1953,0.2734,0.1704
29,81340,841,2875,1.14e-05,0.2728,0.4027,0.2075,0.2514,0.3983,0.2111
29,81360,861,2875,1.14e-05,0.3007,0.3187,0.183,0.2984,0.2965,0.1778
29,81380,881,2875,1.14e-05,0.2557,0.3431,0.1837,0.2555,0.3329,0.1763
29,81400,901,2875,1.14e-05,0.184,0.2795,0.1814,0.176,0.2645,0.1629
29,81420,921,2875,1.14e-05,0.2798,0.3674,0.1889,0.2584,0.3568,0.1802
29,81440,941,2875,1.14e-05,0.2827,0.357,0.1913,0.2568,0.3395,0.1836
29,81460,961,2875,1.14e-05,0.3258,0.3331,0.1891,0.3226,0.3107,0.1778
29,81480,981,2875,1.14e-05,0.3099,0.4052,0.1933,0.2892,0.3785,0.184
29,81500,1001,2875,1.14e-05,0.2339,0.2841,0.1714,0.2178,0.2741,0.1676
29,81520,1021,2875,1.14e-05,0.2394,0.3238,0.1819,0.238,0.3189,0.1763
29,81540,1041,2875,1.14e-05,0.248,0.3506,0.1947,0.2299,0.349,0.1902
29,81560,1061,2875,1.14e-05,0.2177,0.362,0.1828,0.2086,0.3431,0.174
29,81580,1081,2875,1.14e-05,0.2597,0.3056,0.1746,0.2603,0.3026,0.1693
29,81600,1101,2875,1.14e-05,0.2816,0.3904,0.1944,0.272,0.3637,0.1868
29,81620,1121,2875,1.14e-05,0.2542,0.3989,0.1942,0.2508,0.3885,0.1909
29,81640,1141,2875,1.14e-05,0.3227,0.4442,0.2074,0.3236,0.4246,0.1997
29,81660,1161,2875,1.14e-05,0.3111,0.3975,0.2084,0.3001,0.3838,0.2043
29,81680,1181,2875,1.14e-05,0.3916,0.3678,0.2129,0.3738,0.3475,0.2014
29,81700,1201,2875,1.14e-05,0.3345,0.3012,0.1883,0.2902,0.2948,0.1785
29,81720,1221,2875,1.14e-05,0.2803,0.3469,0.1967,0.2702,0.3283,0.1923
29,81740,1241,2875,1.14e-05,0.3178,0.3293,0.1872,0.2847,0.3374,0.1825
29,81760,1261,2875,1.14e-05,0.2509,0.3577,0.1938,0.2512,0.3406,0.1873
29,81780,1281,2875,1.14e-05,0.2157,0.297,0.1893,0.1947,0.2851,0.1835
29,81800,1301,2875,1.14e-05,0.2733,0.3568,0.1858,0.2547,0.3618,0.1824
29,81820,1321,2875,1.14e-05,0.2087,0.195,0.1449,0.1801,0.1857,0.1407
29,81840,1341,2875,1.14e-05,0.2329,0.3487,0.1974,0.2366,0.3452,0.1943
29,81860,1361,2875,1.14e-05,0.2013,0.4337,0.1919,0.1776,0.4245,0.1859
29,81880,1381,2875,1.14e-05,0.2457,0.3586,0.2,0.2377,0.3438,0.1931
29,81900,1401,2875,1.14e-05,0.2266,0.3233,0.1667,0.2255,0.318,0.1619
29,81920,1421,2875,1.14e-05,0.2259,0.3524,0.1895,0.2008,0.3609,0.1904
29,81940,1441,2875,1.14e-05,0.2728,0.3919,0.1934,0.2577,0.3944,0.1886
29,81960,1461,2875,1.14e-05,0.2131,0.2904,0.1672,0.2031,0.272,0.1595
29,81980,1481,2875,1.14e-05,0.28,0.3379,0.1674,0.2741,0.3236,0.162
29,82000,1501,2875,1.14e-05,0.4213,0.3842,0.23,0.3995,0.37,0.2299
29,82020,1521,2875,1.14e-05,0.3007,0.3435,0.1757,0.3039,0.3102,0.1672
29,82040,1541,2875,1.14e-05,0.2446,0.3575,0.1787,0.2328,0.3359,0.1719
29,82060,1561,2875,1.14e-05,0.2325,0.2789,0.1679,0.2134,0.2487,0.1608
29,82080,1581,2875,1.14e-05,0.231,0.318,0.1748,0.2141,0.3086,0.1673
29,82100,1601,2875,1.14e-05,0.2271,0.3077,0.1779,0.2184,0.2941,0.1724
29,82120,1621,2875,1.14e-05,0.3668,0.317,0.2012,0.3388,0.3021,0.1952
29,82140,1641,2875,1.14e-05,0.2084,0.3161,0.1748,0.1721,0.3052,0.1717
29,82160,1661,2875,1.14e-05,0.2531,0.3987,0.2,0.2433,0.3829,0.1948
29,82180,1681,2875,1.14e-05,0.3511,0.4401,0.2276,0.3316,0.4282,0.2246
29,82200,1701,2875,1.14e-05,0.1956,0.289,0.1716,0.1733,0.2832,0.1701
29,82220,1721,2875,1.14e-05,0.2503,0.3863,0.1847,0.2351,0.3653,0.1785
29,82240,1741,2875,1.14e-05,0.3101,0.5416,0.2243,0.2993,0.5418,0.218
29,82260,1761,2875,1.14e-05,0.2011,0.3039,0.1839,0.1787,0.2998,0.1817
29,82280,1781,2875,1.14e-05,0.2333,0.323,0.1706,0.215,0.3039,0.1637
29,82300,1801,2875,1.14e-05,0.279,0.3553,0.2066,0.27,0.3416,0.1958
29,82320,1821,2875,1.14e-05,0.2281,0.2769,0.1739,0.2216,0.2769,0.1729
29,82340,1841,2875,1.14e-05,0.2609,0.3951,0.1918,0.2426,0.3797,0.1884
29,82360,1861,2875,1.14e-05,0.1909,0.251,0.1689,0.1696,0.2364,0.1647
29,82380,1881,2875,1.14e-05,0.2616,0.3107,0.1718,0.265,0.292,0.1682
29,82400,1901,2875,1.14e-05,0.3537,0.4024,0.2139,0.3317,0.3904,0.2062
29,82420,1921,2875,1.14e-05,0.307,0.2857,0.1825,0.2827,0.2765,0.1777
29,82440,1941,2875,1.14e-05,0.2079,0.3447,0.188,0.1976,0.3233,0.1798
29,82460,1961,2875,1.14e-05,0.3261,0.2836,0.1747,0.2981,0.276,0.1709
29,82480,1981,2875,1.14e-05,0.3172,0.3215,0.2011,0.2934,0.3157,0.1993
29,82500,2001,2875,1.14e-05,0.2374,0.2543,0.1601,0.2206,0.2508,0.157
29,82520,2021,2875,1.14e-05,0.2211,0.2682,0.1759,0.2025,0.2719,0.1764
29,82540,2041,2875,1.14e-05,0.284,0.298,0.1671,0.2502,0.2791,0.1552
29,82560,2061,2875,1.14e-05,0.2994,0.2943,0.1744,0.2759,0.2646,0.1647
29,82580,2081,2875,1.14e-05,0.2496,0.2555,0.1603,0.2077,0.2519,0.152
29,82600,2101,2875,1.14e-05,0.2041,0.2734,0.1681,0.1951,0.2586,0.1609
29,82620,2121,2875,1.14e-05,0.2548,0.3224,0.1751,0.2551,0.3072,0.1703
29,82640,2141,2875,1.14e-05,0.4482,0.4111,0.2434,0.4597,0.3911,0.2346
29,82660,2161,2875,1.14e-05,0.2252,0.3072,0.1832,0.2001,0.3057,0.1807
29,82680,2181,2875,1.14e-05,0.231,0.2605,0.1599,0.1959,0.2456,0.1544
29,82700,2201,2875,1.14e-05,0.2303,0.3146,0.1773,0.2065,0.3028,0.1682
29,82720,2221,2875,1.14e-05,0.2554,0.3021,0.1723,0.2476,0.288,0.1652
29,82740,2241,2875,1.14e-05,0.3313,0.3437,0.1854,0.2991,0.3191,0.1796
29,82760,2261,2875,1.14e-05,0.2125,0.2428,0.1622,0.1829,0.2348,0.1554
29,82780,2281,2875,1.14e-05,0.2517,0.2662,0.1868,0.2305,0.2389,0.1713
29,82800,2301,2875,1.14e-05,0.2089,0.3995,0.208,0.1926,0.3787,0.202
29,82820,2321,2875,1.14e-05,0.2783,0.2774,0.1527,0.2624,0.267,0.145
29,82840,2341,2875,1.14e-05,0.292,0.3465,0.1926,0.2718,0.3256,0.1855
29,82860,2361,2875,1.14e-05,0.2885,0.3419,0.1836,0.2687,0.3313,0.177
29,82880,2381,2875,1.14e-05,0.4367,0.3199,0.1762,0.3996,0.2981,0.1638
29,82900,2401,2875,1.14e-05,0.343,0.545,0.2266,0.3167,0.5029,0.2163
29,82920,2421,2875,1.14e-05,0.2508,0.2727,0.1847,0.2236,0.2421,0.1796
29,82940,2441,2875,1.14e-05,0.3464,0.4203,0.2086,0.3372,0.3978,0.1983
29,82960,2461,2875,1.14e-05,0.2778,0.2959,0.1874,0.2586,0.287,0.184
29,82980,2481,2875,1.14e-05,0.2754,0.4013,0.197,0.2666,0.371,0.1867
29,83000,2501,2875,1.14e-05,0.2478,0.355,0.1966,0.2242,0.343,0.1928
29,83020,2521,2875,1.14e-05,0.2937,0.2873,0.1969,0.2549,0.2901,0.1889
29,83040,2541,2875,1.14e-05,0.2407,0.2821,0.1623,0.2258,0.2762,0.1573
29,83060,2561,2875,1.14e-05,0.3013,0.3813,0.2014,0.2741,0.3617,0.1898
29,83080,2581,2875,1.14e-05,0.2286,0.3069,0.1784,0.2301,0.2909,0.1723
29,83100,2601,2875,1.14e-05,0.268,0.4061,0.1971,0.2486,0.4058,0.193
29,83120,2621,2875,1.14e-05,0.2203,0.2939,0.1722,0.1997,0.2839,0.1625
29,83140,2641,2875,1.14e-05,0.2562,0.356,0.1813,0.2484,0.3348,0.1734
29,83160,2661,2875,1.14e-05,0.2728,0.2935,0.172,0.2607,0.2841,0.1642
29,83180,2681,2875,1.14e-05,0.2631,0.3069,0.1812,0.2417,0.2946,0.1731
29,83200,2701,2875,1.14e-05,0.2277,0.2656,0.1824,0.2149,0.2617,0.1834
29,83220,2721,2875,1.14e-05,0.3169,0.3991,0.2129,0.2988,0.3685,0.2036
29,83240,2741,2875,1.14e-05,0.28,0.3006,0.1947,0.2589,0.2887,0.1883
29,83260,2761,2875,1.14e-05,0.2648,0.2781,0.1746,0.2654,0.2715,0.1723
29,83280,2781,2875,1.14e-05,0.3624,0.433,0.2341,0.3496,0.4146,0.2278
29,83300,2801,2875,1.14e-05,0.1937,0.4072,0.2056,0.1876,0.3748,0.194
29,83320,2821,2875,1.14e-05,0.272,0.3528,0.1853,0.2552,0.3384,0.1801
29,83340,2841,2875,1.14e-05,0.2419,0.333,0.1927,0.2205,0.319,0.1867
29,83360,2861,2875,1.14e-05,0.3692,0.3315,0.2015,0.3327,0.309,0.1913
30,83380,6,2875,1.07e-05,0.261,0.2869,0.1892,0.2354,0.2853,0.1849
30,83400,26,2875,1.07e-05,0.2341,0.3759,0.1835,0.2268,0.3716,0.181
30,83420,46,2875,1.07e-05,0.2178,0.3902,0.2056,0.2123,0.358,0.1972
30,83440,66,2875,1.07e-05,0.252,0.2976,0.1776,0.2269,0.287,0.1721
30,83460,86,2875,1.07e-05,0.2883,0.3514,0.1808,0.2523,0.3337,0.1788
30,83480,106,2875,1.07e-05,0.2133,0.3057,0.1771,0.1848,0.2914,0.1742
30,83500,126,2875,1.07e-05,0.2493,0.2471,0.1859,0.2117,0.2364,0.1819
30,83520,146,2875,1.07e-05,0.2223,0.3102,0.1822,0.2202,0.3034,0.1782
30,83540,166,2875,1.07e-05,0.268,0.344,0.1917,0.2588,0.3378,0.1867
30,83560,186,2875,1.07e-05,0.2982,0.2633,0.1712,0.2984,0.267,0.1641
30,83580,206,2875,1.07e-05,0.2927,0.3788,0.1809,0.2807,0.3723,0.1762
30,83600,226,2875,1.07e-05,0.2471,0.4056,0.2055,0.2267,0.3857,0.1997
30,83620,246,2875,1.07e-05,0.3423,0.2751,0.1889,0.3141,0.2446,0.1756
30,83640,266,2875,1.07e-05,0.2442,0.3672,0.2008,0.2342,0.3714,0.2014
30,83660,286,2875,1.07e-05,0.1933,0.2696,0.1688,0.1729,0.2649,0.1688
30,83680,306,2875,1.07e-05,0.2414,0.3147,0.171,0.2395,0.302,0.1691
30,83700,326,2875,1.07e-05,0.2498,0.2732,0.1845,0.2255,0.2551,0.1746
30,83720,346,2875,1.07e-05,0.2851,0.2942,0.1827,0.2667,0.2797,0.1759
30,83740,366,2875,1.07e-05,0.2439,0.2906,0.1791,0.2294,0.2725,0.1728
30,83760,386,2875,1.07e-05,0.2966,0.3363,0.2018,0.2785,0.3231,0.1957
30,83780,406,2875,1.07e-05,0.3236,0.3558,0.1908,0.3142,0.3454,0.1876
30,83800,426,2875,1.07e-05,0.306,0.3348,0.2064,0.2756,0.3398,0.2055
30,83820,446,2875,1.07e-05,0.1795,0.2984,0.1898,0.1747,0.2787,0.1858
30,83840,466,2875,1.07e-05,0.2279,0.3891,0.179,0.202,0.3443,0.1677
30,83860,486,2875,1.07e-05,0.3032,0.3112,0.1717,0.2885,0.2961,0.1652
30,83880,506,2875,1.07e-05,0.2005,0.2976,0.1683,0.1844,0.2905,0.1633
30,83900,526,2875,1.07e-05,0.2537,0.2993,0.1789,0.245,0.2878,0.1722
30,83920,546,2875,1.07e-05,0.2251,0.2712,0.187,0.2085,0.2346,0.176
30,83940,566,2875,1.07e-05,0.2768,0.2724,0.1704,0.2315,0.2355,0.1543
30,83960,586,2875,1.07e-05,0.2938,0.3005,0.184,0.2682,0.2794,0.1738
30,83980,606,2875,1.07e-05,0.2337,0.3072,0.1803,0.2418,0.2894,0.1701
30,84000,626,2875,1.07e-05,0.2878,0.2696,0.1808,0.2653,0.2526,0.1678
30,84020,646,2875,1.07e-05,0.3037,0.3732,0.1971,0.2746,0.3677,0.1964
30,84040,666,2875,1.07e-05,0.1751,0.3146,0.1729,0.153,0.3029,0.1672
30,84060,686,2875,1.07e-05,0.269,0.2863,0.1787,0.2462,0.2631,0.166
30,84080,706,2875,1.07e-05,0.2754,0.343,0.1898,0.2523,0.3462,0.1819
30,84100,726,2875,1.07e-05,0.2514,0.3112,0.1739,0.2293,0.2859,0.1678
30,84120,746,2875,1.07e-05,0.2335,0.3518,0.1815,0.2142,0.3357,0.1757
30,84140,766,2875,1.07e-05,0.2668,0.3164,0.1777,0.2434,0.2838,0.1674
30,84160,786,2875,1.07e-05,0.247,0.2244,0.1632,0.206,0.2126,0.1551
30,84180,806,2875,1.07e-05,0.2484,0.3251,0.1747,0.2239,0.3165,0.1712
30,84200,826,2875,1.07e-05,0.2362,0.3523,0.1864,0.2204,0.3437,0.1797
30,84220,846,2875,1.07e-05,0.2628,0.3819,0.2011,0.251,0.3539,0.1894
30,84240,866,2875,1.07e-05,0.2634,0.2984,0.1784,0.2312,0.3012,0.175
30,84260,886,2875,1.07e-05,0.2337,0.3117,0.1806,0.2171,0.3034,0.1796
30,84280,906,2875,1.07e-05,0.3092,0.3365,0.2003,0.292,0.3279,0.193
30,84300,926,2875,1.07e-05,0.218,0.3297,0.1612,0.2122,0.3217,0.1565
30,84320,946,2875,1.07e-05,0.2305,0.3065,0.1987,0.2128,0.2854,0.1892
30,84340,966,2875,1.07e-05,0.2296,0.279,0.1738,0.2196,0.2793,0.1713
30,84360,986,2875,1.07e-05,0.2722,0.3642,0.2002,0.2638,0.3332,0.1876
30,84380,1006,2875,1.07e-05,0.2198,0.3003,0.19,0.1968,0.2821,0.1824
30,84400,1026,2875,1.07e-05,0.2705,0.3171,0.1889,0.2505,0.303,0.1819
30,84420,1046,2875,1.07e-05,0.3481,0.3697,0.1776,0.3001,0.3795,0.1794
30,84440,1066,2875,1.07e-05,0.2598,0.2679,0.1859,0.2371,0.2681,0.1853
30,84460,1086,2875,1.07e-05,0.2876,0.3255,0.1866,0.2558,0.3044,0.1797
30,84480,1106,2875,1.07e-05,0.2792,0.4214,0.2063,0.2629,0.3959,0.1973
30,84500,1126,2875,1.07e-05,0.288,0.2702,0.1719,0.2735,0.2431,0.1637
30,84520,1146,2875,1.07e-05,0.2593,0.3522,0.1869,0.2364,0.3491,0.185
30,84540,1166,2875,1.07e-05,0.2933,0.3125,0.1789,0.2733,0.2918,0.168
30,84560,1186,2875,1.07e-05,0.2584,0.3778,0.1828,0.2431,0.3579,0.1756
30,84580,1206,2875,1.07e-05,0.2447,0.3739,0.1985,0.2356,0.3588,0.1929
30,84600,1226,2875,1.07e-05,0.3174,0.4721,0.2617,0.3151,0.4608,0.2597
30,84620,1246,2875,1.07e-05,0.1605,0.2768,0.1764,0.1471,0.2754,0.178
30,84640,1266,2875,1.07e-05,0.2101,0.2915,0.1851,0.1972,0.2883,0.1808
30,84660,1286,2875,1.07e-05,0.2603,0.3602,0.1779,0.248,0.3492,0.1742
30,84680,1306,2875,1.07e-05,0.1841,0.2996,0.177,0.1726,0.2998,0.1717
30,84700,1326,2875,1.07e-05,0.2332,0.2834,0.1726,0.215,0.2729,0.1667
30,84720,1346,2875,1.07e-05,0.2049,0.2846,0.1739,0.1727,0.2669,0.169
30,84740,1366,2875,1.07e-05,0.2312,0.324,0.2058,0.221,0.3021,0.196
30,84760,1386,2875,1.07e-05,0.2614,0.3481,0.1924,0.2322,0.3413,0.1867
30,84780,1406,2875,1.07e-05,0.2502,0.3502,0.19,0.2389,0.3344,0.1798
30,84800,1426,2875,1.07e-05,0.215,0.3317,0.1881,0.2062,0.3165,0.1795
30,84820,1446,2875,1.07e-05,0.2899,0.2679,0.1883,0.2521,0.2574,0.1828
30,84840,1466,2875,1.07e-05,0.2725,0.343,0.1917,0.2614,0.3463,0.1891
30,84860,1486,2875,1.07e-05,0.2408,0.3122,0.1775,0.2352,0.3097,0.174
30,84880,1506,2875,1.07e-05,0.2825,0.331,0.1727,0.2521,0.3134,0.1676
30,84900,1526,2875,1.07e-05,0.2511,0.2949,0.1825,0.2289,0.2928,0.1787
30,84920,1546,2875,1.07e-05,0.3544,0.3945,0.1921,0.3278,0.3284,0.1605
30,84940,1566,2875,1.07e-05,0.2,0.285,0.1715,0.1814,0.2755,0.1664
30,84960,1586,2875,1.07e-05,0.2712,0.3214,0.1702,0.2549,0.2996,0.1668
30,84980,1606,2875,1.07e-05,0.2992,0.3584,0.1934,0.2737,0.3136,0.1785
30,85000,1626,2875,1.07e-05,0.2453,0.337,0.1874,0.2321,0.3441,0.1839
30,85020,1646,2875,1.07e-05,0.2829,0.3421,0.2027,0.2529,0.3328,0.1961
30,85040,1666,2875,1.07e-05,0.2459,0.3545,0.1948,0.2285,0.3481,0.1904
30,85060,1686,2875,1.07e-05,0.2366,0.3231,0.1697,0.2222,0.3123,0.1642
30,85080,1706,2875,1.07e-05,0.2764,0.3438,0.1855,0.2522,0.3245,0.177
30,85100,1726,2875,1.07e-05,0.2191,0.2126,0.1426,0.1981,0.2106,0.1393
30,85120,1746,2875,1.07e-05,0.2125,0.286,0.1856,0.2007,0.2785,0.1832
30,85140,1766,2875,1.07e-05,0.2225,0.2813,0.1795,0.2041,0.2662,0.1733
30,85160,1786,2875,1.07e-05,0.2153,0.3057,0.1753,0.1962,0.3078,0.1743
30,85180,1806,2875,1.07e-05,0.2527,0.3735,0.1978,0.2428,0.3673,0.1944
30,85200,1826,2875,1.07e-05,0.2838,0.2669,0.1896,0.2768,0.2488,0.1791
30,85220,1846,2875,1.07e-05,0.2409,0.3093,0.1837,0.2213,0.2919,0.1765
30,85240,1866,2875,1.07e-05,0.1894,0.2653,0.1726,0.1812,0.2437,0.169
30,85260,1886,2875,1.07e-05,0.2293,0.3745,0.175,0.2068,0.3427,0.1644
30,85280,1906,2875,1.07e-05,0.2414,0.3199,0.189,0.223,0.3136,0.1828
30,85300,1926,2875,1.07e-05,0.2834,0.3347,0.182,0.2584,0.3257,0.1754
30,85320,1946,2875,1.07e-05,0.2538,0.3327,0.1864,0.244,0.3085,0.178
30,85340,1966,2875,1.07e-05,0.2479,0.3849,0.2053,0.2413,0.3761,0.2
30,85360,1986,2875,1.07e-05,0.2096,0.3403,0.1724,0.1847,0.3137,0.1661
30,85380,2006,2875,1.07e-05,0.2741,0.2889,0.1879,0.2577,0.2736,0.1803
30,85400,2026,2875,1.07e-05,0.2707,0.3674,0.1895,0.2514,0.3457,0.186
30,85420,2046,2875,1.07e-05,0.2187,0.3317,0.205,0.2065,0.3087,0.2016
30,85440,2066,2875,1.07e-05,0.2589,0.2839,0.175,0.2406,0.2874,0.174
30,85460,2086,2875,1.07e-05,0.2367,0.4026,0.1932,0.2217,0.377,0.187
30,85480,2106,2875,1.07e-05,0.1805,0.2802,0.1626,0.1698,0.2717,0.1575
30,85500,2126,2875,1.07e-05,0.3566,0.3495,0.1745,0.3379,0.3358,0.1697
30,85520,2146,2875,1.07e-05,0.2776,0.3956,0.1953,0.2635,0.3652,0.1885
30,85540,2166,2875,1.07e-05,0.2508,0.3164,0.1918,0.2445,0.3106,0.1909
30,85560,2186,2875,1.07e-05,0.2535,0.3231,0.199,0.2163,0.3046,0.1954
30,85580,2206,2875,1.07e-05,0.2926,0.3836,0.2111,0.2883,0.3731,0.2075
30,85600,2226,2875,1.07e-05,0.2478,0.1889,0.1477,0.2237,0.197,0.1448
30,85620,2246,2875,1.07e-05,0.374,0.2704,0.1802,0.3503,0.254,0.1714
30,85640,2266,2875,1.07e-05,0.3839,0.2943,0.1803,0.3301,0.2906,0.1833
30,85660,2286,2875,1.07e-05,0.3356,0.3562,0.1752,0.3212,0.3447,0.1709
30,85680,2306,2875,1.07e-05,0.3426,0.3485,0.184,0.3128,0.3364,0.1788
30,85700,2326,2875,1.07e-05,0.2805,0.3415,0.2001,0.2565,0.3242,0.1882
30,85720,2346,2875,1.07e-05,0.3063,0.2881,0.1863,0.2761,0.2669,0.1762
30,85740,2366,2875,1.07e-05,0.2156,0.2924,0.176,0.198,0.2859,0.1746
30,85760,2386,2875,1.07e-05,0.2544,0.3574,0.1817,0.2308,0.3536,0.1766
30,85780,2406,2875,1.07e-05,0.2628,0.2582,0.1591,0.2387,0.2473,0.1528
30,85800,2426,2875,1.07e-05,0.2117,0.273,0.1782,0.1966,0.2485,0.1684
30,85820,2446,2875,1.07e-05,0.2712,0.3145,0.1941,0.2242,0.2882,0.1885
30,85840,2466,2875,1.07e-05,0.1841,0.3041,0.1612,0.1698,0.3023,0.159
30,85860,2486,2875,1.07e-05,0.2546,0.2823,0.1774,0.2433,0.2677,0.1747
30,85880,2506,2875,1.07e-05,0.3517,0.3041,0.1827,0.3205,0.2808,0.178
30,85900,2526,2875,1.07e-05,0.2931,0.3489,0.1845,0.2906,0.3362,0.1758
30,85920,2546,2875,1.07e-05,0.2616,0.3367,0.1808,0.2391,0.3302,0.1774
30,85940,2566,2875,1.07e-05,0.2142,0.3343,0.1744,0.1766,0.3182,0.1665
30,85960,2586,2875,1.07e-05,0.2421,0.339,0.1984,0.2285,0.3113,0.1905
30,85980,2606,2875,1.07e-05,0.1634,0.2653,0.1554,0.1307,0.2345,0.1472
30,86000,2626,2875,1.07e-05,0.2973,0.3132,0.1755,0.2517,0.3025,0.1669
30,86020,2646,2875,1.07e-05,0.284,0.3335,0.1905,0.2841,0.3214,0.1852
30,86040,2666,2875,1.07e-05,0.3099,0.3304,0.174,0.3034,0.3181,0.1694
30,86060,2686,2875,1.07e-05,0.3065,0.3082,0.1843,0.2883,0.2835,0.1717
30,86080,2706,2875,1.07e-05,0.2719,0.3558,0.1925,0.2613,0.3453,0.1886
30,86100,2726,2875,1.07e-05,0.2238,0.342,0.1911,0.2037,0.3302,0.1844
30,86120,2746,2875,1.07e-05,0.2604,0.3131,0.1911,0.2451,0.3046,0.1888
30,86140,2766,2875,1.07e-05,0.2494,0.2639,0.1636,0.227,0.2559,0.1577
30,86160,2786,2875,1.07e-05,0.1806,0.3085,0.1654,0.1671,0.2975,0.1607
30,86180,2806,2875,1.07e-05,0.2333,0.2891,0.1718,0.21,0.2834,0.1681
30,86200,2826,2875,1.07e-05,0.2176,0.2617,0.1647,0.2001,0.2584,0.1613
30,86220,2846,2875,1.07e-05,0.2993,0.2833,0.1823,0.2533,0.2764,0.1802
30,86240,2866,2875,1.07e-05,0.2398,0.368,0.209,0.2387,0.3727,0.2068
31,86260,11,2875,9.93e-06,0.2315,0.2872,0.1622,0.2154,0.2862,0.1589
31,86280,31,2875,9.93e-06,0.3518,0.2821,0.1787,0.298,0.2796,0.1741
31,86300,51,2875,9.93e-06,0.2744,0.2684,0.1756,0.2487,0.266,0.1715
31,86320,71,2875,9.93e-06,0.2182,0.3301,0.1891,0.1917,0.3178,0.1781
31,86340,91,2875,9.93e-06,0.2172,0.3339,0.1917,0.1871,0.3107,0.1797
31,86360,111,2875,9.93e-06,0.2558,0.3193,0.1689,0.2349,0.2941,0.1613
31,86380,131,2875,9.93e-06,0.2888,0.322,0.1719,0.2765,0.2992,0.1631
31,86400,151,2875,9.93e-06,0.2385,0.3912,0.1876,0.2343,0.3875,0.1867
31,86420,171,2875,9.93e-06,0.2524,0.3339,0.1824,0.2225,0.3131,0.1766
31,86440,191,2875,9.93e-06,0.2766,0.3217,0.176,0.2565,0.3175,0.1721
31,86460,211,2875,9.93e-06,0.2747,0.2684,0.1771,0.2493,0.2538,0.1682
31,86480,231,2875,9.93e-06,0.3236,0.3503,0.1858,0.3335,0.2898,0.1657
31,86500,251,2875,9.93e-06,0.2082,0.2524,0.1651,0.1851,0.2408,0.1607
31,86520,271,2875,9.93e-06,0.213,0.3225,0.1749,0.188,0.3174,0.175
31,86540,291,2875,9.93e-06,0.2669,0.3597,0.191,0.2405,0.3487,0.1859
31,86560,311,2875,9.93e-06,0.268,0.3062,0.1806,0.256,0.2959,0.1753
31,86580,331,2875,9.93e-06,0.2029,0.2972,0.1711,0.1757,0.3204,0.1714
31,86600,351,2875,9.93e-06,0.3636,0.2989,0.177,0.3805,0.3035,0.1653
31,86620,371,2875,9.93e-06,0.2554,0.4004,0.1937,0.2489,0.379,0.1889
31,86640,391,2875,9.93e-06,0.2834,0.3046,0.1948,0.274,0.2808,0.1845
31,86660,411,2875,9.93e-06,0.2146,0.3383,0.1811,0.2143,0.3415,0.1757
31,86680,431,2875,9.93e-06,0.2432,0.3157,0.2078,0.2159,0.2781,0.202
31,86700,451,2875,9.93e-06,0.3126,0.3657,0.2165,0.2963,0.3482,0.2124
31,86720,471,2875,9.93e-06,0.2658,0.3022,0.1767,0.2197,0.2972,0.1685
31,86740,491,2875,9.93e-06,0.3807,0.3936,0.1939,0.341,0.3662,0.1826
31,86760,511,2875,9.93e-06,0.1307,0.208,0.1627,0.0914,0.1839,0.1509
31,86780,531,2875,9.93e-06,0.2623,0.3233,0.1918,0.2365,0.298,0.185
31,86800,551,2875,9.93e-06,0.3087,0.2314,0.1693,0.2747,0.2322,0.1657
31,86820,571,2875,9.93e-06,0.2006,0.2989,0.1839,0.1848,0.2845,0.1773
31,86840,591,2875,9.93e-06,0.2609,0.3428,0.1749,0.2369,0.334,0.1724
31,86860,611,2875,9.93e-06,0.2989,0.281,0.1669,0.266,0.2565,0.1533
31,86880,631,2875,9.93e-06,0.3467,0.3504,0.1968,0.3333,0.3479,0.2015
31,86900,651,2875,9.93e-06,0.2817,0.2786,0.1628,0.2684,0.2373,0.1485
31,86920,671,2875,9.93e-06,0.2093,0.2756,0.1669,0.2074,0.2731,0.1612
31,86940,691,2875,9.93e-06,0.3086,0.339,0.1945,0.2873,0.3379,0.1935
31,86960,711,2875,9.93e-06,0.2842,0.3829,0.1972,0.2422,0.3627,0.1927
31,86980,731,2875,9.93e-06,0.2715,0.4473,0.2274,0.2725,0.4392,0.2217
31,87000,751,2875,9.93e-06,0.3071,0.3212,0.1685,0.2828,0.3119,0.1645
31,87020,771,2875,9.93e-06,0.2238,0.3594,0.1859,0.2119,0.3482,0.1782
31,87040,791,2875,9.93e-06,0.2675,0.4325,0.218,0.2436,0.4039,0.2065
31,87060,811,2875,9.93e-06,0.266,0.2686,0.1837,0.2349,0.2583,0.1785
31,87080,831,2875,9.93e-06,0.2566,0.264,0.1742,0.2229,0.2589,0.1687
31,87100,851,2875,9.93e-06,0.2381,0.3462,0.1909,0.2161,0.3445,0.1867
31,87120,871,2875,9.93e-06,0.2963,0.2463,0.1518,0.2555,0.2409,0.1505
31,87140,891,2875,9.93e-06,0.2922,0.3242,0.1829,0.2739,0.322,0.179
31,87160,911,2875,9.93e-06,0.2364,0.3388,0.1875,0.2233,0.3149,0.1763
31,87180,931,2875,9.93e-06,0.2709,0.255,0.1662,0.2597,0.268,0.1633
31,87200,951,2875,9.93e-06,0.2607,0.3644,0.1766,0.2493,0.3301,0.1711
31,87220,971,2875,9.93e-06,0.275,0.3785,0.2024,0.2651,0.3731,0.1983
31,87240,991,2875,9.93e-06,0.212,0.3253,0.1804,0.2002,0.3095,0.1742
31,87260,1011,2875,9.93e-06,0.3527,0.3389,0.1811,0.337,0.3401,0.1722
31,87280,1031,2875,9.93e-06,0.2559,0.3823,0.2001,0.2252,0.3562,0.1927
31,87300,1051,2875,9.93e-06,0.357,0.2636,0.1519,0.3325,0.2518,0.144
31,87320,1071,2875,9.93e-06,0.1714,0.2954,0.1732,0.1606,0.2904,0.1724
31,87340,1091,2875,9.93e-06,0.2949,0.2892,0.1863,0.2701,0.2687,0.1753
31,87360,1111,2875,9.93e-06,0.2602,0.3647,0.2019,0.2555,0.3386,0.196
31,87380,1131,2875,9.93e-06,0.2576,0.3392,0.2052,0.2542,0.3304,0.1968
31,87400,1151,2875,9.93e-06,0.2509,0.3681,0.1865,0.2213,0.3426,0.1847
31,87420,1171,2875,9.93e-06,0.3273,0.3373,0.1989,0.3102,0.3184,0.1912
31,87440,1191,2875,9.93e-06,0.1861,0.3166,0.1809,0.1672,0.3087,0.1796
31,87460,1211,2875,9.93e-06,0.2307,0.2598,0.1697,0.2165,0.26,0.164
31,87480,1231,2875,9.93e-06,0.337,0.4155,0.2299,0.3377,0.4097,0.2236
31,87500,1251,2875,9.93e-06,0.2125,0.3775,0.2068,0.1995,0.3599,0.1997
31,87520,1271,2875,9.93e-06,0.3882,0.2882,0.1744,0.3546,0.26,0.1633
31,87540,1291,2875,9.93e-06,0.2395,0.3406,0.1787,0.2159,0.3108,0.165
31,87560,1311,2875,9.93e-06,0.3122,0.351,0.1981,0.287,0.313,0.1932
31,87580,1331,2875,9.93e-06,0.2983,0.3581,0.2213,0.2883,0.3528,0.2192
31,87600,1351,2875,9.93e-06,0.1851,0.3374,0.171,0.1787,0.3123,0.1631
31,87620,1371,2875,9.93e-06,0.5025,0.3053,0.164,0.4769,0.2926,0.1523
31,87640,1391,2875,9.93e-06,0.2865,0.324,0.1995,0.2717,0.3165,0.1944
31,87660,1411,2875,9.93e-06,0.2186,0.3347,0.1788,0.2109,0.3073,0.1723
31,87680,1431,2875,9.93e-06,0.1794,0.2899,0.1708,0.1715,0.2836,0.1679
31,87700,1451,2875,9.93e-06,0.3151,0.3381,0.1872,0.3018,0.3217,0.1757
31,87720,1471,2875,9.93e-06,0.2507,0.352,0.1859,0.2393,0.3423,0.1822
31,87740,1491,2875,9.93e-06,0.3089,0.2638,0.1852,0.2713,0.2593,0.1862
31,87760,1511,2875,9.93e-06,0.1845,0.2778,0.1763,0.1819,0.2765,0.1731
31,87780,1531,2875,9.93e-06,0.3023,0.3724,0.1992,0.2874,0.3463,0.1939
31,87800,1551,2875,9.93e-06,0.2548,0.2628,0.1746,0.2059,0.2367,0.1575
31,87820,1571,2875,9.93e-06,0.2906,0.373,0.1655,0.28,0.3448,0.1538
31,87840,1591,2875,9.93e-06,0.2481,0.3089,0.1824,0.2399,0.2953,0.1753
31,87860,1611,2875,9.93e-06,0.2976,0.315,0.19,0.2807,0.2884,0.1774
31,87880,1631,2875,9.93e-06,0.2475,0.32,0.1622,0.2299,0.307,0.1551
31,87900,1651,2875,9.93e-06,0.3245,0.3135,0.1796,0.2927,0.2847,0.1705
31,87920,1671,2875,9.93e-06,0.2762,0.3568,0.2123,0.2583,0.3334,0.2041
31,87940,1691,2875,9.93e-06,0.2833,0.3887,0.2036,0.2632,0.3704,0.1956
31,87960,1711,2875,9.93e-06,0.1905,0.2312,0.1687,0.1601,0.2278,0.1634
31,87980,1731,2875,9.93e-06,0.2475,0.3018,0.1807,0.2195,0.2857,0.1729
31,88000,1751,2875,9.93e-06,0.292,0.2769,0.1693,0.283,0.2777,0.1643
31,88020,1771,2875,9.93e-06,0.238,0.2347,0.1653,0.2171,0.2152,0.159
31,88040,1791,2875,9.93e-06,0.2489,0.3051,0.1819,0.2488,0.2892,0.1796
31,88060,1811,2875,9.93e-06,0.2558,0.3636,0.1996,0.2512,0.3507,0.1918
31,88080,1831,2875,9.93e-06,0.1933,0.3289,0.2047,0.1773,0.3261,0.1984
31,88100,1851,2875,9.93e-06,0.2461,0.3245,0.1794,0.2409,0.3052,0.172
31,88120,1871,2875,9.93e-06,0.251,0.3258,0.1854,0.2385,0.3219,0.1812
31,88140,1891,2875,9.93e-06,0.3221,0.343,0.2005,0.2876,0.3373,0.1906
31,88160,1911,2875,9.93e-06,0.2466,0.2444,0.1601,0.2705,0.2159,0.1511
31,88180,1931,2875,9.93e-06,0.2831,0.311,0.198,0.2716,0.3059,0.1929
31,88200,1951,2875,9.93e-06,0.338,0.2653,0.1849,0.2895,0.2516,0.1729
31,88220,1971,2875,9.93e-06,0.2431,0.3449,0.1935,0.2306,0.3227,0.1858
31,88240,1991,2875,9.93e-06,0.1819,0.2555,0.1701,0.1725,0.2325,0.1686
31,88260,2011,2875,9.93e-06,0.2196,0.3217,0.1853,0.2176,0.3175,0.1808
31,88280,2031,2875,9.93e-06,0.2175,0.3367,0.1815,0.1806,0.3351,0.1801
31,88300,2051,2875,9.93e-06,0.2482,0.3429,0.1721,0.2182,0.3274,0.1655
31,88320,2071,2875,9.93e-06,0.2498,0.2928,0.1594,0.2229,0.2776,0.1519
31,88340,2091,2875,9.93e-06,0.2809,0.2638,0.1721,0.2584,0.2582,0.164
31,88360,2111,2875,9.93e-06,0.2562,0.2926,0.1751,0.2421,0.2995,0.1693
31,88380,2131,2875,9.93e-06,0.2148,0.293,0.1767,0.209,0.2764,0.1681
31,88400,2151,2875,9.93e-06,0.2134,0.2425,0.167,0.1873,0.2373,0.1629
31,88420,2171,2875,9.93e-06,0.3263,0.3638,0.1953,0.3252,0.3518,0.1904
31,88440,2191,2875,9.93e-06,0.2571,0.3293,0.179,0.229,0.3176,0.1756
31,88460,2211,2875,9.93e-06,0.3104,0.3969,0.1843,0.3005,0.3818,0.1804
31,88480,2231,2875,9.93e-06,0.2193,0.3163,0.1858,0.1957,0.299,0.1744
31,88500,2251,2875,9.93e-06,0.343,0.3184,0.2084,0.3127,0.2924,0.201
31,88520,2271,2875,9.93e-06,0.2608,0.3422,0.1937,0.2279,0.3093,0.1827
31,88540,2291,2875,9.93e-06,0.2945,0.3079,0.1952,0.2732,0.3159,0.189
31,88560,2311,2875,9.93e-06,0.2717,0.3417,0.1905,0.2512,0.3398,0.1863
31,88580,2331,2875,9.93e-06,0.18,0.2772,0.1695,0.1669,0.2771,0.1666
31,88600,2351,2875,9.93e-06,0.3002,0.3462,0.1735,0.2743,0.3458,0.1725
31,88620,2371,2875,9.93e-06,0.2377,0.3306,0.1699,0.2319,0.3222,0.1661
31,88640,2391,2875,9.93e-06,0.2826,0.3898,0.1988,0.2396,0.3635,0.1914
31,88660,2411,2875,9.93e-06,0.358,0.3641,0.1882,0.2983,0.3307,0.176
31,88680,2431,2875,9.93e-06,0.2759,0.2844,0.1783,0.2419,0.2929,0.177
31,88700,2451,2875,9.93e-06,0.2624,0.2857,0.173,0.2402,0.268,0.1684
31,88720,2471,2875,9.93e-06,0.248,0.3179,0.1799,0.2228,0.3047,0.1728
31,88740,2491,2875,9.93e-06,0.2534,0.3031,0.1882,0.2539,0.2968,0.186
31,88760,2511,2875,9.93e-06,0.2386,0.2987,0.1912,0.2217,0.2789,0.1854
31,88780,2531,2875,9.93e-06,0.216,0.2943,0.1727,0.193,0.2661,0.1662
31,88800,2551,2875,9.93e-06,0.1958,0.3625,0.1784,0.1752,0.3321,0.1717
31,88820,2571,2875,9.93e-06,0.2056,0.3781,0.1776,0.1858,0.337,0.1681
31,88840,2591,2875,9.93e-06,0.2095,0.3063,0.1839,0.1935,0.2865,0.1761
31,88860,2611,2875,9.93e-06,0.2345,0.3846,0.1877,0.2106,0.3817,0.1845
31,88880,2631,2875,9.93e-06,0.2626,0.372,0.1802,0.241,0.3561,0.1754
31,88900,2651,2875,9.93e-06,0.2477,0.3391,0.1837,0.225,0.3113,0.1664
31,88920,2671,2875,9.93e-06,0.316,0.3009,0.1746,0.3005,0.2846,0.1659
31,88940,2691,2875,9.93e-06,0.2482,0.3306,0.1792,0.2246,0.3009,0.1724
31,88960,2711,2875,9.93e-06,0.3106,0.2581,0.1956,0.2646,0.2555,0.1859
31,88980,2731,2875,9.93e-06,0.3146,0.2934,0.1741,0.2647,0.3026,0.1733
31,89000,2751,2875,9.93e-06,0.1943,0.3666,0.1845,0.1752,0.3556,0.1817
31,89020,2771,2875,9.93e-06,0.3548,0.45,0.216,0.3333,0.4333,0.2178
31,89040,2791,2875,9.93e-06,0.2837,0.4481,0.1978,0.2706,0.4099,0.1844
31,89060,2811,2875,9.93e-06,0.2111,0.3499,0.1744,0.2004,0.345,0.17
31,89080,2831,2875,9.93e-06,0.2668,0.3351,0.1876,0.2509,0.3126,0.1795
31,89100,2851,2875,9.93e-06,0.1926,0.2631,0.1709,0.1491,0.2619,0.1655
31,89120,2871,2875,9.93e-06,0.1567,0.259,0.1549,0.1376,0.2604,0.1535
32,89140,16,2875,9.19e-06,0.2553,0.3171,0.1897,0.2255,0.3022,0.1844
32,89160,36,2875,9.19e-06,0.2449,0.1444,0.1436,0.2154,0.1247,0.1352
32,89180,56,2875,9.19e-06,0.3238,0.3472,0.1911,0.289,0.3355,0.1863
32,89200,76,2875,9.19e-06,0.3137,0.2763,0.1744,0.2509,0.2496,0.164
32,89220,96,2875,9.19e-06,0.2655,0.2937,0.174,0.2403,0.2786,0.1637
32,89240,116,2875,9.19e-06,0.2621,0.3302,0.176,0.2351,0.3334,0.1748
32,89260,136,2875,9.19e-06,0.2288,0.3185,0.1773,0.1974,0.2875,0.171
32,89280,156,2875,9.19e-06,0.174,0.2415,0.1531,0.1644,0.2248,0.1483
32,89300,176,2875,9.19e-06,0.2824,0.2807,0.1784,0.2655,0.2626,0.1667
32,89320,196,2875,9.19e-06,0.2832,0.3062,0.1823,0.2539,0.3039,0.1791
32,89340,216,2875,9.19e-06,0.2799,0.2781,0.1828,0.2659,0.266,0.1784
32,89360,236,2875,9.19e-06,0.3007,0.3385,0.1867,0.2896,0.3198,0.1791
32,89380,256,2875,9.19e-06,0.2603,0.3222,0.1766,0.2406,0.2999,0.1737
32,89400,276,2875,9.19e-06,0.2551,0.2968,0.1837,0.2575,0.2871,0.1767
32,89420,296,2875,9.19e-06,0.1734,0.2564,0.1678,0.1623,0.2572,0.1702
32,89440,316,2875,9.19e-06,0.2957,0.3087,0.1805,0.285,0.2986,0.1764
32,89460,336,2875,9.19e-06,0.187,0.3287,0.1996,0.1651,0.3019,0.1921
32,89480,356,2875,9.19e-06,0.254,0.2357,0.1612,0.2144,0.2159,0.1551
32,89500,376,2875,9.19e-06,0.3113,0.4848,0.2233,0.2725,0.4496,0.2012
32,89520,396,2875,9.19e-06,0.2606,0.3139,0.1731,0.2473,0.3202,0.169
32,89540,416,2875,9.19e-06,0.2339,0.2444,0.1596,0.1952,0.2291,0.1521
32,89560,436,2875,9.19e-06,0.2337,0.3515,0.2206,0.2209,0.3311,0.2123
32,89580,456,2875,9.19e-06,0.2463,0.3395,0.1879,0.2377,0.3343,0.1823
32,89600,476,2875,9.19e-06,0.2906,0.3522,0.1916,0.2736,0.3373,0.1819
32,89620,496,2875,9.19e-06,0.207,0.3457,0.1825,0.1986,0.3422,0.1775
32,89640,516,2875,9.19e-06,0.2408,0.2905,0.17,0.2273,0.2872,0.1649
32,89660,536,2875,9.19e-06,0.2948,0.3414,0.1807,0.2644,0.332,0.1724
32,89680,556,2875,9.19e-06,0.2785,0.317,0.1874,0.2709,0.3009,0.1851
32,89700,576,2875,9.19e-06,0.2124,0.3378,0.1928,0.2202,0.3372,0.1941
32,89720,596,2875,9.19e-06,0.2549,0.2744,0.1602,0.2095,0.2648,0.1547
32,89740,616,2875,9.19e-06,0.2404,0.3637,0.1754,0.229,0.3336,0.1702
32,89760,636,2875,9.19e-06,0.2535,0.3112,0.1701,0.2348,0.2995,0.1677
32,89780,656,2875,9.19e-06,0.26,0.2822,0.1761,0.2272,0.2577,0.1664
32,89800,676,2875,9.19e-06,0.3005,0.2493,0.1625,0.2676,0.2731,0.1655
32,89820,696,2875,9.19e-06,0.2537,0.2563,0.1728,0.2279,0.2566,0.1705
32,89840,716,2875,9.19e-06,0.2811,0.4187,0.2074,0.2674,0.3989,0.2004
32,89860,736,2875,9.19e-06,0.2659,0.355,0.1911,0.2382,0.3336,0.1811
32,89880,756,2875,9.19e-06,0.2437,0.3793,0.2094,0.2258,0.3617,0.2065
32,89900,776,2875,9.19e-06,0.2712,0.3453,0.2126,0.2662,0.3126,0.1993
32,89920,796,2875,9.19e-06,0.2345,0.2845,0.1769,0.2229,0.2831,0.1744
32,89940,816,2875,9.19e-06,0.2424,0.2565,0.1673,0.2205,0.2493,0.1634
32,89960,836,2875,9.19e-06,0.2066,0.3109,0.1699,0.1822,0.2797,0.1618
32,89980,856,2875,9.19e-06,0.1824,0.2646,0.1662,0.1691,0.2511,0.1613
32,90000,876,2875,9.19e-06,0.2055,0.3565,0.1818,0.1992,0.3509,0.1792
32,90020,896,2875,9.19e-06,0.191,0.2376,0.1517,0.1715,0.2442,0.1489
32,90040,916,2875,9.19e-06,0.3088,0.3186,0.1938,0.2835,0.2874,0.183
32,90060,936,2875,9.19e-06,0.2019,0.3187,0.1717,0.1859,0.2944,0.1641
32,90080,956,2875,9.19e-06,0.2484,0.2722,0.1854,0.2227,0.2622,0.1806
32,90100,976,2875,9.19e-06,0.2939,0.3372,0.1647,0.2909,0.2882,0.1536
32,90120,996,2875,9.19e-06,0.3197,0.3501,0.1874,0.3074,0.3431,0.1852
32,90140,1016,2875,9.19e-06,0.2451,0.3146,0.182,0.2181,0.3026,0.181
32,90160,1036,2875,9.19e-06,0.2439,0.2719,0.1835,0.2169,0.2512,0.1739
32,90180,1056,2875,9.19e-06,0.2454,0.312,0.1863,0.2293,0.2986,0.1753
32,90200,1076,2875,9.19e-06,0.2673,0.3223,0.1849,0.2359,0.3069,0.1783
32,90220,1096,2875,9.19e-06,0.2243,0.2665,0.1779,0.1845,0.2518,0.171
32,90240,1116,2875,9.19e-06,0.2271,0.3387,0.1882,0.2104,0.3028,0.1757
32,90260,1136,2875,9.19e-06,0.3513,0.3702,0.2142,0.3412,0.3582,0.2141
32,90280,1156,2875,9.19e-06,0.2735,0.3008,0.1879,0.2603,0.2802,0.1802
32,90300,1176,2875,9.19e-06,0.219,0.31,0.1867,0.2042,0.3007,0.1827
32,90320,1196,2875,9.19e-06,0.3638,0.2665,0.172,0.317,0.2428,0.1584
32,90340,1216,2875,9.19e-06,0.2437,0.3043,0.1854,0.2149,0.2934,0.1796
32,90360,1236,2875,9.19e-06,0.249,0.2799,0.178,0.2218,0.2698,0.1693
32,90380,1256,2875,9.19e-06,0.2331,0.3499,0.1817,0.2189,0.3402,0.1829
32,90400,1276,2875,9.19e-06,0.517,0.4004,0.1852,0.5102,0.3972,0.1821
32,90420,1296,2875,9.19e-06,0.3185,0.3799,0.2074,0.3028,0.3532,0.1977
32,90440,1316,2875,9.19e-06,0.2443,0.3179,0.1833,0.2235,0.3065,0.186
32,90460,1336,2875,9.19e-06,0.2373,0.2801,0.1856,0.2019,0.2488,0.1747
32,90480,1356,2875,9.19e-06,0.231,0.3975,0.2122,0.2135,0.3822,0.2095
32,90500,1376,2875,9.19e-06,0.3626,0.404,0.2148,0.3318,0.3755,0.2026
32,90520,1396,2875,9.19e-06,0.2212,0.284,0.1736,0.1896,0.2717,0.1657
32,90540,1416,2875,9.19e-06,0.2307,0.3621,0.1789,0.2072,0.3446,0.1717
32,90560,1436,2875,9.19e-06,0.2692,0.2655,0.1696,0.2581,0.2486,0.1636
32,90580,1456,2875,9.19e-06,0.2753,0.3456,0.2412,0.2175,0.3059,0.2044
32,90600,1476,2875,9.19e-06,0.242,0.324,0.1757,0.2255,0.319,0.1708
32,90620,1496,2875,9.19e-06,0.2148,0.2163,0.1648,0.1886,0.2068,0.1597
32,90640,1516,2875,9.19e-06,0.2554,0.2712,0.1714,0.233,0.2725,0.1693
32,90660,1536,2875,9.19e-06,0.2661,0.3608,0.1965,0.244,0.3448,0.192
32,90680,1556,2875,9.19e-06,0.2538,0.314,0.1855,0.2423,0.3036,0.1777
32,90700,1576,2875,9.19e-06,0.2201,0.326,0.1763,0.1981,0.319,0.1707
32,90720,1596,2875,9.19e-06,0.234,0.2804,0.1753,0.228,0.2805,0.1713
32,90740,1616,2875,9.19e-06,0.2788,0.4111,0.203,0.2736,0.4104,0.2003
32,90760,1636,2875,9.19e-06,0.3275,0.2765,0.1741,0.295,0.2628,0.1662
32,90780,1656,2875,9.19e-06,0.2434,0.2456,0.1451,0.2139,0.222,0.1326
32,90800,1676,2875,9.19e-06,0.3123,0.2955,0.1849,0.2829,0.2835,0.1816
32,90820,1696,2875,9.19e-06,0.2326,0.3476,0.1846,0.2264,0.3336,0.1822
32,90840,1716,2875,9.19e-06,0.2407,0.279,0.1658,0.2321,0.2832,0.1643
32,90860,1736,2875,9.19e-06,0.3074,0.3363,0.185,0.2888,0.2995,0.1729
32,90880,1756,2875,9.19e-06,0.2517,0.3118,0.1839,0.2239,0.3109,0.179
32,90900,1776,2875,9.19e-06,0.1908,0.3294,0.1842,0.1804,0.315,0.1785
32,90920,1796,2875,9.19e-06,0.1926,0.255,0.1591,0.1769,0.2441,0.1545
32,90940,1816,2875,9.19e-06,0.2963,0.3647,0.1868,0.2805,0.3243,0.1733
32,90960,1836,2875,9.19e-06,0.2872,0.3467,0.1881,0.2743,0.338,0.1835
32,90980,1856,2875,9.19e-06,0.3077,0.2656,0.1796,0.2803,0.2498,0.169
32,91000,1876,2875,9.19e-06,0.2581,0.296,0.1757,0.2503,0.2768,0.1704
32,91020,1896,2875,9.19e-06,0.2053,0.3526,0.2048,0.1987,0.3337,0.1928
32,91040,1916,2875,9.19e-06,0.2207,0.3336,0.1803,0.211,0.3168,0.1804
32,91060,1936,2875,9.19e-06,0.2712,0.3893,0.2147,0.2712,0.388,0.205
32,91080,1956,2875,9.19e-06,0.261,0.2978,0.1656,0.2402,0.2731,0.1545
32,91100,1976,2875,9.19e-06,0.2664,0.3438,0.1987,0.2335,0.32,0.1963
32,91120,1996,2875,9.19e-06,0.2235,0.2257,0.1577,0.199,0.1937,0.1488
32,91140,2016,2875,9.19e-06,0.3202,0.2958,0.1725,0.284,0.2767,0.1633
32,91160,2036,2875,9.19e-06,0.2775,0.4211,0.2218,0.2898,0.3876,0.2182
32,91180,2056,2875,9.19e-06,0.2371,0.2794,0.1512,0.2032,0.2444,0.1398
32,91200,2076,2875,9.19e-06,0.2273,0.3323,0.1763,0.2105,0.3239,0.1705
32,91220,2096,2875,9.19e-06,0.2808,0.3141,0.1717,0.2568,0.2947,0.167
32,91240,2116,2875,9.19e-06,0.262,0.2949,0.1752,0.2348,0.2877,0.1722
32,91260,2136,2875,9.19e-06,0.2552,0.2684,0.1603,0.2363,0.268,0.156
32,91280,2156,2875,9.19e-06,0.2839,0.3115,0.1761,0.2785,0.3,0.169
32,91300,2176,2875,9.19e-06,0.2378,0.3486,0.188,0.2245,0.3285,0.1806
32,91320,2196,2875,9.19e-06,0.3141,0.1992,0.1547,0.298,0.1916,0.1501
32,91340,2216,2875,9.19e-06,0.2446,0.2468,0.1632,0.2215,0.2327,0.1549
32,91360,2236,2875,9.19e-06,0.379,0.3638,0.2164,0.3296,0.329,0.2055
32,91380,2256,2875,9.19e-06,0.2268,0.3335,0.1677,0.204,0.3335,0.1667
32,91400,2276,2875,9.19e-06,0.3187,0.3329,0.2092,0.2922,0.3334,0.211
32,91420,2296,2875,9.19e-06,0.2462,0.2587,0.1793,0.222,0.24,0.1727
32,91440,2316,2875,9.19e-06,0.2689,0.3742,0.1904,0.2525,0.3602,0.1839
32,91460,2336,2875,9.19e-06,0.2694,0.2727,0.157,0.2543,0.236,0.1442
32,91480,2356,2875,9.19e-06,0.3011,0.3801,0.2084,0.2776,0.363,0.2003
32,91500,2376,2875,9.19e-06,0.3022,0.3138,0.1839,0.2846,0.3105,0.1781
32,91520,2396,2875,9.19e-06,0.2422,0.3467,0.1901,0.2272,0.3261,0.1826
32,91540,2416,2875,9.19e-06,0.2895,0.3791,0.2218,0.2655,0.3376,0.2078
32,91560,2436,2875,9.19e-06,0.2487,0.2886,0.1621,0.2188,0.2695,0.1559
32,91580,2456,2875,9.19e-06,0.226,0.4195,0.2117,0.2091,0.3927,0.2067
32,91600,2476,2875,9.19e-06,0.3318,0.2572,0.1601,0.3107,0.2537,0.1561
32,91620,2496,2875,9.19e-06,0.2468,0.3141,0.1859,0.2136,0.2926,0.1769
32,91640,2516,2875,9.19e-06,0.2429,0.3745,0.1913,0.2325,0.352,0.186
32,91660,2536,2875,9.19e-06,0.166,0.29,0.1648,0.1457,0.2961,0.1623
32,91680,2556,2875,9.19e-06,0.2376,0.3083,0.1754,0.2147,0.3073,0.169
32,91700,2576,2875,9.19e-06,0.231,0.3956,0.1943,0.2267,0.3902,0.1907
32,91720,2596,2875,9.19e-06,0.2795,0.295,0.1839,0.2612,0.2848,0.1753
32,91740,2616,2875,9.19e-06,0.3065,0.3303,0.1815,0.2997,0.3172,0.1724
32,91760,2636,2875,9.19e-06,0.2507,0.3476,0.1789,0.2301,0.3304,0.1784
32,91780,2656,2875,9.19e-06,0.2052,0.2937,0.1712,0.1966,0.2977,0.1708
32,91800,2676,2875,9.19e-06,0.2759,0.2057,0.1721,0.2337,0.1808,0.1535
32,91820,2696,2875,9.19e-06,0.2738,0.2416,0.1564,0.2459,0.2243,0.1481
32,91840,2716,2875,9.19e-06,0.1988,0.2917,0.1612,0.1808,0.264,0.1536
32,91860,2736,2875,9.19e-06,0.229,0.3412,0.1811,0.212,0.3247,0.1732
32,91880,2756,2875,9.19e-06,0.3068,0.2967,0.1735,0.2834,0.2795,0.1677
32,91900,2776,2875,9.19e-06,0.3014,0.2934,0.1763,0.2754,0.2745,0.1682
32,91920,2796,2875,9.19e-06,0.2197,0.3047,0.1604,0.208,0.3024,0.1572
32,91940,2816,2875,9.19e-06,0.2387,0.3112,0.1882,0.2055,0.3012,0.1821
32,91960,2836,2875,9.19e-06,0.2427,0.369,0.1967,0.2265,0.3491,0.1873
32,91980,2856,2875,9.19e-06,0.2351,0.3327,0.1709,0.2235,0.3243,0.1673
33,92000,1,2875,8.47e-06,0.2161,0.3133,0.1752,0.1904,0.3115,0.1734
33,92020,21,2875,8.47e-06,0.3789,0.2894,0.1775,0.3036,0.2774,0.1663
33,92040,41,2875,8.47e-06,0.2629,0.3426,0.1751,0.2426,0.3191,0.1701
33,92060,61,2875,8.47e-06,0.4058,0.3184,0.1781,0.3185,0.3124,0.1713
33,92080,81,2875,8.47e-06,0.2292,0.2826,0.1711,0.2075,0.2703,0.1689
33,92100,101,2875,8.47e-06,0.2652,0.2215,0.1671,0.2351,0.223,0.1652
33,92120,121,2875,8.47e-06,0.2699,0.4583,0.2329,0.2498,0.434,0.222
33,92140,141,2875,8.47e-06,0.3219,0.4112,0.2099,0.32,0.3882,0.2009
33,92160,161,2875,8.47e-06,0.2641,0.2894,0.1812,0.2373,0.2571,0.1695
33,92180,181,2875,8.47e-06,0.2477,0.282,0.172,0.2291,0.2823,0.1642
33,92200,201,2875,8.47e-06,0.2645,0.2996,0.1864,0.2446,0.2842,0.1807
33,92220,221,2875,8.47e-06,0.2393,0.304,0.1829,0.2335,0.2905,0.1806
33,92240,241,2875,8.47e-06,0.1958,0.3219,0.1777,0.1776,0.3045,0.1702
33,92260,261,2875,8.47e-06,0.277,0.2735,0.1849,0.2423,0.2547,0.1767
33,92280,281,2875,8.47e-06,0.1857,0.2446,0.1752,0.1771,0.2414,0.1693
33,92300,301,2875,8.47e-06,0.3021,0.3094,0.1965,0.2629,0.3126,0.1927
33,92320,321,2875,8.47e-06,0.2598,0.3664,0.2041,0.2303,0.3579,0.2037
33,92340,341,2875,8.47e-06,0.2352,0.2722,0.1542,0.2009,0.2505,0.1468
33,92360,361,2875,8.47e-06,0.1778,0.2754,0.1683,0.1776,0.2635,0.1664
33,92380,381,2875,8.47e-06,0.2406,0.3229,0.1689,0.217,0.2833,0.1526
33,92400,401,2875,8.47e-06,0.2733,0.3062,0.1773,0.2581,0.2823,0.1622
33,92420,421,2875,8.47e-06,0.2424,0.2407,0.1689,0.2285,0.2318,0.1659
33,92440,441,2875,8.47e-06,0.221,0.268,0.1803,0.2273,0.2537,0.1826
33,92460,461,2875,8.47e-06,0.2092,0.2769,0.177,0.199,0.2685,0.1718
33,92480,481,2875,8.47e-06,0.2822,0.3392,0.1816,0.2733,0.322,0.1712
33,92500,501,2875,8.47e-06,0.2609,0.3231,0.1808,0.2148,0.3189,0.1739
33,92520,521,2875,8.47e-06,0.2542,0.3238,0.1724,0.2186,0.3199,0.1674
33,92540,541,2875,8.47e-06,0.3163,0.3137,0.2022,0.2719,0.2855,0.1861
33,92560,561,2875,8.47e-06,0.2571,0.2978,0.1961,0.2318,0.2843,0.1893
33,92580,581,2875,8.47e-06,0.2812,0.2993,0.1825,0.2461,0.2748,0.1696
33,92600,601,2875,8.47e-06,0.2883,0.154,0.1522,0.2969,0.1551,0.1469
33,92620,621,2875,8.47e-06,0.2286,0.2683,0.1675,0.2193,0.2377,0.1588
33,92640,641,2875,8.47e-06,0.3204,0.429,0.2394,0.3171,0.4121,0.2258
33,92660,661,2875,8.47e-06,0.2564,0.3517,0.1868,0.2209,0.3174,0.1755
33,92680,681,2875,8.47e-06,0.2483,0.3938,0.2102,0.2387,0.3523,0.1975
33,92700,701,2875,8.47e-06,0.2229,0.2562,0.1852,0.1977,0.2087,0.1729
33,92720,721,2875,8.47e-06,0.2346,0.3314,0.1736,0.2374,0.316,0.1655
33,92740,741,2875,8.47e-06,0.2547,0.3267,0.1781,0.2353,0.3059,0.1703
33,92760,761,2875,8.47e-06,0.299,0.3295,0.1718,0.2983,0.3186,0.1672
33,92780,781,2875,8.47e-06,0.2543,0.3023,0.1947,0.2277,0.3001,0.1888
33,92800,801,2875,8.47e-06,0.2281,0.3728,0.1869,0.2133,0.3415,0.1783
33,92820,821,2875,8.47e-06,0.222,0.2994,0.1785,0.2076,0.2808,0.1758
33,92840,841,2875,8.47e-06,0.2886,0.3705,0.2035,0.2711,0.3363,0.1886
33,92860,861,2875,8.47e-06,0.1897,0.2977,0.1767,0.1728,0.2828,0.1731
33,92880,881,2875,8.47e-06,0.2303,0.3016,0.1819,0.2133,0.2973,0.1779
33,92900,901,2875,8.47e-06,0.2036,0.2985,0.1759,0.188,0.293,0.172
33,92920,921,2875,8.47e-06,0.2065,0.3449,0.1801,0.1972,0.3362,0.178
33,92940,941,2875,8.47e-06,0.1879,0.3421,0.1762,0.158,0.3223,0.1677
33,92960,961,2875,8.47e-06,0.2295,0.329,0.1823,0.2128,0.3125,0.1759
33,92980,981,2875,8.47e-06,0.1982,0.2665,0.1572,0.1735,0.2489,0.1512
33,93000,1001,2875,8.47e-06,0.3484,0.3888,0.2346,0.3622,0.3858,0.2299
33,93020,1021,2875,8.47e-06,0.2204,0.267,0.1747,0.1801,0.2577,0.1677
33,93040,1041,2875,8.47e-06,0.2646,0.2922,0.1731,0.2452,0.2779,0.1682
33,93060,1061,2875,8.47e-06,0.2633,0.3126,0.1758,0.2402,0.303,0.1708
33,93080,1081,2875,8.47e-06,0.2613,0.441,0.2032,0.2399,0.4174,0.1933
33,93100,1101,2875,8.47e-06,0.3405,0.295,0.1919,0.3082,0.2912,0.1891
33,93120,1121,2875,8.47e-06,0.2854,0.3748,0.183,0.2596,0.3561,0.1765
33,93140,1141,2875,8.47e-06,0.2564,0.4321,0.2108,0.2498,0.4118,0.207
33,93160,1161,2875,8.47e-06,0.2895,0.4017,0.1935,0.2858,0.3826,0.1966
33,93180,1181,2875,8.47e-06,0.3209,0.317,0.1837,0.309,0.2943,0.1753
33,93200,1201,2875,8.47e-06,0.2115,0.3682,0.228,0.2004,0.3717,0.2431
33,93220,1221,2875,8.47e-06,0.318,0.3659,0.1715,0.2762,0.3568,0.1642
33,93240,1241,2875,8.47e-06,0.195,0.3165,0.1989,0.1729,0.2984,0.1945
33,93260,1261,2875,8.47e-06,0.1835,0.2613,0.1645,0.1676,0.2682,0.1597
33,93280,1281,2875,8.47e-06,0.181,0.3156,0.1727,0.1594,0.305,0.1664
33,93300,1301,2875,8.47e-06,0.218,0.2419,0.1669,0.1947,0.2365,0.1609
33,93320,1321,2875,8.47e-06,0.2088,0.3467,0.1869,0.196,0.3386,0.1817
33,93340,1341,2875,8.47e-06,0.1953,0.2371,0.1645,0.1848,0.2245,0.1636
33,93360,1361,2875,8.47e-06,0.2149,0.2465,0.158,0.2033,0.2348,0.1549
33,93380,1381,2875,8.47e-06,0.3396,0.2982,0.1837,0.3168,0.2945,0.1803
33,93400,1401,2875,8.47e-06,0.2517,0.2807,0.1887,0.2379,0.2938,0.1861
33,93420,1421,2875,8.47e-06,0.2508,0.2632,0.1888,0.2332,0.2709,0.1821
33,93440,1441,2875,8.47e-06,0.2774,0.2782,0.1841,0.2508,0.2804,0.1767
33,93460,1461,2875,8.47e-06,0.2492,0.3344,0.1935,0.2286,0.3327,0.1935
33,93480,1481,2875,8.47e-06,0.3314,0.3136,0.2004,0.3082,0.2902,0.1911
33,93500,1501,2875,8.47e-06,0.2227,0.3556,0.182,0.2041,0.3496,0.1794
33,93520,1521,2875,8.47e-06,0.2676,0.334,0.1668,0.2563,0.2939,0.1585
33,93540,1541,2875,8.47e-06,0.2625,0.3735,0.1992,0.2366,0.3684,0.196
33,93560,1561,2875,8.47e-06,0.2449,0.2629,0.1638,0.2213,0.2406,0.1558
33,93580,1581,2875,8.47e-06,0.2395,0.3579,0.1811,0.2317,0.3442,0.1779
33,93600,1601,2875,8.47e-06,0.269,0.415,0.213,0.2535,0.4064,0.2139
33,93620,1621,2875,8.47e-06,0.2563,0.341,0.1774,0.2489,0.3183,0.1706
33,93640,1641,2875,8.47e-06,0.2713,0.2896,0.1757,0.2383,0.2865,0.1689
33,93660,1661,2875,8.47e-06,0.2112,0.3231,0.1749,0.1842,0.3004,0.1722
33,93680,1681,2875,8.47e-06,0.2767,0.3167,0.1851,0.2661,0.2871,0.1699
33,93700,1701,2875,8.47e-06,0.3064,0.3582,0.1907,0.3013,0.3414,0.184
33,93720,1721,2875,8.47e-06,0.2351,0.3319,0.178,0.2319,0.3115,0.176
33,93740,1741,2875,8.47e-06,0.3237,0.3544,0.2024,0.2946,0.3244,0.1925
33,93760,1761,2875,8.47e-06,0.2933,0.3066,0.1811,0.2697,0.2903,0.1713
33,93780,1781,2875,8.47e-06,0.32,0.3391,0.1905,0.2868,0.3006,0.1797
33,93800,1801,2875,8.47e-06,0.2142,0.3574,0.1927,0.1965,0.3489,0.1879
33,93820,1821,2875,8.47e-06,0.1903,0.3007,0.1812,0.173,0.2972,0.1832
33,93840,1841,2875,8.47e-06,0.2486,0.286,0.1738,0.2471,0.2825,0.1675
33,93860,1861,2875,8.47e-06,0.2216,0.2807,0.1827,0.2094,0.2734,0.1781
33,93880,1881,2875,8.47e-06,0.3449,0.3034,0.1804,0.3235,0.2899,0.1707
33,93900,1901,2875,8.47e-06,0.3591,0.4286,0.2087,0.3386,0.4009,0.1992
33,93920,1921,2875,8.47e-06,0.2527,0.2744,0.1698,0.234,0.257,0.1617
33,93940,1941,2875,8.47e-06,0.249,0.2243,0.1638,0.2155,0.2228,0.1575
33,93960,1961,2875,8.47e-06,0.2332,0.2568,0.1855,0.1997,0.2573,0.1849
33,93980,1981,2875,8.47e-06,0.2366,0.2274,0.1835,0.1935,0.2219,0.1821
33,94000,2001,2875,8.47e-06,0.2215,0.3276,0.1928,0.1845,0.3095,0.1845
33,94020,2021,2875,8.47e-06,0.3626,0.3684,0.1951,0.3591,0.3547,0.1924
33,94040,2041,2875,8.47e-06,0.2291,0.3219,0.1838,0.1988,0.3108,0.176
33,94060,2061,2875,8.47e-06,0.1982,0.2507,0.1552,0.1948,0.2401,0.1507
33,94080,2081,2875,8.47e-06,0.2143,0.3519,0.1799,0.2115,0.333,0.1734
33,94100,2101,2875,8.47e-06,0.1729,0.2515,0.1656,0.1644,0.2296,0.1592
33,94120,2121,2875,8.47e-06,0.2581,0.2907,0.1797,0.2498,0.2715,0.1728
33,94140,2141,2875,8.47e-06,0.2147,0.2737,0.1659,0.1734,0.2535,0.1589
33,94160,2161,2875,8.47e-06,0.2402,0.3562,0.1789,0.2327,0.3393,0.1688
33,94180,2181,2875,8.47e-06,0.2053,0.371,0.2171,0.1809,0.3524,0.2142
33,94200,2201,2875,8.47e-06,0.2214,0.2974,0.19,0.2119,0.3005,0.1873
33,94220,2221,2875,8.47e-06,0.2484,0.2876,0.1652,0.2274,0.2753,0.1601
33,94240,2241,2875,8.47e-06,0.2584,0.3663,0.2043,0.2537,0.3432,0.2004
33,94260,2261,2875,8.47e-06,0.2509,0.3006,0.1853,0.2284,0.2946,0.1818
33,94280,2281,2875,8.47e-06,0.3945,0.323,0.2067,0.3643,0.3161,0.2009
33,94300,2301,2875,8.47e-06,0.1934,0.2448,0.1684,0.1805,0.237,0.1653
33,94320,2321,2875,8.47e-06,0.2501,0.2322,0.159,0.2366,0.2115,0.1539
33,94340,2341,2875,8.47e-06,0.2158,0.3045,0.1783,0.2054,0.2993,0.1777
33,94360,2361,2875,8.47e-06,0.2455,0.3616,0.1708,0.2286,0.3451,0.1643
33,94380,2381,2875,8.47e-06,0.3464,0.4621,0.2363,0.3242,0.4393,0.2239
33,94400,2401,2875,8.47e-06,0.1687,0.2077,0.1459,0.1566,0.194,0.1466
33,94420,2421,2875,8.47e-06,0.2255,0.2783,0.2049,0.1936,0.2481,0.1864
33,94440,2441,2875,8.47e-06,0.206,0.3209,0.1817,0.2011,0.304,0.1748
33,94460,2461,2875,8.47e-06,0.3781,0.2529,0.1738,0.3778,0.2317,0.1615
33,94480,2481,2875,8.47e-06,0.3131,0.3515,0.1961,0.2975,0.3536,0.1898
33,94500,2501,2875,8.47e-06,0.4318,0.4522,0.2014,0.3743,0.4436,0.1958
33,94520,2521,2875,8.47e-06,0.2118,0.2944,0.1854,0.1819,0.2789,0.1816
33,94540,2541,2875,8.47e-06,0.3209,0.3634,0.1947,0.2885,0.3515,0.1837
33,94560,2561,2875,8.47e-06,0.266,0.4076,0.1992,0.2532,0.4086,0.1952
33,94580,2581,2875,8.47e-06,0.2681,0.3298,0.1818,0.2607,0.3144,0.176
33,94600,2601,2875,8.47e-06,0.2824,0.3899,0.2071,0.265,0.3691,0.1985
33,94620,2621,2875,8.47e-06,0.243,0.3285,0.1732,0.214,0.3245,0.1659
33,94640,2641,2875,8.47e-06,0.2687,0.324,0.2009,0.234,0.3147,0.1955
33,94660,2661,2875,8.47e-06,0.2096,0.3178,0.171,0.1985,0.289,0.1687
33,94680,2681,2875,8.47e-06,0.3615,0.3101,0.1937,0.3373,0.292,0.1855
33,94700,2701,2875,8.47e-06,0.275,0.3453,0.1816,0.2473,0.3287,0.1793
33,94720,2721,2875,8.47e-06,0.2699,0.3744,0.2157,0.2611,0.386,0.2185
33,94740,2741,2875,8.47e-06,0.2249,0.2976,0.1887,0.2012,0.2835,0.1805
33,94760,2761,2875,8.47e-06,0.5018,0.2629,0.178,0.4896,0.2466,0.1702
33,94780,2781,2875,8.47e-06,0.3042,0.3521,0.1593,0.304,0.3094,0.1399
33,94800,2801,2875,8.47e-06,0.2865,0.3291,0.1736,0.2621,0.3121,0.169
33,94820,2821,2875,8.47e-06,0.2828,0.3284,0.1915,0.2692,0.3157,0.1854
33,94840,2841,2875,8.47e-06,0.2516,0.2438,0.1599,0.2372,0.2256,0.1505
33,94860,2861,2875,8.47e-06,0.3143,0.4078,0.1898,0.286,0.3928,0.1816
34,94880,6,2875,7.77e-06,0.2379,0.2763,0.1715,0.1992,0.2326,0.1569
34,94900,26,2875,7.77e-06,0.2475,0.3495,0.1842,0.2292,0.3468,0.1806
34,94920,46,2875,7.77e-06,0.2586,0.3477,0.1804,0.2526,0.3236,0.1689
34,94940,66,2875,7.77e-06,0.2651,0.3388,0.1733,0.2377,0.3444,0.1753
34,94960,86,2875,7.77e-06,0.207,0.267,0.1702,0.1757,0.254,0.1686
34,94980,106,2875,7.77e-06,0.2597,0.2999,0.1906,0.2442,0.2892,0.1858
34,95000,126,2875,7.77e-06,0.2422,0.3902,0.1968,0.2242,0.3689,0.1888
34,95020,146,2875,7.77e-06,0.252,0.342,0.2065,0.1996,0.3087,0.1991
34,95040,166,2875,7.77e-06,0.2528,0.3374,0.187,0.2305,0.3217,0.1788
34,95060,186,2875,7.77e-06,0.3342,0.3171,0.1718,0.3013,0.2876,0.1599
34,95080,206,2875,7.77e-06,0.3055,0.3492,0.1884,0.2807,0.3355,0.1814
34,95100,226,2875,7.77e-06,0.2753,0.3563,0.182,0.2448,0.3174,0.1725
34,95120,246,2875,7.77e-06,0.2716,0.4083,0.2047,0.2775,0.3841,0.1969
34,95140,266,2875,7.77e-06,0.229,0.2979,0.1937,0.205,0.2856,0.186
34,95160,286,2875,7.77e-06,0.3212,0.2601,0.1747,0.2612,0.2325,0.158
34,95180,306,2875,7.77e-06,0.1995,0.3035,0.1709,0.1711,0.2994,0.1675
34,95200,326,2875,7.77e-06,0.2267,0.4085,0.1997,0.2261,0.3847,0.1949
34,95220,346,2875,7.77e-06,0.2591,0.3349,0.2113,0.2536,0.3155,0.2051
34,95240,366,2875,7.77e-06,0.3541,0.3508,0.1984,0.3186,0.3175,0.1847
34,95260,386,2875,7.77e-06,0.2602,0.2898,0.1751,0.229,0.2781,0.1724
34,95280,406,2875,7.77e-06,0.2458,0.3195,0.1781,0.2308,0.2976,0.168
34,95300,426,2875,7.77e-06,0.3026,0.3632,0.2064,0.2728,0.3183,0.1923
34,95320,446,2875,7.77e-06,0.2765,0.3142,0.1886,0.2648,0.3062,0.1839
34,95340,466,2875,7.77e-06,0.2425,0.2627,0.1602,0.229,0.2606,0.1551
34,95360,486,2875,7.77e-06,0.3907,0.3576,0.2006,0.3655,0.3484,0.1932
34,95380,506,2875,7.77e-06,0.2928,0.2731,0.1814,0.2616,0.2646,0.1724
34,95400,526,2875,7.77e-06,0.2686,0.2949,0.2022,0.2451,0.289,0.199
34,95420,546,2875,7.77e-06,0.2238,0.3543,0.1869,0.1998,0.3359,0.1821
34,95440,566,2875,7.77e-06,0.3167,0.364,0.1913,0.2977,0.3506,0.1888
34,95460,586,2875,7.77e-06,0.2508,0.2688,0.1709,0.2568,0.2574,0.1634
34,95480,606,2875,7.77e-06,0.2112,0.2815,0.1665,0.202,0.273,0.1652
34,95500,626,2875,7.77e-06,0.2649,0.2907,0.1805,0.2342,0.2737,0.1697
34,95520,646,2875,7.77e-06,0.2639,0.3237,0.1913,0.2423,0.333,0.1904
34,95540,666,2875,7.77e-06,0.2271,0.2557,0.1556,0.2198,0.2577,0.1548
34,95560,686,2875,7.77e-06,0.2735,0.2985,0.1919,0.2702,0.2847,0.1848
34,95580,706,2875,7.77e-06,0.3263,0.2667,0.1698,0.3032,0.2524,0.1652
34,95600,726,2875,7.77e-06,0.1827,0.3261,0.1801,0.16,0.3079,0.175
34,95620,746,2875,7.77e-06,0.2062,0.2229,0.1648,0.1942,0.2263,0.163
34,95640,766,2875,7.77e-06,0.2849,0.3626,0.1871,0.2728,0.3477,0.1807
34,95660,786,2875,7.77e-06,0.3688,0.3862,0.1987,0.3463,0.3606,0.1948
34,95680,806,2875,7.77e-06,0.2154,0.272,0.1683,0.1918,0.2525,0.1591
34,95700,826,2875,7.77e-06,0.2288,0.2959,0.1697,0.2166,0.2782,0.1627
34,95720,846,2875,7.77e-06,0.2783,0.4276,0.2192,0.256,0.4134,0.2147
34,95740,866,2875,7.77e-06,0.2445,0.34,0.1976,0.231,0.3282,0.1922
34,95760,886,2875,7.77e-06,0.2377,0.2991,0.1837,0.2231,0.2923,0.1784
34,95780,906,2875,7.77e-06,0.1837,0.2854,0.1784,0.1605,0.266,0.1709
34,95800,926,2875,7.77e-06,0.2586,0.3159,0.1948,0.2337,0.3023,0.1843
34,95820,946,2875,7.77e-06,0.2183,0.3727,0.1844,0.1903,0.3678,0.1818
34,95840,966,2875,7.77e-06,0.2198,0.2856,0.167,0.1987,0.2738,0.1609
34,95860,986,2875,7.77e-06,0.2161,0.2409,0.1707,0.1842,0.2284,0.161
34,95880,1006,2875,7.77e-06,0.2161,0.2038,0.1456,0.1749,0.2032,0.1462
34,95900,1026,2875,7.77e-06,0.2928,0.3968,0.1869,0.2818,0.3965,0.1908
34,95920,1046,2875,7.77e-06,0.2178,0.3155,0.2006,0.1795,0.3107,0.1982
34,95940,1066,2875,7.77e-06,0.2545,0.338,0.1729,0.2431,0.3201,0.164
34,95960,1086,2875,7.77e-06,0.3164,0.2344,0.1679,0.259,0.2224,0.1639
34,95980,1106,2875,7.77e-06,0.3153,0.2579,0.1746,0.283,0.2424,0.1633
34,96000,1126,2875,7.77e-06,0.3221,0.2903,0.1782,0.3078,0.281,0.1725
34,96020,1146,2875,7.77e-06,0.2804,0.2543,0.1679,0.246,0.2604,0.1678
34,96040,1166,2875,7.77e-06,0.2033,0.3757,0.2167,0.1977,0.3733,0.2081
34,96060,1186,2875,7.77e-06,0.2238,0.4065,0.2068,0.1932,0.3925,0.1995
34,96080,1206,2875,7.77e-06,0.2316,0.3524,0.1728,0.2119,0.3006,0.1583
34,96100,1226,2875,7.77e-06,0.269,0.3525,0.1921,0.2071,0.3204,0.1867
34,96120,1246,2875,7.77e-06,0.3188,0.3155,0.2026,0.2979,0.3012,0.1963
34,96140,1266,2875,7.77e-06,0.4114,0.3887,0.2024,0.3861,0.398,0.1947
34,96160,1286,2875,7.77e-06,0.247,0.2428,0.1622,0.1992,0.2244,0.152
34,96180,1306,2875,7.77e-06,0.2733,0.3281,0.1807,0.2653,0.3136,0.1755
34,96200,1326,2875,7.77e-06,0.2451,0.245,0.1683,0.2168,0.2201,0.1609
34,96220,1346,2875,7.77e-06,0.2388,0.2517,0.1836,0.1887,0.2201,0.1697
34,96240,1366,2875,7.77e-06,0.2371,0.3055,0.193,0.2341,0.2892,0.1849
34,96260,1386,2875,7.77e-06,0.3853,0.4249,0.2268,0.3571,0.3909,0.2104
34,96280,1406,2875,7.77e-06,0.2227,0.4445,0.2057,0.2042,0.4103,0.1959
34,96300,1426,2875,7.77e-06,0.16,0.372,0.1807,0.1449,0.375,0.178
34,96320,1446,2875,7.77e-06,0.242,0.3202,0.194,0.211,0.3037,0.1901
34,96340,1466,2875,7.77e-06,0.2638,0.3008,0.1737,0.2474,0.28,0.1675
34,96360,1486,2875,7.77e-06,0.3254,0.2633,0.1764,0.2975,0.24,0.1699
34,96380,1506,2875,7.77e-06,0.2506,0.3618,0.1963,0.2474,0.3426,0.192
34,96400,1526,2875,7.77e-06,0.2297,0.2921,0.1716,0.2152,0.2688,0.1635
34,96420,1546,2875,7.77e-06,0.2591,0.3681,0.2092,0.2425,0.3452,0.202
34,96440,1566,2875,7.77e-06,0.2297,0.2468,0.1586,0.2106,0.2495,0.1556
34,96460,1586,2875,7.77e-06,0.2403,0.1637,0.1619,0.1995,0.1286,0.1444
34,96480,1606,2875,7.77e-06,0.2208,0.2781,0.1695,0.2014,0.2701,0.1584
34,96500,1626,2875,7.77e-06,0.2648,0.3361,0.1833,0.2478,0.322,0.1761
34,96520,1646,2875,7.77e-06,0.1759,0.3089,0.1707,0.151,0.2992,0.1667
34,96540,1666,2875,7.77e-06,0.2652,0.2732,0.171,0.2334,0.2642,0.168
34,96560,1686,2875,7.77e-06,0.2157,0.2607,0.1646,0.2057,0.2435,0.1587
34,96580,1706,2875,7.77e-06,0.2102,0.2351,0.1566,0.1876,0.2187,0.1499
34,96600,1726,2875,7.77e-06,0.2879,0.353,0.2015,0.2644,0.3519,0.1932
34,96620,1746,2875,7.77e-06,0.2961,0.3544,0.19,0.273,0.3364,0.184
34,96640,1766,2875,7.77e-06,0.2195,0.2968,0.1776,0.207,0.2969,0.1766
34,96660,1786,2875,7.77e-06,0.3263,0.3938,0.1863,0.3111,0.3715,0.1798
34,96680,1806,2875,7.77e-06,0.3525,0.2849,0.1953,0.3176,0.244,0.1769
34,96700,1826,2875,7.77e-06,0.2306,0.3107,0.1912,0.2007,0.2912,0.1854
34,96720,1846,2875,7.77e-06,0.2391,0.3033,0.1771,0.2247,0.2846,0.1681
34,96740,1866,2875,7.77e-06,0.2294,0.4013,0.2021,0.216,0.3603,0.1894
34,96760,1886,2875,7.77e-06,0.1776,0.3054,0.1772,0.1509,0.3004,0.1762
34,96780,1906,2875,7.77e-06,0.2124,0.2976,0.1671,0.1936,0.287,0.1642
34,96800,1926,2875,7.77e-06,0.2848,0.3109,0.1902,0.2729,0.2966,0.1829
34,96820,1946,2875,7.77e-06,0.207,0.327,0.1757,0.1958,0.3153,0.174
34,96840,1966,2875,7.77e-06,0.288,0.3525,0.1924,0.2561,0.3198,0.1787
34,96860,1986,2875,7.77e-06,0.1834,0.2719,0.1655,0.1512,0.2593,0.1609
34,96880,2006,2875,7.77e-06,0.2698,0.2874,0.1656,0.2598,0.2718,0.1627
34,96900,2026,2875,7.77e-06,0.2204,0.375,0.1796,0.2163,0.3707,0.1775
34,96920,2046,2875,7.77e-06,0.2271,0.2547,0.1564,0.2189,0.25,0.1498
34,96940,2066,2875,7.77e-06,0.2755,0.2915,0.1671,0.2592,0.2992,0.1661
34,96960,2086,2875,7.77e-06,0.2707,0.3214,0.1766,0.2746,0.3048,0.1694
34,96980,2106,2875,7.77e-06,0.1926,0.2049,0.1403,0.1739,0.1818,0.1299
34,97000,2126,2875,7.77e-06,0.2351,0.2908,0.1593,0.2007,0.2825,0.1557
34,97020,2146,2875,7.77e-06,0.2526,0.4295,0.1947,0.2431,0.422,0.1919
34,97040,2166,2875,7.77e-06,0.1727,0.2666,0.1755,0.1547,0.2487,0.1671
34,97060,2186,2875,7.77e-06,0.3143,0.3248,0.1881,0.3081,0.3205,0.1847
34,97080,2206,2875,7.77e-06,0.2917,0.2292,0.1717,0.2317,0.228,0.1681
34,97100,2226,2875,7.77e-06,0.2595,0.3012,0.1979,0.2216,0.2725,0.1925
34,97120,2246,2875,7.77e-06,0.2544,0.3814,0.1812,0.2406,0.3612,0.174
34,97140,2266,2875,7.77e-06,0.2232,0.2919,0.166,0.2039,0.2779,0.1621
34,97160,2286,2875,7.77e-06,0.2703,0.2826,0.1833,0.2598,0.2609,0.1808
34,97180,2306,2875,7.77e-06,0.2069,0.2716,0.1651,0.1899,0.274,0.1623
34,97200,2326,2875,7.77e-06,0.2837,0.2917,0.1843,0.2556,0.2865,0.1779
34,97220,2346,2875,7.77e-06,0.2,0.303,0.1783,0.1914,0.2766,0.1653
34,97240,2366,2875,7.77e-06,0.3521,0.3131,0.1864,0.3515,0.289,0.1729
34,97260,2386,2875,7.77e-06,0.2691,0.3279,0.175,0.2418,0.3105,0.1717
34,97280,2406,2875,7.77e-06,0.2675,0.273,0.1723,0.2373,0.2673,0.1686
34,97300,2426,2875,7.77e-06,0.2412,0.381,0.2052,0.2272,0.3692,0.2027
34,97320,2446,2875,7.77e-06,0.2665,0.3135,0.1808,0.2449,0.304,0.1787
34,97340,2466,2875,7.77e-06,0.2409,0.3014,0.1723,0.2136,0.2832,0.1679
34,97360,2486,2875,7.77e-06,0.189,0.2561,0.1627,0.1653,0.251,0.1622
34,97380,2506,2875,7.77e-06,0.1766,0.3156,0.1744,0.17,0.3108,0.1704
34,97400,2526,2875,7.77e-06,0.2814,0.3041,0.1878,0.261,0.2889,0.1863
34,97420,2546,2875,7.77e-06,0.2164,0.2397,0.157,0.1977,0.2283,0.1568
34,97440,2566,2875,7.77e-06,0.242,0.39,0.2104,0.2422,0.3693,0.2059
34,97460,2586,2875,7.77e-06,0.2869,0.3966,0.1981,0.2671,0.3821,0.1915
34,97480,2606,2875,7.77e-06,0.3727,0.3489,0.1955,0.3564,0.3321,0.189
34,97500,2626,2875,7.77e-06,0.2703,0.3581,0.1994,0.2477,0.3575,0.2015
34,97520,2646,2875,7.77e-06,0.2682,0.2997,0.1767,0.2421,0.2882,0.1741
34,97540,2666,2875,7.77e-06,0.2469,0.2869,0.1803,0.2249,0.2685,0.1736
34,97560,2686,2875,7.77e-06,0.3569,0.2682,0.1823,0.3262,0.2523,0.173
34,97580,2706,2875,7.77e-06,0.2145,0.3204,0.1932,0.1896,0.3134,0.1892
34,97600,2726,2875,7.77e-06,0.2404,0.3148,0.176,0.2209,0.3141,0.1714
34,97620,2746,2875,7.77e-06,0.1581,0.238,0.153,0.1362,0.2221,0.1477
34,97640,2766,2875,7.77e-06,0.233,0.2232,0.1666,0.2016,0.2225,0.164
34,97660,2786,2875,7.77e-06,0.2362,0.3506,0.1819,0.2396,0.3464,0.1776
34,97680,2806,2875,7.77e-06,0.1872,0.3026,0.1803,0.1678,0.2885,0.1761
34,97700,2826,2875,7.77e-06,0.2883,0.4377,0.2208,0.2744,0.4223,0.2208
34,97720,2846,2875,7.77e-06,0.3626,0.3146,0.2072,0.3677,0.3002,0.1985
34,97740,2866,2875,7.77e-06,0.2499,0.2687,0.1614,0.2231,0.2529,0.1548
35,97760,11,2875,7.1e-06,0.2563,0.3047,0.1776,0.2337,0.2949,0.1724
35,97780,31,2875,7.1e-06,0.2113,0.191,0.1521,0.1959,0.1836,0.1474
35,97800,51,2875,7.1e-06,0.2692,0.2706,0.186,0.2558,0.2735,0.1796
35,97820,71,2875,7.1e-06,0.2471,0.3206,0.1683,0.2298,0.3111,0.1641
35,97840,91,2875,7.1e-06,0.2362,0.4079,0.2029,0.226,0.3992,0.2007
35,97860,111,2875,7.1e-06,0.4778,0.5762,0.2733,0.4994,0.5092,0.2424
35,97880,131,2875,7.1e-06,0.3244,0.2987,0.1892,0.3078,0.3063,0.1914
35,97900,151,2875,7.1e-06,0.2122,0.2599,0.1599,0.1752,0.2431,0.1565
35,97920,171,2875,7.1e-06,0.1863,0.2591,0.1626,0.1639,0.2511,0.1571
35,97940,191,2875,7.1e-06,0.2461,0.2583,0.1715,0.2174,0.2345,0.167
35,97960,211,2875,7.1e-06,0.1838,0.2567,0.1624,0.1635,0.2463,0.1593
35,97980,231,2875,7.1e-06,0.2081,0.3248,0.1758,0.1698,0.306,0.1679
35,98000,251,2875,7.1e-06,0.2401,0.3274,0.1891,0.2117,0.3357,0.19
35,98020,271,2875,7.1e-06,0.2453,0.2586,0.1647,0.2399,0.2564,0.163
35,98040,291,2875,7.1e-06,0.2433,0.2502,0.1746,0.2247,0.2467,0.1691
35,98060,311,2875,7.1e-06,0.2335,0.3095,0.1673,0.1945,0.2911,0.1618
35,98080,331,2875,7.1e-06,0.2044,0.3134,0.2067,0.1696,0.3191,0.203
35,98100,351,2875,7.1e-06,0.2856,0.3785,0.2038,0.2696,0.3594,0.193
35,98120,371,2875,7.1e-06,0.2619,0.2481,0.154,0.2543,0.2369,0.1492
35,98140,391,2875,7.1e-06,0.2764,0.3685,0.1899,0.2416,0.3539,0.1869
35,98160,411,2875,7.1e-06,0.2773,0.3671,0.173,0.2561,0.3493,0.1682
35,98180,431,2875,7.1e-06,0.1956,0.3149,0.1811,0.1805,0.2845,0.1714
35,98200,451,2875,7.1e-06,0.3162,0.41,0.2013,0.3105,0.387,0.1931
35,98220,471,2875,7.1e-06,0.2491,0.3318,0.1868,0.231,0.3065,0.178
35,98240,491,2875,7.1e-06,0.2782,0.3544,0.1911,0.2671,0.3433,0.1853
35,98260,511,2875,7.1e-06,0.2436,0.2778,0.1742,0.2042,0.2652,0.1653
35,98280,531,2875,7.1e-06,0.2108,0.2843,0.1747,0.1846,0.2687,0.1676
35,98300,551,2875,7.1e-06,0.2261,0.3806,0.2074,0.218,0.3754,0.2042
35,98320,571,2875,7.1e-06,0.1913,0.2153,0.1526,0.1796,0.1989,0.1475
35,98340,591,2875,7.1e-06,0.2725,0.3206,0.1723,0.2446,0.3098,0.1693
35,98360,611,2875,7.1e-06,0.2226,0.3328,0.18,0.2038,0.318,0.1753
35,98380,631,2875,7.1e-06,0.2895,0.2957,0.1774,0.263,0.2861,0.1691
35,98400,651,2875,7.1e-06,0.2411,0.3239,0.1812,0.2326,0.3252,0.1809
35,98420,671,2875,7.1e-06,0.204,0.2549,0.1601,0.1949,0.2533,0.154
35,98440,691,2875,7.1e-06,0.2737,0.3258,0.166,0.2587,0.3061,0.1609
35,98460,711,2875,7.1e-06,0.2622,0.3306,0.1815,0.2392,0.314,0.1764
35,98480,731,2875,7.1e-06,0.248,0.2921,0.1768,0.2066,0.2659,0.1654
35,98500,751,2875,7.1e-06,0.231,0.2219,0.1665,0.2202,0.2096,0.1573
35,98520,771,2875,7.1e-06,0.2653,0.3391,0.1929,0.2503,0.3178,0.1875
35,98540,791,2875,7.1e-06,0.2263,0.4223,0.1953,0.2217,0.411,0.1887
35,98560,811,2875,7.1e-06,0.216,0.3194,0.1795,0.195,0.2924,0.1709
35,98580,831,2875,7.1e-06,0.246,0.3175,0.1802,0.2448,0.2894,0.1725
35,98600,851,2875,7.1e-06,0.2272,0.2857,0.1729,0.2036,0.2691,0.1642
35,98620,871,2875,7.1e-06,0.2704,0.2935,0.1762,0.2386,0.2808,0.172
35,98640,891,2875,7.1e-06,0.218,0.3138,0.1741,0.2044,0.3093,0.1681
35,98660,911,2875,7.1e-06,0.2383,0.2856,0.1844,0.2142,0.2548,0.1756
35,98680,931,2875,7.1e-06,0.2308,0.482,0.225,0.2207,0.4518,0.216
35,98700,951,2875,7.1e-06,0.2312,0.2554,0.165,0.2236,0.2523,0.1566
35,98720,971,2875,7.1e-06,0.2393,0.2279,0.1574,0.2151,0.2279,0.1519
35,98740,991,2875,7.1e-06,0.294,0.3637,0.1779,0.2798,0.3597,0.1703
35,98760,1011,2875,7.1e-06,0.204,0.3244,0.1791,0.1893,0.3049,0.1704
35,98780,1031,2875,7.1e-06,0.2623,0.317,0.1782,0.2551,0.3069,0.1744
35,98800,1051,2875,7.1e-06,0.1895,0.2245,0.1545,0.1715,0.2105,0.1501
35,98820,1071,2875,7.1e-06,0.2541,0.2723,0.1745,0.2278,0.2393,0.1651
35,98840,1091,2875,7.1e-06,0.1935,0.3108,0.1949,0.1868,0.2821,0.1854
35,98860,1111,2875,7.1e-06,0.265,0.3433,0.1791,0.2502,0.3186,0.1742
35,98880,1131,2875,7.1e-06,0.2455,0.3616,0.162,0.2196,0.3268,0.1486
35,98900,1151,2875,7.1e-06,0.2699,0.3129,0.1808,0.2515,0.2948,0.174
35,98920,1171,2875,7.1e-06,0.2733,0.3394,0.1904,0.2588,0.334,0.1825
35,98940,1191,2875,7.1e-06,0.2442,0.3134,0.169,0.2267,0.2962,0.1627
35,98960,1211,2875,7.1e-06,0.1895,0.3242,0.1683,0.168,0.3085,0.1636
35,98980,1231,2875,7.1e-06,0.3315,0.3242,0.1963,0.2913,0.3224,0.193
35,99000,1251,2875,7.1e-06,0.2615,0.2756,0.1639,0.2432,0.2706,0.1552
35,99020,1271,2875,7.1e-06,0.2256,0.3239,0.173,0.2033,0.3196,0.17
35,99040,1291,2875,7.1e-06,0.2273,0.3718,0.1827,0.2167,0.3612,0.1745
35,99060,1311,2875,7.1e-06,0.1791,0.2782,0.1759,0.1676,0.2836,0.1695
35,99080,1331,2875,7.1e-06,0.2727,0.2697,0.1882,0.2527,0.274,0.1834
35,99100,1351,2875,7.1e-06,0.1902,0.363,0.1984,0.1787,0.355,0.1936
35,99120,1371,2875,7.1e-06,0.2165,0.3473,0.1645,0.2095,0.3089,0.1521
35,99140,1391,2875,7.1e-06,0.1754,0.2605,0.1456,0.1483,0.2547,0.1443
35,99160,1411,2875,7.1e-06,0.1801,0.2491,0.1616,0.1475,0.2371,0.1543
35,99180,1431,2875,7.1e-06,0.2661,0.3229,0.1846,0.2547,0.2943,0.178
35,99200,1451,2875,7.1e-06,0.3072,0.3194,0.2086,0.2802,0.3114,0.2031
35,99220,1471,2875,7.1e-06,0.3885,0.3628,0.227,0.361,0.3485,0.2171
35,99240,1491,2875,7.1e-06,0.2497,0.279,0.1723,0.2225,0.2671,0.1663
35,99260,1511,2875,7.1e-06,0.2751,0.3798,0.1796,0.2628,0.3525,0.1687
35,99280,1531,2875,7.1e-06,0.2682,0.3281,0.1701,0.2641,0.3069,0.1621
35,99300,1551,2875,7.1e-06,0.291,0.3238,0.1963,0.2845,0.3104,0.1873
35,99320,1571,2875,7.1e-06,0.3071,0.3159,0.1945,0.258,0.2966,0.1808
35,99340,1591,2875,7.1e-06,0.3162,0.251,0.1736,0.2817,0.2519,0.1688
35,99360,1611,2875,7.1e-06,0.2591,0.3085,0.1807,0.241,0.3005,0.1737
35,99380,1631,2875,7.1e-06,0.2242,0.2584,0.1782,0.2121,0.2554,0.1726
35,99400,1651,2875,7.1e-06,0.2954,0.2741,0.1884,0.2856,0.2382,0.1777
35,99420,1671,2875,7.1e-06,0.2686,0.2625,0.1547,0.2268,0.2309,0.1444
35,99440,1691,2875,7.1e-06,0.2146,0.3465,0.1803,0.2083,0.3286,0.1741
35,99460,1711,2875,7.1e-06,0.2347,0.3139,0.1689,0.2149,0.3143,0.1664
35,99480,1731,2875,7.1e-06,0.2694,0.3161,0.1922,0.2558,0.2949,0.1824
35,99500,1751,2875,7.1e-06,0.1983,0.2996,0.1819,0.1864,0.2857,0.1716
35,99520,1771,2875,7.1e-06,0.2129,0.2871,0.1712,0.2081,0.2847,0.1677
35,99540,1791,2875,7.1e-06,0.2046,0.2356,0.1666,0.1674,0.2261,0.1597
35,99560,1811,2875,7.1e-06,0.2459,0.2834,0.1701,0.2407,0.2576,0.161
35,99580,1831,2875,7.1e-06,0.3399,0.384,0.215,0.3202,0.3531,0.2061
35,99600,1851,2875,7.1e-06,0.2846,0.3247,0.19,0.2695,0.3104,0.1835
35,99620,1871,2875,7.1e-06,0.2817,0.3886,0.2168,0.2676,0.3746,0.2106
35,99640,1891,2875,7.1e-06,0.3534,0.3505,0.193,0.3181,0.3376,0.1785
35,99660,1911,2875,7.1e-06,0.3342,0.344,0.188,0.3073,0.3207,0.1802
35,99680,1931,2875,7.1e-06,0.3171,0.4907,0.2219,0.2973,0.496,0.219
35,99700,1951,2875,7.1e-06,0.1929,0.3494,0.1844,0.1834,0.3405,0.1887
35,99720,1971,2875,7.1e-06,0.3085,0.3185,0.1856,0.2935,0.3009,0.1796
35,99740,1991,2875,7.1e-06,0.1711,0.2499,0.1706,0.1604,0.2479,0.1652
35,99760,2011,2875,7.1e-06,0.2872,0.243,0.1778,0.2486,0.2376,0.1748
35,99780,2031,2875,7.1e-06,0.2421,0.3275,0.1941,0.2231,0.3124,0.1911
35,99800,2051,2875,7.1e-06,0.2172,0.3298,0.1922,0.2055,0.3174,0.1889
35,99820,2071,2875,7.1e-06,0.204,0.338,0.1849,0.1911,0.3288,0.1793
35,99840,2091,2875,7.1e-06,0.1648,0.2345,0.1549,0.1238,0.2191,0.1478
35,99860,2111,2875,7.1e-06,0.3154,0.3053,0.1769,0.3026,0.2965,0.1724
35,99880,2131,2875,7.1e-06,0.2449,0.2737,0.1756,0.223,0.2784,0.1727
35,99900,2151,2875,7.1e-06,0.201,0.2994,0.1789,0.1938,0.2795,0.1698
35,99920,2171,2875,7.1e-06,0.1786,0.284,0.1593,0.1522,0.2476,0.1496
35,99940,2191,2875,7.1e-06,0.2492,0.3059,0.1872,0.2367,0.2935,0.1817
35,99960,2211,2875,7.1e-06,0.2204,0.3228,0.1698,0.2208,0.3138,0.1662
35,99980,2231,2875,7.1e-06,0.2357,0.3281,0.1845,0.2236,0.3052,0.1735
35,100000,2251,2875,7.1e-06,0.29,0.3364,0.1909,0.2749,0.3198,0.1824
35,100020,2271,2875,7.1e-06,0.2492,0.3452,0.186,0.2298,0.3428,0.185
35,100040,2291,2875,7.1e-06,0.3127,0.3938,0.2073,0.2941,0.3785,0.1983
35,100060,2311,2875,7.1e-06,0.3618,0.3372,0.196,0.3323,0.3014,0.1838
35,100080,2331,2875,7.1e-06,0.2318,0.3692,0.19,0.2259,0.345,0.182
35,100100,2351,2875,7.1e-06,0.2707,0.2245,0.1552,0.2511,0.2004,0.1474
35,100120,2371,2875,7.1e-06,0.2447,0.2759,0.1661,0.2105,0.2548,0.1553
35,100140,2391,2875,7.1e-06,0.2941,0.3038,0.1937,0.2624,0.2869,0.1911
35,100160,2411,2875,7.1e-06,0.2107,0.2966,0.1716,0.1934,0.2634,0.1614
35,100180,2431,2875,7.1e-06,0.2494,0.2721,0.1729,0.2074,0.2575,0.1715
35,100200,2451,2875,7.1e-06,0.1946,0.2988,0.1711,0.1809,0.2956,0.167
35,100220,2471,2875,7.1e-06,0.3091,0.2658,0.1693,0.2706,0.2607,0.1658
35,100240,2491,2875,7.1e-06,0.3094,0.2211,0.1548,0.2741,0.224,0.1551
35,100260,2511,2875,7.1e-06,0.2269,0.2455,0.1556,0.2059,0.2429,0.1494
35,100280,2531,2875,7.1e-06,0.2136,0.3005,0.1781,0.1871,0.2997,0.1732
35,100300,2551,2875,7.1e-06,0.2252,0.2545,0.1646,0.2071,0.2463,0.1587
35,100320,2571,2875,7.1e-06,0.2214,0.2867,0.1555,0.1934,0.2692,0.1548
35,100340,2591,2875,7.1e-06,0.1896,0.2859,0.1695,0.1705,0.272,0.1625
35,100360,2611,2875,7.1e-06,0.2869,0.2945,0.1895,0.2514,0.2657,0.1799
35,100380,2631,2875,7.1e-06,0.2885,0.3446,0.1996,0.251,0.339,0.1958
35,100400,2651,2875,7.1e-06,0.1875,0.215,0.1561,0.1594,0.2009,0.1549
35,100420,2671,2875,7.1e-06,0.1843,0.2543,0.1692,0.1745,0.2342,0.1631
35,100440,2691,2875,7.1e-06,0.2405,0.3081,0.1691,0.2162,0.2962,0.1643
35,100460,2711,2875,7.1e-06,0.3852,0.3007,0.1897,0.3446,0.293,0.1873
35,100480,2731,2875,7.1e-06,0.2634,0.3594,0.1843,0.2556,0.3382,0.1816
35,100500,2751,2875,7.1e-06,0.2899,0.3295,0.2085,0.2718,0.3109,0.1964
35,100520,2771,2875,7.1e-06,0.2566,0.4281,0.2082,0.2366,0.4104,0.1997
35,100540,2791,2875,7.1e-06,0.2359,0.4393,0.2252,0.2469,0.4313,0.2287
35,100560,2811,2875,7.1e-06,0.2714,0.3178,0.1796,0.2701,0.3033,0.1724
35,100580,2831,2875,7.1e-06,0.2136,0.2662,0.1747,0.1944,0.2543,0.1701
35,100600,2851,2875,7.1e-06,0.3178,0.3196,0.1636,0.3048,0.299,0.1569
35,100620,2871,2875,7.1e-06,0.1827,0.2301,0.1658,0.1602,0.2253,0.1597
36,100640,16,2875,6.45e-06,0.2948,0.3591,0.1811,0.2763,0.3365,0.1738
36,100660,36,2875,6.45e-06,0.2369,0.3731,0.1761,0.2158,0.3672,0.1719
36,100680,56,2875,6.45e-06,0.2555,0.3135,0.1922,0.2331,0.3036,0.1904
36,100700,76,2875,6.45e-06,0.3459,0.3586,0.1971,0.3458,0.3645,0.1947
36,100720,96,2875,6.45e-06,0.2148,0.2487,0.1519,0.1923,0.2588,0.1519
36,100740,116,2875,6.45e-06,0.2134,0.2996,0.1854,0.195,0.2763,0.1766
36,100760,136,2875,6.45e-06,0.2952,0.3399,0.1838,0.2652,0.3281,0.1765
36,100780,156,2875,6.45e-06,0.1945,0.2915,0.1862,0.1957,0.2854,0.1748
36,100800,176,2875,6.45e-06,0.3138,0.3968,0.1891,0.3116,0.3851,0.1861
36,100820,196,2875,6.45e-06,0.228,0.3555,0.1793,0.1877,0.3345,0.1712
36,100840,216,2875,6.45e-06,0.1939,0.3165,0.182,0.1809,0.3013,0.175
36,100860,236,2875,6.45e-06,0.2651,0.2857,0.1694,0.2363,0.2696,0.1587
36,100880,256,2875,6.45e-06,0.2385,0.3135,0.1812,0.2315,0.294,0.1765
36,100900,276,2875,6.45e-06,0.1678,0.3019,0.1814,0.1515,0.2905,0.1768
36,100920,296,2875,6.45e-06,0.3262,0.3315,0.2042,0.3018,0.3128,0.2048
36,100940,316,2875,6.45e-06,0.181,0.2981,0.1626,0.1666,0.2918,0.1573
36,100960,336,2875,6.45e-06,0.2467,0.2797,0.1917,0.2052,0.2694,0.1853
36,100980,356,2875,6.45e-06,0.1442,0.3075,0.1683,0.121,0.2938,0.1679
36,101000,376,2875,6.45e-06,0.2078,0.2846,0.1654,0.1807,0.2605,0.1588
36,101020,396,2875,6.45e-06,0.2421,0.3222,0.1878,0.2339,0.3144,0.1828
36,101040,416,2875,6.45e-06,0.2879,0.2799,0.1846,0.2623,0.2728,0.1796
36,101060,436,2875,6.45e-06,0.1986,0.329,0.1929,0.1877,0.3158,0.1863
36,101080,456,2875,6.45e-06,0.3386,0.395,0.2007,0.3143,0.3524,0.1802
36,101100,476,2875,6.45e-06,0.219,0.3653,0.1758,0.2096,0.3511,0.1714
36,101120,496,2875,6.45e-06,0.2472,0.3008,0.1655,0.225,0.2967,0.1616
36,101140,516,2875,6.45e-06,0.2695,0.2868,0.1933,0.2558,0.2695,0.1866
36,101160,536,2875,6.45e-06,0.1966,0.2593,0.1697,0.1771,0.2561,0.169
36,101180,556,2875,6.45e-06,0.282,0.3323,0.192,0.2535,0.3042,0.1776
36,101200,576,2875,6.45e-06,0.18,0.2833,0.1651,0.1603,0.2679,0.1552
36,101220,596,2875,6.45e-06,0.3018,0.4667,0.2192,0.2707,0.4353,0.2058
36,101240,616,2875,6.45e-06,0.2177,0.2922,0.17,0.1928,0.2697,0.1604
36,101260,636,2875,6.45e-06,0.229,0.3221,0.1865,0.2247,0.3137,0.1816
36,101280,656,2875,6.45e-06,0.2796,0.3689,0.1876,0.2631,0.3551,0.1799
36,101300,676,2875,6.45e-06,0.2265,0.3196,0.1844,0.2149,0.3172,0.1838
36,101320,696,2875,6.45e-06,0.2718,0.2792,0.1699,0.2691,0.2637,0.1623
36,101340,716,2875,6.45e-06,0.3012,0.4136,0.2073,0.2964,0.4021,0.2052
36,101360,736,2875,6.45e-06,0.2851,0.3924,0.2054,0.2609,0.3697,0.1984
36,101380,756,2875,6.45e-06,0.3587,0.3274,0.1777,0.3308,0.3168,0.1701
36,101400,776,2875,6.45e-06,0.2187,0.2695,0.1739,0.1867,0.2517,0.1631
36,101420,796,2875,6.45e-06,0.2207,0.2416,0.1475,0.1973,0.2296,0.1408
36,101440,816,2875,6.45e-06,0.3561,0.4067,0.2166,0.3214,0.3863,0.2109
36,101460,836,2875,6.45e-06,0.2489,0.3131,0.1887,0.2223,0.3095,0.1858
36,101480,856,2875,6.45e-06,0.2848,0.2568,0.1715,0.2423,0.2513,0.1657
36,101500,876,2875,6.45e-06,0.2399,0.3224,0.1737,0.2195,0.312,0.1721
36,101520,896,2875,6.45e-06,0.2577,0.3086,0.177,0.2482,0.3064,0.1727
36,101540,916,2875,6.45e-06,0.2935,0.2951,0.1677,0.2505,0.2759,0.1604
36,101560,936,2875,6.45e-06,0.2739,0.3203,0.1825,0.269,0.2934,0.1796
36,101580,956,2875,6.45e-06,0.1824,0.2939,0.1823,0.1617,0.2892,0.1775
36,101600,976,2875,6.45e-06,0.2623,0.266,0.1878,0.2511,0.2613,0.182
36,101620,996,2875,6.45e-06,0.3865,0.335,0.1865,0.352,0.3272,0.1782
36,101640,1016,2875,6.45e-06,0.2508,0.3241,0.2068,0.2356,0.3065,0.1995
36,101660,1036,2875,6.45e-06,0.2978,0.2879,0.1891,0.2863,0.276,0.183
36,101680,1056,2875,6.45e-06,0.2835,0.3167,0.2021,0.2613,0.2869,0.1875
36,101700,1076,2875,6.45e-06,0.2637,0.3251,0.1711,0.2369,0.3156,0.1653
36,101720,1096,2875,6.45e-06,0.3002,0.3234,0.2085,0.2752,0.3351,0.2141
36,101740,1116,2875,6.45e-06,0.3767,0.3149,0.1673,0.3254,0.3078,0.1584
36,101760,1136,2875,6.45e-06,0.2906,0.3503,0.1777,0.2751,0.3388,0.1717
36,101780,1156,2875,6.45e-06,0.2205,0.3795,0.1672,0.213,0.362,0.1616
36,101800,1176,2875,6.45e-06,0.2391,0.2604,0.1872,0.2052,0.2422,0.177
36,101820,1196,2875,6.45e-06,0.2325,0.3062,0.1796,0.2104,0.287,0.1719
36,101840,1216,2875,6.45e-06,0.2322,0.3567,0.1982,0.2173,0.3449,0.1902
36,101860,1236,2875,6.45e-06,0.2313,0.3323,0.1688,0.2139,0.3188,0.1665
36,101880,1256,2875,6.45e-06,0.3819,0.5108,0.2372,0.3632,0.4609,0.2276
36,101900,1276,2875,6.45e-06,0.218,0.3008,0.1835,0.2002,0.3019,0.1818
36,101920,1296,2875,6.45e-06,0.5057,0.3367,0.1491,0.4446,0.3195,0.1411
36,101940,1316,2875,6.45e-06,0.4154,0.1923,0.1551,0.3869,0.1869,0.1468
36,101960,1336,2875,6.45e-06,0.2522,0.376,0.1738,0.2429,0.373,0.1747
36,101980,1356,2875,6.45e-06,0.2577,0.2821,0.1784,0.2244,0.2776,0.1762
36,102000,1376,2875,6.45e-06,0.2033,0.3287,0.1848,0.1924,0.3219,0.182
36,102020,1396,2875,6.45e-06,0.2567,0.2511,0.1593,0.2424,0.2434,0.151
36,102040,1416,2875,6.45e-06,0.2864,0.3499,0.1869,0.2494,0.3275,0.1807
36,102060,1436,2875,6.45e-06,0.2297,0.257,0.1657,0.2107,0.2341,0.1557
36,102080,1456,2875,6.45e-06,0.2626,0.2637,0.1841,0.2458,0.2356,0.1747
36,102100,1476,2875,6.45e-06,0.278,0.3356,0.1823,0.2631,0.3228,0.1733
36,102120,1496,2875,6.45e-06,0.203,0.2986,0.1728,0.1894,0.2716,0.1652
36,102140,1516,2875,6.45e-06,0.246,0.2965,0.1724,0.2057,0.2726,0.161
36,102160,1536,2875,6.45e-06,0.3196,0.3079,0.1916,0.2841,0.2956,0.185
36,102180,1556,2875,6.45e-06,0.2293,0.3157,0.178,0.2048,0.3027,0.1748
36,102200,1576,2875,6.45e-06,0.2712,0.3447,0.1863,0.231,0.3306,0.1804
36,102220,1596,2875,6.45e-06,0.2511,0.3369,0.1823,0.2356,0.3107,0.1755
36,102240,1616,2875,6.45e-06,0.3008,0.4129,0.1903,0.2846,0.3922,0.1812
36,102260,1636,2875,6.45e-06,0.3288,0.3823,0.2147,0.2958,0.3551,0.2043
36,102280,1656,2875,6.45e-06,0.22,0.2984,0.1603,0.203,0.2857,0.1532
36,102300,1676,2875,6.45e-06,0.3401,0.2738,0.174,0.3217,0.2662,0.1684
36,102320,1696,2875,6.45e-06,0.2118,0.294,0.1782,0.2075,0.277,0.1717
36,102340,1716,2875,6.45e-06,0.3057,0.3073,0.1984,0.273,0.2961,0.1854
36,102360,1736,2875,6.45e-06,0.2457,0.3128,0.1807,0.2332,0.2953,0.1735
36,102380,1756,2875,6.45e-06,0.1775,0.3181,0.1766,0.1725,0.309,0.1729
36,102400,1776,2875,6.45e-06,0.2141,0.2769,0.1677,0.2113,0.257,0.1634
36,102420,1796,2875,6.45e-06,0.2472,0.3123,0.1886,0.2266,0.2985,0.1823
36,102440,1816,2875,6.45e-06,0.2691,0.2679,0.1775,0.2424,0.2394,0.1705
36,102460,1836,2875,6.45e-06,0.303,0.2993,0.1761,0.2791,0.2897,0.1673
36,102480,1856,2875,6.45e-06,0.2074,0.2766,0.2038,0.1778,0.2572,0.196
36,102500,1876,2875,6.45e-06,0.1877,0.2781,0.1746,0.1681,0.286,0.1709
36,102520,1896,2875,6.45e-06,0.1973,0.327,0.1795,0.1912,0.3163,0.1762
36,102540,1916,2875,6.45e-06,0.3368,0.3188,0.1842,0.282,0.302,0.1692
36,102560,1936,2875,6.45e-06,0.2711,0.3355,0.2108,0.2519,0.312,0.2063
36,102580,1956,2875,6.45e-06,0.3009,0.3268,0.1975,0.2897,0.3048,0.1888
36,102600,1976,2875,6.45e-06,0.312,0.205,0.1701,0.2935,0.1968,0.1653
36,102620,1996,2875,6.45e-06,0.1761,0.2844,0.1711,0.1571,0.2667,0.163
36,102640,2016,2875,6.45e-06,0.2238,0.3412,0.2012,0.2115,0.324,0.1939
36,102660,2036,2875,6.45e-06,0.3444,0.284,0.1752,0.3268,0.272,0.1657
36,102680,2056,2875,6.45e-06,0.2597,0.3088,0.168,0.2368,0.3016,0.1625
36,102700,2076,2875,6.45e-06,0.2778,0.4055,0.2036,0.2583,0.4042,0.1981
36,102720,2096,2875,6.45e-06,0.2311,0.2729,0.1668,0.2244,0.2633,0.1627
36,102740,2116,2875,6.45e-06,0.3008,0.2607,0.183,0.2826,0.2418,0.1787
36,102760,2136,2875,6.45e-06,0.2914,0.2835,0.1776,0.2624,0.2714,0.1715
36,102780,2156,2875,6.45e-06,0.2499,0.307,0.1681,0.2303,0.293,0.1622
36,102800,2176,2875,6.45e-06,0.2026,0.279,0.185,0.1818,0.2523,0.1756
36,102820,2196,2875,6.45e-06,0.2548,0.3312,0.1713,0.233,0.3227,0.1676
36,102840,2216,2875,6.45e-06,0.2358,0.3033,0.1691,0.2144,0.277,0.1615
36,102860,2236,2875,6.45e-06,0.2511,0.3767,0.1993,0.2393,0.3512,0.1922
36,102880,2256,2875,6.45e-06,0.3115,0.2974,0.1815,0.2836,0.2892,0.1749
36,102900,2276,2875,6.45e-06,0.3171,0.2779,0.168,0.2988,0.2719,0.1649
36,102920,2296,2875,6.45e-06,0.2532,0.3309,0.1819,0.2396,0.3188,0.1778
36,102940,2316,2875,6.45e-06,0.3171,0.2852,0.1833,0.2977,0.281,0.1803
36,102960,2336,2875,6.45e-06,0.2089,0.3361,0.1842,0.1841,0.3295,0.1784
36,102980,2356,2875,6.45e-06,0.2486,0.3415,0.1984,0.2377,0.3297,0.1961
36,103000,2376,2875,6.45e-06,0.3009,0.3179,0.1936,0.2692,0.2738,0.1772
36,103020,2396,2875,6.45e-06,0.2589,0.2931,0.1825,0.2167,0.2599,0.1768
36,103040,2416,2875,6.45e-06,0.2032,0.3552,0.1745,0.1787,0.3388,0.1717
36,103060,2436,2875,6.45e-06,0.1975,0.2551,0.1697,0.1757,0.2405,0.1608
36,103080,2456,2875,6.45e-06,0.2321,0.3675,0.1783,0.2194,0.3588,0.1752
36,103100,2476,2875,6.45e-06,0.2922,0.2938,0.1903,0.2873,0.2774,0.1857
36,103120,2496,2875,6.45e-06,0.1885,0.2804,0.1653,0.1647,0.2603,0.16
36,103140,2516,2875,6.45e-06,0.2605,0.2959,0.1862,0.2497,0.2762,0.1798
36,103160,2536,2875,6.45e-06,0.2691,0.3192,0.1851,0.2597,0.3097,0.1781
36,103180,2556,2875,6.45e-06,0.2344,0.2842,0.1573,0.2165,0.2805,0.1552
36,103200,2576,2875,6.45e-06,0.3463,0.377,0.1797,0.306,0.3283,0.1688
36,103220,2596,2875,6.45e-06,0.1936,0.2549,0.1779,0.1844,0.2405,0.1705
36,103240,2616,2875,6.45e-06,0.247,0.3104,0.1913,0.2186,0.2849,0.1858
36,103260,2636,2875,6.45e-06,0.2696,0.3597,0.1847,0.2412,0.3587,0.1845
36,103280,2656,2875,6.45e-06,0.2303,0.3199,0.1817,0.2217,0.306,0.1745
36,103300,2676,2875,6.45e-06,0.3596,0.2398,0.1582,0.322,0.2185,0.1464
36,103320,2696,2875,6.45e-06,0.2757,0.3144,0.1722,0.258,0.3026,0.1645
36,103340,2716,2875,6.45e-06,0.2933,0.2236,0.1741,0.2612,0.2019,0.1589
36,103360,2736,2875,6.45e-06,0.2826,0.2761,0.1726,0.2581,0.2701,0.1644
36,103380,2756,2875,6.45e-06,0.1799,0.3493,0.1733,0.1704,0.3349,0.1695
36,103400,2776,2875,6.45e-06,0.3275,0.3463,0.2273,0.3009,0.3402,0.2222
36,103420,2796,2875,6.45e-06,0.2088,0.273,0.1754,0.1842,0.262,0.1682
36,103440,2816,2875,6.45e-06,0.2446,0.258,0.1691,0.2295,0.2305,0.1597
36,103460,2836,2875,6.45e-06,0.267,0.3808,0.1877,0.2504,0.3626,0.1822
36,103480,2856,2875,6.45e-06,0.2664,0.2899,0.1875,0.2589,0.2816,0.1855
37,103500,1,2875,5.83e-06,0.2443,0.3336,0.188,0.2345,0.3128,0.1803
37,103520,21,2875,5.83e-06,0.2957,0.4027,0.2165,0.2839,0.3869,0.2134
37,103540,41,2875,5.83e-06,0.2835,0.2908,0.1869,0.2446,0.2949,0.1884
37,103560,61,2875,5.83e-06,0.2125,0.2538,0.17,0.1896,0.2494,0.1671
37,103580,81,2875,5.83e-06,0.2663,0.3879,0.1793,0.2647,0.3667,0.174
37,103600,101,2875,5.83e-06,0.2592,0.3147,0.1795,0.2354,0.2912,0.1709
37,103620,121,2875,5.83e-06,0.2522,0.2441,0.1644,0.2265,0.2342,0.1592
37,103640,141,2875,5.83e-06,0.2851,0.3116,0.1827,0.277,0.3015,0.1764
37,103660,161,2875,5.83e-06,0.2122,0.2456,0.1584,0.1898,0.235,0.1545
37,103680,181,2875,5.83e-06,0.2777,0.33,0.192,0.2498,0.3151,0.1875
37,103700,201,2875,5.83e-06,0.2589,0.2525,0.1797,0.2115,0.2441,0.1755
37,103720,221,2875,5.83e-06,0.2773,0.3384,0.2049,0.2693,0.3072,0.1972
37,103740,241,2875,5.83e-06,0.1986,0.2999,0.1741,0.1706,0.2803,0.1641
37,103760,261,2875,5.83e-06,0.1591,0.2641,0.1861,0.1436,0.2577,0.1834
37,103780,281,2875,5.83e-06,0.2358,0.3036,0.1825,0.2194,0.2783,0.1743
37,103800,301,2875,5.83e-06,0.2329,0.3368,0.1697,0.2072,0.3209,0.1652
37,103820,321,2875,5.83e-06,0.3294,0.2957,0.1762,0.303,0.2871,0.171
37,103840,341,2875,5.83e-06,0.2035,0.2714,0.1805,0.1894,0.2634,0.1786
37,103860,361,2875,5.83e-06,0.2007,0.3682,0.2043,0.1809,0.342,0.1912
37,103880,381,2875,5.83e-06,0.3072,0.294,0.1691,0.2827,0.2855,0.1635
37,103900,401,2875,5.83e-06,0.2927,0.3724,0.2053,0.275,0.3437,0.1988
37,103920,421,2875,5.83e-06,0.2751,0.3303,0.1963,0.2195,0.294,0.1826
37,103940,441,2875,5.83e-06,0.2515,0.2777,0.1657,0.2371,0.2502,0.1559
37,103960,461,2875,5.83e-06,0.1966,0.2978,0.1754,0.1811,0.2862,0.1735
37,103980,481,2875,5.83e-06,0.3665,0.3539,0.1971,0.3531,0.3435,0.1889
37,104000,501,2875,5.83e-06,0.3043,0.325,0.1922,0.2687,0.3194,0.1982
37,104020,521,2875,5.83e-06,0.277,0.3987,0.1842,0.2679,0.3732,0.1706
37,104040,541,2875,5.83e-06,0.2135,0.3572,0.1977,0.2007,0.3347,0.1893
37,104060,561,2875,5.83e-06,0.2642,0.2512,0.1697,0.2398,0.2543,0.167
37,104080,581,2875,5.83e-06,0.2683,0.3362,0.2107,0.2532,0.3181,0.2031
37,104100,601,2875,5.83e-06,0.3001,0.3269,0.1702,0.2492,0.3154,0.1647
37,104120,621,2875,5.83e-06,0.2822,0.241,0.178,0.2648,0.2357,0.1735
37,104140,641,2875,5.83e-06,0.2955,0.3103,0.1921,0.2791,0.287,0.1761
37,104160,661,2875,5.83e-06,0.2749,0.405,0.2124,0.2554,0.3824,0.2069
37,104180,681,2875,5.83e-06,0.2602,0.3071,0.1814,0.2568,0.2932,0.1746
37,104200,701,2875,5.83e-06,0.3297,0.3384,0.1775,0.2904,0.3289,0.1705
37,104220,721,2875,5.83e-06,0.2559,0.3593,0.1733,0.2369,0.3429,0.1661
37,104240,741,2875,5.83e-06,0.2713,0.3359,0.1677,0.2727,0.3346,0.1628
37,104260,761,2875,5.83e-06,0.2965,0.3187,0.1819,0.2711,0.3085,0.1772
37,104280,781,2875,5.83e-06,0.3707,0.3421,0.1974,0.3021,0.3271,0.1871
37,104300,801,2875,5.83e-06,0.266,0.3678,0.2097,0.2477,0.3614,0.2054
37,104320,821,2875,5.83e-06,0.1789,0.3474,0.1763,0.1541,0.3172,0.1713
37,104340,841,2875,5.83e-06,0.3385,0.2919,0.1861,0.3077,0.2712,0.1731
37,104360,861,2875,5.83e-06,0.3166,0.3192,0.2029,0.2892,0.304,0.1947
37,104380,881,2875,5.83e-06,0.1913,0.302,0.1836,0.1719,0.285,0.1791
37,104400,901,2875,5.83e-06,0.226,0.2698,0.1821,0.2236,0.2736,0.1784
37,104420,921,2875,5.83e-06,0.302,0.3931,0.2008,0.2976,0.3845,0.202
37,104440,941,2875,5.83e-06,0.214,0.2671,0.1703,0.1854,0.2724,0.169
37,104460,961,2875,5.83e-06,0.363,0.2498,0.2117,0.3194,0.2414,0.2027
37,104480,981,2875,5.83e-06,0.2888,0.3027,0.1912,0.2622,0.2763,0.1778
37,104500,1001,2875,5.83e-06,0.3116,0.3075,0.1845,0.2774,0.2785,0.1784
37,104520,1021,2875,5.83e-06,0.2472,0.3644,0.1927,0.2281,0.3443,0.1855
37,104540,1041,2875,5.83e-06,0.2865,0.2918,0.1758,0.2747,0.2981,0.1753
37,104560,1061,2875,5.83e-06,0.2597,0.2849,0.1827,0.2487,0.2705,0.1752
37,104580,1081,2875,5.83e-06,0.1972,0.2956,0.1759,0.1894,0.2786,0.1691
37,104600,1101,2875,5.83e-06,0.2608,0.3663,0.2009,0.2506,0.3493,0.1967
37,104620,1121,2875,5.83e-06,0.2192,0.2863,0.1841,0.1963,0.2774,0.1824
37,104640,1141,2875,5.83e-06,0.2555,0.3638,0.1964,0.2403,0.3603,0.1964
37,104660,1161,2875,5.83e-06,0.262,0.3265,0.1838,0.2463,0.3071,0.1769
37,104680,1181,2875,5.83e-06,0.2755,0.4176,0.1951,0.277,0.3865,0.1839
37,104700,1201,2875,5.83e-06,0.3341,0.3369,0.1886,0.3096,0.3051,0.1745
37,104720,1221,2875,5.83e-06,0.2371,0.3057,0.1858,0.2267,0.2986,0.1827
37,104740,1241,2875,5.83e-06,0.1493,0.1946,0.1734,0.1106,0.1775,0.1668
37,104760,1261,2875,5.83e-06,0.2811,0.3336,0.1855,0.2255,0.3134,0.1805
37,104780,1281,2875,5.83e-06,0.2269,0.2676,0.1599,0.2006,0.2525,0.1532
37,104800,1301,2875,5.83e-06,0.2508,0.2385,0.1636,0.2205,0.2171,0.1509
37,104820,1321,2875,5.83e-06,0.3235,0.3777,0.2158,0.3121,0.3525,0.2078
37,104840,1341,2875,5.83e-06,0.3226,0.3094,0.1757,0.3126,0.3104,0.1709
37,104860,1361,2875,5.83e-06,0.1773,0.248,0.1558,0.152,0.2518,0.154
37,104880,1381,2875,5.83e-06,0.2197,0.2178,0.1619,0.1971,0.2088,0.1591
37,104900,1401,2875,5.83e-06,0.2002,0.3224,0.1885,0.1783,0.3032,0.1822
37,104920,1421,2875,5.83e-06,0.2431,0.3531,0.1962,0.2293,0.3261,0.1856
37,104940,1441,2875,5.83e-06,0.2694,0.4032,0.1944,0.2571,0.4015,0.1909
37,104960,1461,2875,5.83e-06,0.2808,0.3241,0.1828,0.2675,0.2892,0.173
37,104980,1481,2875,5.83e-06,0.2695,0.4095,0.2126,0.2601,0.3918,0.203
37,105000,1501,2875,5.83e-06,0.256,0.3135,0.1884,0.2243,0.3086,0.1832
37,105020,1521,2875,5.83e-06,0.2273,0.3668,0.1927,0.2077,0.3605,0.1885
37,105040,1541,2875,5.83e-06,0.2894,0.3231,0.1949,0.2702,0.3002,0.1877
37,105060,1561,2875,5.83e-06,0.2489,0.2679,0.1783,0.2275,0.2487,0.1692
37,105080,1581,2875,5.83e-06,0.2256,0.3404,0.1805,0.2049,0.3203,0.1721
37,105100,1601,2875,5.83e-06,0.2378,0.3327,0.1751,0.222,0.3079,0.1669
37,105120,1621,2875,5.83e-06,0.3298,0.4076,0.2263,0.3241,0.3928,0.2207
37,105140,1641,2875,5.83e-06,0.3027,0.4592,0.244,0.2783,0.4099,0.2266
37,105160,1661,2875,5.83e-06,0.3604,0.3344,0.1947,0.3388,0.3337,0.1889
37,105180,1681,2875,5.83e-06,0.2079,0.362,0.1912,0.1794,0.3386,0.1879
37,105200,1701,2875,5.83e-06,0.2996,0.3631,0.1755,0.2891,0.3379,0.1702
37,105220,1721,2875,5.83e-06,0.3068,0.3719,0.1883,0.2811,0.363,0.1817
37,105240,1741,2875,5.83e-06,0.2423,0.3626,0.2032,0.2186,0.3294,0.195
37,105260,1761,2875,5.83e-06,0.2309,0.2665,0.1721,0.2205,0.2563,0.1683
37,105280,1781,2875,5.83e-06,0.2432,0.3427,0.1606,0.2263,0.3425,0.1563
37,105300,1801,2875,5.83e-06,0.2482,0.2892,0.1719,0.2447,0.2707,0.1711
37,105320,1821,2875,5.83e-06,0.235,0.3445,0.173,0.2112,0.3182,0.1588
37,105340,1841,2875,5.83e-06,0.2049,0.3016,0.1802,0.1977,0.2981,0.1763
37,105360,1861,2875,5.83e-06,0.2577,0.3289,0.1924,0.2217,0.3142,0.1872
37,105380,1881,2875,5.83e-06,0.2754,0.352,0.1846,0.2681,0.3435,0.1807
37,105400,1901,2875,5.83e-06,0.2521,0.3402,0.1809,0.242,0.3279,0.1755
37,105420,1921,2875,5.83e-06,0.2342,0.3178,0.1747,0.2032,0.31,0.1709
37,105440,1941,2875,5.83e-06,0.2413,0.3313,0.1924,0.2093,0.308,0.1883
37,105460,1961,2875,5.83e-06,0.2742,0.3033,0.185,0.252,0.2854,0.1768
37,105480,1981,2875,5.83e-06,0.2841,0.3665,0.1656,0.2558,0.3085,0.1547
37,105500,2001,2875,5.83e-06,0.204,0.2639,0.1741,0.1874,0.2579,0.1706
37,105520,2021,2875,5.83e-06,0.193,0.3215,0.1721,0.1847,0.3055,0.1633
37,105540,2041,2875,5.83e-06,0.2501,0.4199,0.2198,0.2463,0.422,0.218
37,105560,2061,2875,5.83e-06,0.2477,0.3111,0.1812,0.2141,0.2789,0.1723
37,105580,2081,2875,5.83e-06,0.2861,0.2543,0.1684,0.2472,0.2382,0.1625
37,105600,2101,2875,5.83e-06,0.2668,0.2906,0.1742,0.2389,0.2796,0.1675
37,105620,2121,2875,5.83e-06,0.3228,0.3726,0.1896,0.273,0.3482,0.1904
37,105640,2141,2875,5.83e-06,0.2957,0.3168,0.2059,0.287,0.3007,0.1935
37,105660,2161,2875,5.83e-06,0.1955,0.2897,0.173,0.1604,0.291,0.1679
37,105680,2181,2875,5.83e-06,0.2073,0.2195,0.1711,0.1776,0.2079,0.1647
37,105700,2201,2875,5.83e-06,0.2444,0.4321,0.2117,0.2301,0.4083,0.2048
37,105720,2221,2875,5.83e-06,0.2791,0.3249,0.1896,0.2486,0.3123,0.1845
37,105740,2241,2875,5.83e-06,0.3684,0.2966,0.1782,0.325,0.2782,0.171
37,105760,2261,2875,5.83e-06,0.2356,0.3095,0.1803,0.2125,0.3051,0.1769
37,105780,2281,2875,5.83e-06,0.2415,0.2867,0.1632,0.219,0.2626,0.1583
37,105800,2301,2875,5.83e-06,0.2484,0.3576,0.1964,0.2206,0.3321,0.1884
37,105820,2321,2875,5.83e-06,0.3123,0.3202,0.1857,0.3143,0.308,0.1811
37,105840,2341,2875,5.83e-06,0.304,0.3483,0.1873,0.2829,0.3275,0.1779
37,105860,2361,2875,5.83e-06,0.2286,0.3807,0.1913,0.2032,0.3606,0.1801
37,105880,2381,2875,5.83e-06,0.2542,0.2371,0.1668,0.2165,0.2262,0.1584
37,105900,2401,2875,5.83e-06,0.2257,0.3074,0.1751,0.227,0.2941,0.1707
37,105920,2421,2875,5.83e-06,0.2865,0.3021,0.1968,0.2738,0.2923,0.1901
37,105940,2441,2875,5.83e-06,0.3206,0.4378,0.2178,0.3165,0.4183,0.2095
37,105960,2461,2875,5.83e-06,0.2485,0.3361,0.1702,0.2227,0.318,0.1667
37,105980,2481,2875,5.83e-06,0.1937,0.2782,0.175,0.1676,0.2614,0.1677
37,106000,2501,2875,5.83e-06,0.3127,0.4399,0.1939,0.298,0.4,0.1796
37,106020,2521,2875,5.83e-06,0.2498,0.2842,0.1768,0.2415,0.2643,0.1733
37,106040,2541,2875,5.83e-06,0.3343,0.405,0.22,0.3104,0.3836,0.2082
37,106060,2561,2875,5.83e-06,0.2365,0.2567,0.1647,0.2205,0.2433,0.1609
37,106080,2581,2875,5.83e-06,0.3268,0.3455,0.1826,0.2916,0.3291,0.1773
37,106100,2601,2875,5.83e-06,0.2172,0.3483,0.1752,0.2025,0.3365,0.1692
37,106120,2621,2875,5.83e-06,0.2055,0.3267,0.1771,0.1814,0.3118,0.1706
37,106140,2641,2875,5.83e-06,0.2048,0.3305,0.1821,0.1748,0.306,0.1737
37,106160,2661,2875,5.83e-06,0.3177,0.4142,0.2071,0.3053,0.3764,0.1969
37,106180,2681,2875,5.83e-06,0.1986,0.2675,0.1716,0.1889,0.2557,0.1688
37,106200,2701,2875,5.83e-06,0.224,0.2645,0.1797,0.1967,0.2437,0.1717
37,106220,2721,2875,5.83e-06,0.2241,0.2508,0.1662,0.2094,0.2485,0.1633
37,106240,2741,2875,5.83e-06,0.318,0.3557,0.1958,0.3113,0.3706,0.1955
37,106260,2761,2875,5.83e-06,0.2293,0.2786,0.1815,0.2115,0.2611,0.1738
37,106280,2781,2875,5.83e-06,0.2795,0.3042,0.1988,0.254,0.2795,0.187
37,106300,2801,2875,5.83e-06,0.2416,0.2966,0.1584,0.2044,0.2807,0.152
37,106320,2821,2875,5.83e-06,0.2884,0.3044,0.1796,0.2665,0.289,0.1733
37,106340,2841,2875,5.83e-06,0.2002,0.2819,0.1556,0.1812,0.2733,0.1514
37,106360,2861,2875,5.83e-06,0.2155,0.3276,0.1902,0.1958,0.3332,0.1855
38,106380,6,2875,5.25e-06,0.2486,0.3487,0.1934,0.2436,0.3476,0.192
38,106400,26,2875,5.25e-06,0.2338,0.383,0.184,0.2218,0.356,0.1715
38,106420,46,2875,5.25e-06,0.2512,0.2958,0.1778,0.2345,0.2976,0.1766
38,106440,66,2875,5.25e-06,0.2802,0.348,0.1976,0.254,0.3466,0.1979
38,106460,86,2875,5.25e-06,0.287,0.3233,0.1946,0.2545,0.2999,0.1896
38,106480,106,2875,5.25e-06,0.2207,0.3988,0.1734,0.1997,0.3394,0.1615
38,106500,126,2875,5.25e-06,0.1945,0.3267,0.1811,0.1905,0.3316,0.1784
38,106520,146,2875,5.25e-06,0.2764,0.2425,0.1695,0.2504,0.221,0.1596
38,106540,166,2875,5.25e-06,0.2634,0.2948,0.1859,0.2609,0.2858,0.1805
38,106560,186,2875,5.25e-06,0.2609,0.3016,0.1925,0.24,0.2971,0.186
38,106580,206,2875,5.25e-06,0.2973,0.418,0.2495,0.2983,0.3979,0.2518
38,106600,226,2875,5.25e-06,0.3088,0.3571,0.2164,0.2782,0.3503,0.2061
38,106620,246,2875,5.25e-06,0.2694,0.2593,0.1767,0.247,0.2609,0.1727
38,106640,266,2875,5.25e-06,0.1807,0.1894,0.1452,0.1671,0.1743,0.1425
38,106660,286,2875,5.25e-06,0.1723,0.2292,0.1571,0.1352,0.2143,0.1505
38,106680,306,2875,5.25e-06,0.2318,0.258,0.1582,0.1988,0.2406,0.148
38,106700,326,2875,5.25e-06,0.2378,0.2864,0.1685,0.2019,0.2746,0.1656
38,106720,346,2875,5.25e-06,0.2794,0.2812,0.177,0.2666,0.2696,0.1682
38,106740,366,2875,5.25e-06,0.2293,0.4259,0.1944,0.2076,0.407,0.1911
38,106760,386,2875,5.25e-06,0.2562,0.3117,0.1768,0.2425,0.3009,0.1721
38,106780,406,2875,5.25e-06,0.2008,0.2784,0.1656,0.1725,0.2603,0.1602
38,106800,426,2875,5.25e-06,0.2321,0.3456,0.1839,0.2093,0.3273,0.1776
38,106820,446,2875,5.25e-06,0.2398,0.2645,0.1744,0.2153,0.259,0.1692
38,106840,466,2875,5.25e-06,0.2507,0.3856,0.189,0.2332,0.3748,0.1819
38,106860,486,2875,5.25e-06,0.341,0.3844,0.2337,0.3092,0.3524,0.2169
38,106880,506,2875,5.25e-06,0.2368,0.3233,0.1833,0.2191,0.3,0.178
38,106900,526,2875,5.25e-06,0.2491,0.3418,0.1743,0.2312,0.3238,0.167
38,106920,546,2875,5.25e-06,0.2845,0.3076,0.178,0.2783,0.263,0.1642
38,106940,566,2875,5.25e-06,0.264,0.3213,0.198,0.2541,0.3092,0.1918
38,106960,586,2875,5.25e-06,0.1866,0.2855,0.1676,0.161,0.2848,0.162
38,106980,606,2875,5.25e-06,0.264,0.2855,0.1795,0.2399,0.2752,0.1713
38,107000,626,2875,5.25e-06,0.2858,0.3245,0.1886,0.2688,0.2984,0.1812
38,107020,646,2875,5.25e-06,0.2992,0.3716,0.2221,0.2727,0.368,0.2156
38,107040,666,2875,5.25e-06,0.2737,0.3725,0.181,0.2551,0.3615,0.1756
38,107060,686,2875,5.25e-06,0.2364,0.3497,0.1942,0.2222,0.3391,0.1891
38,107080,706,2875,5.25e-06,0.2871,0.2946,0.1614,0.2645,0.2943,0.1557
38,107100,726,2875,5.25e-06,0.229,0.2814,0.173,0.2093,0.2772,0.1694
38,107120,746,2875,5.25e-06,0.2696,0.1973,0.1476,0.2234,0.1896,0.1441
38,107140,766,2875,5.25e-06,0.2453,0.2711,0.1835,0.2137,0.261,0.1813
38,107160,786,2875,5.25e-06,0.273,0.2775,0.1761,0.2382,0.2492,0.1636
38,107180,806,2875,5.25e-06,0.3347,0.2528,0.1705,0.3483,0.2427,0.1596
38,107200,826,2875,5.25e-06,0.1901,0.3571,0.172,0.1839,0.3331,0.1674
38,107220,846,2875,5.25e-06,0.2736,0.3538,0.1749,0.2535,0.3401,0.1721
38,107240,866,2875,5.25e-06,0.2388,0.3682,0.1915,0.241,0.3532,0.1857
38,107260,886,2875,5.25e-06,0.2731,0.302,0.1747,0.2609,0.2868,0.168
38,107280,906,2875,5.25e-06,0.2161,0.3351,0.1886,0.1886,0.3039,0.182
38,107300,926,2875,5.25e-06,0.1367,0.1753,0.158,0.1001,0.1692,0.1536
38,107320,946,2875,5.25e-06,0.3644,0.3572,0.1877,0.3536,0.3135,0.179
38,107340,966,2875,5.25e-06,0.2965,0.3497,0.1681,0.2668,0.3325,0.1604
38,107360,986,2875,5.25e-06,0.2493,0.2568,0.1571,0.2179,0.2435,0.1507
38,107380,1006,2875,5.25e-06,0.2244,0.3027,0.1874,0.2086,0.3026,0.1826
38,107400,1026,2875,5.25e-06,0.3155,0.3102,0.1835,0.2857,0.3006,0.1781
38,107420,1046,2875,5.25e-06,0.2563,0.2837,0.1704,0.2462,0.2709,0.1655
38,107440,1066,2875,5.25e-06,0.1888,0.3387,0.1891,0.1787,0.3191,0.1772
38,107460,1086,2875,5.25e-06,0.2476,0.3117,0.1761,0.2393,0.294,0.1683
38,107480,1106,2875,5.25e-06,0.2329,0.3635,0.1994,0.2148,0.35,0.1934
38,107500,1126,2875,5.25e-06,0.2591,0.3214,0.185,0.2483,0.3153,0.1807
38,107520,1146,2875,5.25e-06,0.3295,0.3657,0.1893,0.315,0.347,0.1833
38,107540,1166,2875,5.25e-06,0.3055,0.3262,0.2128,0.2804,0.3119,0.2093
38,107560,1186,2875,5.25e-06,0.1815,0.3172,0.1847,0.1736,0.2945,0.1783
38,107580,1206,2875,5.25e-06,0.2278,0.2873,0.1604,0.2188,0.2728,0.1517
38,107600,1226,2875,5.25e-06,0.2403,0.3323,0.1719,0.2423,0.3263,0.1655
38,107620,1246,2875,5.25e-06,0.286,0.2474,0.1739,0.2535,0.2361,0.1686
38,107640,1266,2875,5.25e-06,0.253,0.3345,0.1905,0.2382,0.3253,0.1857
38,107660,1286,2875,5.25e-06,0.4057,0.328,0.1812,0.3861,0.3205,0.1721
38,107680,1306,2875,5.25e-06,0.2547,0.2892,0.181,0.2398,0.2804,0.1774
38,107700,1326,2875,5.25e-06,0.362,0.4002,0.2055,0.3547,0.4031,0.2096
38,107720,1346,2875,5.25e-06,0.3543,0.4109,0.1943,0.3294,0.4011,0.1913
38,107740,1366,2875,5.25e-06,0.2775,0.2246,0.1695,0.2467,0.2032,0.1554
38,107760,1386,2875,5.25e-06,0.3374,0.2941,0.1743,0.2957,0.2897,0.1715
38,107780,1406,2875,5.25e-06,0.2731,0.3174,0.1811,0.26,0.312,0.1768
38,107800,1426,2875,5.25e-06,0.2307,0.3042,0.1878,0.2179,0.289,0.1767
38,107820,1446,2875,5.25e-06,0.3438,0.273,0.1746,0.309,0.2534,0.1639
38,107840,1466,2875,5.25e-06,0.2331,0.4539,0.2138,0.2138,0.4553,0.2134
38,107860,1486,2875,5.25e-06,0.2142,0.298,0.1596,0.1891,0.2703,0.1522
38,107880,1506,2875,5.25e-06,0.2139,0.3413,0.1784,0.2001,0.3189,0.1673
38,107900,1526,2875,5.25e-06,0.2422,0.2692,0.1839,0.2294,0.2555,0.1738
38,107920,1546,2875,5.25e-06,0.2158,0.3179,0.1711,0.1884,0.2948,0.1652
38,107940,1566,2875,5.25e-06,0.2289,0.3288,0.1698,0.2114,0.3082,0.1643
38,107960,1586,2875,5.25e-06,0.1568,0.2809,0.1453,0.1341,0.2373,0.1332
38,107980,1606,2875,5.25e-06,0.1587,0.2951,0.1744,0.1436,0.2963,0.1736
38,108000,1626,2875,5.25e-06,0.2136,0.3531,0.1858,0.2021,0.3178,0.174
38,108020,1646,2875,5.25e-06,0.3464,0.312,0.1905,0.299,0.2909,0.1843
38,108040,1666,2875,5.25e-06,0.2993,0.4391,0.2055,0.279,0.3967,0.1954
38,108060,1686,2875,5.25e-06,0.2618,0.3031,0.1895,0.2411,0.2971,0.1815
38,108080,1706,2875,5.25e-06,0.2021,0.2916,0.181,0.1757,0.2917,0.1802
38,108100,1726,2875,5.25e-06,0.3064,0.2325,0.1652,0.2995,0.203,0.1515
38,108120,1746,2875,5.25e-06,0.3073,0.3544,0.1998,0.2715,0.3239,0.1948
38,108140,1766,2875,5.25e-06,0.1774,0.3152,0.1793,0.1583,0.291,0.1704
38,108160,1786,2875,5.25e-06,0.2521,0.302,0.176,0.2312,0.2811,0.1671
38,108180,1806,2875,5.25e-06,0.2855,0.3931,0.1991,0.2711,0.3765,0.1935
38,108200,1826,2875,5.25e-06,0.2725,0.3722,0.2001,0.2636,0.3459,0.193
38,108220,1846,2875,5.25e-06,0.2248,0.2939,0.1796,0.2134,0.2905,0.1757
38,108240,1866,2875,5.25e-06,0.2104,0.3303,0.1728,0.1963,0.3214,0.1678
38,108260,1886,2875,5.25e-06,0.2704,0.3775,0.1894,0.2272,0.3772,0.1796
38,108280,1906,2875,5.25e-06,0.2801,0.3265,0.1764,0.2461,0.2958,0.1673
38,108300,1926,2875,5.25e-06,0.3056,0.3928,0.2164,0.2866,0.3708,0.2045
38,108320,1946,2875,5.25e-06,0.2863,0.3135,0.1854,0.2633,0.2978,0.1789
38,108340,1966,2875,5.25e-06,0.2594,0.3816,0.1996,0.2603,0.3573,0.1898
38,108360,1986,2875,5.25e-06,0.1957,0.3118,0.1734,0.1979,0.3101,0.1713
38,108380,2006,2875,5.25e-06,0.2441,0.2628,0.1805,0.233,0.2436,0.1695
38,108400,2026,2875,5.25e-06,0.2268,0.3433,0.2006,0.1929,0.3246,0.1909
38,108420,2046,2875,5.25e-06,0.2301,0.3955,0.2093,0.2111,0.3736,0.2035
38,108440,2066,2875,5.25e-06,0.3177,0.3557,0.2041,0.2967,0.3318,0.1958
38,108460,2086,2875,5.25e-06,0.2525,0.3528,0.1828,0.2244,0.3232,0.1782
38,108480,2106,2875,5.25e-06,0.2644,0.3485,0.1899,0.2486,0.3388,0.1854
38,108500,2126,2875,5.25e-06,0.2577,0.3876,0.1918,0.2393,0.3514,0.1795
38,108520,2146,2875,5.25e-06,0.3142,0.2685,0.176,0.2962,0.2404,0.1626
38,108540,2166,2875,5.25e-06,0.3223,0.3107,0.1972,0.299,0.2837,0.1933
38,108560,2186,2875,5.25e-06,0.2979,0.3056,0.1864,0.2737,0.2827,0.1785
38,108580,2206,2875,5.25e-06,0.1789,0.305,0.1802,0.142,0.3029,0.1792
38,108600,2226,2875,5.25e-06,0.2333,0.3243,0.1801,0.2283,0.3143,0.1775
38,108620,2246,2875,5.25e-06,0.2307,0.3296,0.1839,0.215,0.3117,0.1757
38,108640,2266,2875,5.25e-06,0.2698,0.3303,0.1858,0.2603,0.3065,0.1755
38,108660,2286,2875,5.25e-06,0.3026,0.3212,0.1985,0.2648,0.3191,0.1946
38,108680,2306,2875,5.25e-06,0.2581,0.3699,0.1916,0.2458,0.3551,0.1823
38,108700,2326,2875,5.25e-06,0.2184,0.3613,0.1827,0.1902,0.3433,0.1769
38,108720,2346,2875,5.25e-06,0.2071,0.3048,0.187,0.205,0.2891,0.1788
38,108740,2366,2875,5.25e-06,0.2073,0.339,0.1775,0.1965,0.3179,0.1711
38,108760,2386,2875,5.25e-06,0.2243,0.3305,0.1967,0.2066,0.3046,0.1903
38,108780,2406,2875,5.25e-06,0.1861,0.3327,0.1839,0.1771,0.3249,0.1797
38,108800,2426,2875,5.25e-06,0.2554,0.2723,0.1837,0.2215,0.2615,0.1761
38,108820,2446,2875,5.25e-06,0.3321,0.3199,0.1906,0.313,0.3015,0.1791
38,108840,2466,2875,5.25e-06,0.2369,0.3953,0.204,0.2085,0.3642,0.1963
38,108860,2486,2875,5.25e-06,0.2452,0.3966,0.203,0.2385,0.3793,0.1983
38,108880,2506,2875,5.25e-06,0.2233,0.209,0.1761,0.178,0.2113,0.1717
38,108900,2526,2875,5.25e-06,0.2443,0.3894,0.1987,0.2259,0.3868,0.1936
38,108920,2546,2875,5.25e-06,0.2049,0.3238,0.1773,0.1809,0.3139,0.1713
38,108940,2566,2875,5.25e-06,0.361,0.2864,0.1748,0.3221,0.2392,0.1633
38,108960,2586,2875,5.25e-06,0.2105,0.33,0.1813,0.1737,0.2892,0.1714
38,108980,2606,2875,5.25e-06,0.1718,0.2815,0.1564,0.1331,0.2673,0.1488
38,109000,2626,2875,5.25e-06,0.2665,0.404,0.1992,0.2547,0.3811,0.1902
38,109020,2646,2875,5.25e-06,0.2319,0.2895,0.1673,0.1745,0.28,0.1596
38,109040,2666,2875,5.25e-06,0.2588,0.2552,0.1765,0.2081,0.2251,0.1628
38,109060,2686,2875,5.25e-06,0.1625,0.1495,0.1479,0.142,0.1503,0.1438
38,109080,2706,2875,5.25e-06,0.2793,0.3725,0.1952,0.2559,0.3514,0.1897
38,109100,2726,2875,5.25e-06,0.2015,0.2943,0.1704,0.1866,0.2676,0.1603
38,109120,2746,2875,5.25e-06,0.1963,0.2782,0.1587,0.1602,0.2526,0.1463
38,109140,2766,2875,5.25e-06,0.3102,0.3546,0.1883,0.2908,0.3376,0.1773
38,109160,2786,2875,5.25e-06,0.2387,0.2905,0.1755,0.2191,0.2711,0.1696
38,109180,2806,2875,5.25e-06,0.2563,0.3998,0.1907,0.2497,0.3968,0.182
38,109200,2826,2875,5.25e-06,0.2854,0.3504,0.2049,0.2514,0.3378,0.1973
38,109220,2846,2875,5.25e-06,0.305,0.3843,0.2235,0.2967,0.3678,0.2171
38,109240,2866,2875,5.25e-06,0.2562,0.4064,0.1949,0.2349,0.3978,0.1877
39,109260,11,2875,4.69e-06,0.3008,0.2673,0.1766,0.2686,0.2598,0.1696
39,109280,31,2875,4.69e-06,0.2472,0.2827,0.1643,0.2206,0.2692,0.1572
39,109300,51,2875,4.69e-06,0.2084,0.3014,0.1779,0.1997,0.286,0.1712
39,109320,71,2875,4.69e-06,0.3314,0.3998,0.2001,0.2959,0.3756,0.2016
39,109340,91,2875,4.69e-06,0.2276,0.3489,0.1767,0.2046,0.3318,0.171
39,109360,111,2875,4.69e-06,0.2506,0.3167,0.1757,0.2194,0.3,0.1687
39,109380,131,2875,4.69e-06,0.2265,0.3591,0.1883,0.2045,0.3195,0.173
39,109400,151,2875,4.69e-06,0.2369,0.2161,0.1587,0.2205,0.2113,0.1555
39,109420,171,2875,4.69e-06,0.1967,0.3149,0.1778,0.176,0.2865,0.1704
39,109440,191,2875,4.69e-06,0.2204,0.2594,0.1777,0.2099,0.2479,0.1721
39,109460,211,2875,4.69e-06,0.2036,0.1662,0.1525,0.2018,0.1542,0.1472
39,109480,231,2875,4.69e-06,0.2139,0.218,0.1626,0.1925,0.2066,0.1555
39,109500,251,2875,4.69e-06,0.2277,0.3171,0.1742,0.2152,0.3014,0.1678
39,109520,271,2875,4.69e-06,0.2765,0.2888,0.1685,0.2557,0.2831,0.168
39,109540,291,2875,4.69e-06,0.2669,0.3774,0.2094,0.2426,0.3593,0.2046
39,109560,311,2875,4.69e-06,0.2563,0.3653,0.1551,0.2455,0.3477,0.1472
39,109580,331,2875,4.69e-06,0.261,0.1928,0.1282,0.2483,0.1599,0.1208
39,109600,351,2875,4.69e-06,0.2164,0.3007,0.1864,0.1862,0.278,0.1805
39,109620,371,2875,4.69e-06,0.2128,0.3307,0.1779,0.172,0.3219,0.1681
39,109640,391,2875,4.69e-06,0.218,0.4096,0.199,0.2013,0.395,0.1928
39,109660,411,2875,4.69e-06,0.2525,0.3062,0.1607,0.246,0.3079,0.1602
39,109680,431,2875,4.69e-06,0.2148,0.2853,0.1718,0.199,0.2673,0.1647
39,109700,451,2875,4.69e-06,0.2477,0.4475,0.2141,0.2259,0.4299,0.2093
39,109720,471,2875,4.69e-06,0.3024,0.3004,0.1705,0.2936,0.2984,0.1662
39,109740,491,2875,4.69e-06,0.2967,0.3227,0.1943,0.2993,0.2866,0.1808
39,109760,511,2875,4.69e-06,0.3001,0.2988,0.1739,0.2714,0.286,0.1674
39,109780,531,2875,4.69e-06,0.2723,0.3288,0.1861,0.2494,0.3136,0.1781
39,109800,551,2875,4.69e-06,0.2063,0.3078,0.1779,0.1841,0.2865,0.1669
39,109820,571,2875,4.69e-06,0.2194,0.3649,0.1926,0.2094,0.3381,0.1864
39,109840,591,2875,4.69e-06,0.2821,0.2623,0.1603,0.2449,0.2344,0.1568
39,109860,611,2875,4.69e-06,0.2203,0.3668,0.2111,0.2129,0.3355,0.2047
39,109880,631,2875,4.69e-06,0.2258,0.3108,0.1886,0.1993,0.3077,0.1825
39,109900,651,2875,4.69e-06,0.2346,0.3514,0.18,0.2054,0.3152,0.1691
39,109920,671,2875,4.69e-06,0.1904,0.2783,0.1598,0.193,0.2625,0.1523
39,109940,691,2875,4.69e-06,0.2722,0.3128,0.1742,0.2479,0.2977,0.1678
39,109960,711,2875,4.69e-06,0.2296,0.3151,0.19,0.2126,0.2981,0.1873
39,109980,731,2875,4.69e-06,0.2557,0.3137,0.1643,0.253,0.3075,0.1586
39,110000,751,2875,4.69e-06,0.3166,0.1999,0.1544,0.3171,0.168,0.1457
39,110020,771,2875,4.69e-06,0.249,0.3659,0.1848,0.2309,0.3335,0.1738
39,110040,791,2875,4.69e-06,0.2862,0.4392,0.1998,0.2572,0.4115,0.1911
39,110060,811,2875,4.69e-06,0.2756,0.3841,0.193,0.2465,0.3604,0.186
39,110080,831,2875,4.69e-06,0.2614,0.3201,0.1896,0.2178,0.3044,0.1842
39,110100,851,2875,4.69e-06,0.2852,0.3942,0.204,0.2679,0.3766,0.197
39,110120,871,2875,4.69e-06,0.1839,0.1973,0.1543,0.146,0.1888,0.1527
39,110140,891,2875,4.69e-06,0.2239,0.3679,0.1746,0.2036,0.3645,0.1711
39,110160,911,2875,4.69e-06,0.2652,0.3184,0.2044,0.2442,0.3006,0.2014
39,110180,931,2875,4.69e-06,0.217,0.2744,0.1706,0.1915,0.2524,0.1635
39,110200,951,2875,4.69e-06,0.2216,0.2532,0.1933,0.201,0.2325,0.1798
39,110220,971,2875,4.69e-06,0.3119,0.2917,0.1604,0.2917,0.2775,0.1547
39,110240,991,2875,4.69e-06,0.2672,0.33,0.1933,0.2463,0.314,0.1837
39,110260,1011,2875,4.69e-06,0.2291,0.2286,0.1574,0.2305,0.2109,0.1501
39,110280,1031,2875,4.69e-06,0.2574,0.3584,0.1752,0.2515,0.3379,0.1739
39,110300,1051,2875,4.69e-06,0.1991,0.3039,0.1609,0.1987,0.2964,0.1577
39,110320,1071,2875,4.69e-06,0.3162,0.3446,0.1936,0.2822,0.3269,0.1891
39,110340,1091,2875,4.69e-06,0.2531,0.287,0.1891,0.2461,0.2771,0.1814
39,110360,1111,2875,4.69e-06,0.3128,0.2846,0.1667,0.2733,0.2682,0.1573
39,110380,1131,2875,4.69e-06,0.2662,0.2773,0.1769,0.2325,0.2563,0.1625
39,110400,1151,2875,4.69e-06,0.238,0.2743,0.1675,0.2198,0.2557,0.1606
39,110420,1171,2875,4.69e-06,0.2526,0.311,0.1829,0.2329,0.3049,0.1791
39,110440,1191,2875,4.69e-06,0.2007,0.2022,0.1536,0.1621,0.216,0.1563
39,110460,1211,2875,4.69e-06,0.2111,0.3449,0.1668,0.1626,0.3274,0.1567
39,110480,1231,2875,4.69e-06,0.2647,0.2649,0.1486,0.2263,0.2311,0.1407
39,110500,1251,2875,4.69e-06,0.2867,0.3186,0.2019,0.2577,0.3018,0.1981
39,110520,1271,2875,4.69e-06,0.2021,0.3241,0.1767,0.1736,0.306,0.1692
39,110540,1291,2875,4.69e-06,0.3349,0.3148,0.1884,0.2814,0.3018,0.1759
39,110560,1311,2875,4.69e-06,0.2115,0.2796,0.1787,0.1982,0.2834,0.1763
39,110580,1331,2875,4.69e-06,0.2191,0.3204,0.1823,0.2034,0.3101,0.1806
39,110600,1351,2875,4.69e-06,0.2169,0.3046,0.1611,0.204,0.2857,0.1541
39,110620,1371,2875,4.69e-06,0.2967,0.3643,0.1952,0.294,0.3472,0.1871
39,110640,1391,2875,4.69e-06,0.2235,0.3166,0.1824,0.214,0.3006,0.1729
39,110660,1411,2875,4.69e-06,0.1984,0.2752,0.1669,0.1797,0.2605,0.1599
39,110680,1431,2875,4.69e-06,0.2739,0.2969,0.1794,0.2429,0.2834,0.1726
39,110700,1451,2875,4.69e-06,0.2277,0.3698,0.1879,0.2177,0.3632,0.1864
39,110720,1471,2875,4.69e-06,0.2262,0.3025,0.1742,0.196,0.2895,0.1664
39,110740,1491,2875,4.69e-06,0.2818,0.4243,0.1953,0.2406,0.406,0.1891
39,110760,1511,2875,4.69e-06,0.2127,0.2978,0.1596,0.1982,0.2915,0.1591
39,110780,1531,2875,4.69e-06,0.2154,0.2912,0.182,0.194,0.2838,0.1794
39,110800,1551,2875,4.69e-06,0.2312,0.2733,0.169,0.2226,0.2546,0.1638
39,110820,1571,2875,4.69e-06,0.2954,0.3669,0.1998,0.2919,0.3522,0.1915
39,110840,1591,2875,4.69e-06,0.2266,0.3031,0.1655,0.2141,0.2879,0.1572
39,110860,1611,2875,4.69e-06,0.2515,0.3668,0.1804,0.2347,0.344,0.1764
39,110880,1631,2875,4.69e-06,0.2393,0.3805,0.1951,0.2357,0.3624,0.1889
39,110900,1651,2875,4.69e-06,0.1827,0.3124,0.1682,0.16,0.2945,0.1631
39,110920,1671,2875,4.69e-06,0.3133,0.3014,0.1909,0.2893,0.2822,0.1799
39,110940,1691,2875,4.69e-06,0.1825,0.3055,0.1796,0.156,0.3102,0.1774
39,110960,1711,2875,4.69e-06,0.3037,0.3233,0.1933,0.2548,0.3144,0.1908
39,110980,1731,2875,4.69e-06,0.2513,0.3251,0.1973,0.2364,0.3139,0.1856
39,111000,1751,2875,4.69e-06,0.3288,0.273,0.1568,0.2861,0.2613,0.1541
39,111020,1771,2875,4.69e-06,0.2667,0.2289,0.1582,0.2284,0.1976,0.1409
39,111040,1791,2875,4.69e-06,0.1828,0.2323,0.1632,0.177,0.2083,0.1555
39,111060,1811,2875,4.69e-06,0.2346,0.3385,0.1798,0.2225,0.3369,0.1788
39,111080,1831,2875,4.69e-06,0.2214,0.2156,0.136,0.2214,0.1934,0.1364
39,111100,1851,2875,4.69e-06,0.2594,0.2811,0.1633,0.2425,0.2706,0.1529
39,111120,1871,2875,4.69e-06,0.2051,0.3107,0.1822,0.1787,0.2846,0.1719
39,111140,1891,2875,4.69e-06,0.3775,0.2589,0.1775,0.3732,0.2449,0.1668
39,111160,1911,2875,4.69e-06,0.2417,0.3197,0.1793,0.2183,0.3066,0.1733
39,111180,1931,2875,4.69e-06,0.3072,0.2761,0.1824,0.2888,0.2437,0.1741
39,111200,1951,2875,4.69e-06,0.2539,0.3571,0.1886,0.248,0.3282,0.1795
39,111220,1971,2875,4.69e-06,0.2442,0.2623,0.166,0.2302,0.2492,0.1582
39,111240,1991,2875,4.69e-06,0.2694,0.3547,0.185,0.2469,0.3211,0.1753
39,111260,2011,2875,4.69e-06,0.3366,0.3634,0.1851,0.3198,0.3515,0.1799
39,111280,2031,2875,4.69e-06,0.2146,0.2942,0.1868,0.1829,0.2886,0.182
39,111300,2051,2875,4.69e-06,0.2579,0.2724,0.1769,0.2242,0.2543,0.1695
39,111320,2071,2875,4.69e-06,0.2934,0.3533,0.188,0.2774,0.3423,0.1849
39,111340,2091,2875,4.69e-06,0.2489,0.2751,0.1742,0.2361,0.2732,0.1736
39,111360,2111,2875,4.69e-06,0.2399,0.2625,0.1945,0.2143,0.2379,0.186
39,111380,2131,2875,4.69e-06,0.3414,0.2793,0.1652,0.3438,0.2616,0.1527
39,111400,2151,2875,4.69e-06,0.3401,0.3553,0.1969,0.3224,0.3358,0.1844
39,111420,2171,2875,4.69e-06,0.2105,0.3643,0.1988,0.191,0.3634,0.1966
39,111440,2191,2875,4.69e-06,0.2174,0.3315,0.1805,0.1929,0.3131,0.1698
39,111460,2211,2875,4.69e-06,0.1691,0.2507,0.1639,0.1518,0.2474,0.1641
39,111480,2231,2875,4.69e-06,0.2144,0.3057,0.1823,0.1961,0.2974,0.1791
39,111500,2251,2875,4.69e-06,0.2494,0.2858,0.1868,0.2325,0.283,0.1833
39,111520,2271,2875,4.69e-06,0.16,0.259,0.155,0.1367,0.2548,0.1482
39,111540,2291,2875,4.69e-06,0.2626,0.3144,0.1778,0.2451,0.3018,0.1692
39,111560,2311,2875,4.69e-06,0.2475,0.3035,0.1783,0.2238,0.277,0.1692
39,111580,2331,2875,4.69e-06,0.2223,0.2971,0.163,0.2034,0.2705,0.1583
39,111600,2351,2875,4.69e-06,0.2553,0.3269,0.1854,0.2132,0.2911,0.17
39,111620,2371,2875,4.69e-06,0.2771,0.3473,0.186,0.2395,0.3274,0.1786
39,111640,2391,2875,4.69e-06,0.2962,0.2877,0.1825,0.2663,0.2736,0.177
39,111660,2411,2875,4.69e-06,0.201,0.2957,0.1828,0.1955,0.3023,0.1828
39,111680,2431,2875,4.69e-06,0.2587,0.3556,0.1908,0.2369,0.3509,0.1828
39,111700,2451,2875,4.69e-06,0.2003,0.3197,0.19,0.1877,0.3132,0.1871
39,111720,2471,2875,4.69e-06,0.2731,0.2975,0.1903,0.2511,0.2775,0.183
39,111740,2491,2875,4.69e-06,0.2624,0.2643,0.1838,0.2532,0.2491,0.1777
39,111760,2511,2875,4.69e-06,0.2459,0.3875,0.1989,0.2318,0.3724,0.1906
39,111780,2531,2875,4.69e-06,0.1955,0.2554,0.1694,0.1593,0.2379,0.164
39,111800,2551,2875,4.69e-06,0.2764,0.2685,0.1697,0.246,0.2572,0.1633
39,111820,2571,2875,4.69e-06,0.305,0.3302,0.2015,0.2841,0.3072,0.1885
39,111840,2591,2875,4.69e-06,0.2145,0.2664,0.1701,0.1904,0.2536,0.1671
39,111860,2611,2875,4.69e-06,0.2223,0.3568,0.2041,0.2082,0.3656,0.2095
39,111880,2631,2875,4.69e-06,0.2821,0.3502,0.1856,0.2555,0.3224,0.1739
39,111900,2651,2875,4.69e-06,0.1846,0.3099,0.1811,0.1649,0.2737,0.1727
39,111920,2671,2875,4.69e-06,0.2179,0.3101,0.1568,0.2138,0.3049,0.1504
39,111940,2691,2875,4.69e-06,0.1707,0.357,0.1868,0.1519,0.3433,0.1873
39,111960,2711,2875,4.69e-06,0.2998,0.2881,0.1814,0.2523,0.2725,0.1756
39,111980,2731,2875,4.69e-06,0.2342,0.2884,0.1698,0.2181,0.2755,0.1628
39,112000,2751,2875,4.69e-06,0.2244,0.3482,0.1953,0.2013,0.3277,0.1872
39,112020,2771,2875,4.69e-06,0.2882,0.2882,0.1883,0.247,0.276,0.1823
39,112040,2791,2875,4.69e-06,0.2846,0.3257,0.1825,0.2519,0.3044,0.1748
39,112060,2811,2875,4.69e-06,0.2813,0.3526,0.1733,0.2726,0.3503,0.1678
39,112080,2831,2875,4.69e-06,0.2337,0.3084,0.1878,0.2089,0.3083,0.1845
39,112100,2851,2875,4.69e-06,0.3793,0.3634,0.1978,0.347,0.3652,0.1937
39,112120,2871,2875,4.69e-06,0.2365,0.227,0.1732,0.2213,0.2079,0.1666
40,112140,16,2875,4.17e-06,0.2593,0.3645,0.1802,0.2268,0.362,0.1778
40,112140,16,2875,3.69e-06,0.2166,0.3281,0.1947,0.2077,0.2853,0.1781
40,112160,36,2875,4.17e-06,0.1954,0.3171,0.1862,0.169,0.2881,0.1762
40,112160,36,2875,3.69e-06,0.2195,0.3492,0.1816,0.2058,0.3413,0.1763
40,112180,56,2875,4.17e-06,0.2441,0.3596,0.1857,0.2372,0.3455,0.1774
40,112180,56,2875,3.69e-06,0.339,0.3679,0.2008,0.3149,0.3353,0.1899
40,112200,76,2875,4.17e-06,0.2141,0.3157,0.1826,0.1927,0.2934,0.1759
40,112200,76,2875,3.69e-06,0.2279,0.2405,0.167,0.2051,0.2245,0.1601
40,112220,96,2875,4.17e-06,0.2073,0.2905,0.1677,0.1764,0.2854,0.1638
40,112220,96,2875,3.69e-06,0.2265,0.327,0.1866,0.211,0.3082,0.1835
40,112240,116,2875,4.17e-06,0.2876,0.3632,0.2184,0.2408,0.3363,0.2162
40,112240,116,2875,3.69e-06,0.1926,0.2109,0.1605,0.1536,0.1996,0.163
40,112260,136,2875,4.17e-06,0.2466,0.3542,0.1902,0.2294,0.3341,0.1857
40,112260,136,2875,3.69e-06,0.2896,0.2861,0.1776,0.2686,0.276,0.1725
40,112280,156,2875,4.17e-06,0.2881,0.333,0.1733,0.2632,0.3227,0.1696
40,112280,156,2875,3.69e-06,0.2185,0.3981,0.2098,0.2057,0.3914,0.2084
40,112300,176,2875,4.17e-06,0.25,0.3957,0.1957,0.2538,0.3631,0.1847
40,112300,176,2875,3.69e-06,0.2293,0.2909,0.1939,0.2121,0.2753,0.1874
40,112320,196,2875,4.17e-06,0.4184,0.3413,0.1864,0.3624,0.326,0.1832
40,112320,196,2875,3.69e-06,0.2946,0.282,0.1587,0.2498,0.2553,0.1468
40,112340,216,2875,4.17e-06,0.3037,0.3043,0.2061,0.266,0.2972,0.201
40,112340,216,2875,3.69e-06,0.3208,0.3406,0.1845,0.2939,0.3371,0.1784
40,112360,236,2875,4.17e-06,0.1942,0.3115,0.1704,0.1694,0.2992,0.1681
40,112360,236,2875,3.69e-06,0.2507,0.2953,0.1784,0.2364,0.2811,0.1725
40,112380,256,2875,4.17e-06,0.2342,0.3143,0.1881,0.2191,0.2949,0.1838
40,112380,256,2875,3.69e-06,0.2397,0.3255,0.1743,0.2223,0.3138,0.169
40,112400,276,2875,4.17e-06,0.2481,0.312,0.1744,0.2304,0.2896,0.1665
40,112400,276,2875,3.69e-06,0.2881,0.2336,0.1915,0.259,0.2231,0.1834
40,112420,296,2875,4.17e-06,0.2484,0.4002,0.2008,0.2443,0.3698,0.1969
40,112420,296,2875,3.69e-06,0.2344,0.36,0.1896,0.2145,0.3466,0.1853
40,112440,316,2875,4.17e-06,0.2546,0.3515,0.191,0.2398,0.3417,0.1867
40,112440,316,2875,3.69e-06,0.2477,0.3093,0.1817,0.2262,0.2809,0.172
40,112460,336,2875,4.17e-06,0.2502,0.2831,0.1643,0.2173,0.2746,0.1591
40,112460,336,2875,3.69e-06,0.1975,0.3174,0.1756,0.1924,0.3265,0.1739
40,112480,356,2875,4.17e-06,0.2153,0.3128,0.1843,0.2221,0.3059,0.1804
40,112480,356,2875,3.69e-06,0.2739,0.3032,0.1786,0.2641,0.3007,0.1776
40,112500,376,2875,4.17e-06,0.2318,0.347,0.183,0.2138,0.3287,0.1775
40,112500,376,2875,3.69e-06,0.2534,0.3335,0.1842,0.2369,0.318,0.1744
40,112520,396,2875,4.17e-06,0.272,0.2044,0.1513,0.2472,0.2079,0.1515
40,112520,396,2875,3.69e-06,0.1999,0.2748,0.1652,0.1842,0.2742,0.1634
40,112540,416,2875,4.17e-06,0.288,0.304,0.1938,0.2588,0.2959,0.1933
40,112540,416,2875,3.69e-06,0.2604,0.3165,0.1755,0.2363,0.2997,0.1671
40,112560,436,2875,4.17e-06,0.1962,0.3124,0.1734,0.1725,0.3037,0.1707
40,112560,436,2875,3.69e-06,0.322,0.3706,0.1972,0.2806,0.3488,0.1871
40,112580,456,2875,4.17e-06,0.2984,0.3414,0.189,0.2723,0.3028,0.1781
40,112580,456,2875,3.69e-06,0.2714,0.2999,0.1796,0.2403,0.2837,0.1703
40,112600,476,2875,4.17e-06,0.2131,0.3047,0.1771,0.1948,0.2802,0.1699
40,112600,476,2875,3.69e-06,0.2337,0.2919,0.1707,0.2291,0.2707,0.1659
40,112620,496,2875,4.17e-06,0.3636,0.2858,0.1726,0.3285,0.278,0.1686
40,112620,496,2875,3.69e-06,0.3,0.3505,0.1931,0.2837,0.3357,0.1959
40,112640,516,2875,4.17e-06,0.2851,0.3457,0.2003,0.2519,0.317,0.1884
40,112640,516,2875,3.69e-06,0.2583,0.2916,0.1819,0.2385,0.2917,0.1816
40,112660,536,2875,4.17e-06,0.2675,0.3344,0.1838,0.2514,0.3254,0.1765
40,112660,536,2875,3.69e-06,0.2789,0.3977,0.1853,0.2489,0.3753,0.1728
40,112680,556,2875,4.17e-06,0.2874,0.3803,0.2009,0.2593,0.3649,0.1968
40,112680,556,2875,3.69e-06,0.2398,0.2559,0.1557,0.2141,0.2464,0.1498
40,112700,576,2875,4.17e-06,0.3029,0.3358,0.183,0.2675,0.3286,0.1782
40,112700,576,2875,3.69e-06,0.2174,0.3098,0.1837,0.1914,0.2993,0.1793
40,112720,596,2875,4.17e-06,0.3032,0.3596,0.1972,0.2899,0.3486,0.1938
40,112720,596,2875,3.69e-06,0.2184,0.366,0.1857,0.2037,0.3404,0.182
40,112740,616,2875,4.17e-06,0.2356,0.2688,0.1672,0.2104,0.2695,0.1617
40,112740,616,2875,3.69e-06,0.2954,0.3132,0.1831,0.2767,0.3137,0.1766
40,112760,636,2875,4.17e-06,0.4163,0.2786,0.1735,0.3891,0.265,0.1651
40,112760,636,2875,3.69e-06,0.2478,0.3111,0.1574,0.2316,0.2845,0.1464
40,112780,656,2875,4.17e-06,0.2638,0.3505,0.19,0.259,0.3392,0.1845
40,112780,656,2875,3.69e-06,0.2376,0.3398,0.1844,0.2135,0.3295,0.1815
40,112800,676,2875,4.17e-06,0.2567,0.4357,0.1994,0.2363,0.4132,0.194
40,112800,676,2875,3.69e-06,0.2047,0.3233,0.1888,0.1927,0.3207,0.1866
40,112820,696,2875,4.17e-06,0.2051,0.2651,0.1842,0.1792,0.248,0.1777
40,112820,696,2875,3.69e-06,0.3236,0.2012,0.162,0.2788,0.1911,0.1529
40,112840,716,2875,4.17e-06,0.2489,0.3682,0.204,0.2368,0.3568,0.2016
40,112840,716,2875,3.69e-06,0.1821,0.305,0.1681,0.1646,0.3013,0.1639
40,112860,736,2875,4.17e-06,0.2555,0.4432,0.202,0.2407,0.4072,0.1975
40,112860,736,2875,3.69e-06,0.2728,0.2531,0.1549,0.1913,0.235,0.1479
40,112880,756,2875,4.17e-06,0.2268,0.1921,0.1529,0.1924,0.1859,0.1442
40,112880,756,2875,3.69e-06,0.2342,0.3191,0.1748,0.213,0.2983,0.1675
40,112900,776,2875,4.17e-06,0.1638,0.2587,0.1968,0.1408,0.2533,0.1942
40,112900,776,2875,3.69e-06,0.3661,0.3958,0.2015,0.3316,0.3889,0.1968
40,112920,796,2875,4.17e-06,0.2065,0.262,0.1779,0.1943,0.2536,0.1699
40,112920,796,2875,3.69e-06,0.2429,0.2486,0.1512,0.211,0.2181,0.1366
40,112940,816,2875,4.17e-06,0.2482,0.2757,0.1786,0.2204,0.2738,0.1735
40,112940,816,2875,3.69e-06,0.2652,0.2868,0.1769,0.2519,0.262,0.1649
40,112960,836,2875,4.17e-06,0.2298,0.3051,0.1849,0.2038,0.2715,0.1797
40,112960,836,2875,3.69e-06,0.1892,0.3312,0.1913,0.1819,0.297,0.1831
40,112980,856,2875,4.17e-06,0.2626,0.384,0.1898,0.2454,0.3619,0.1817
40,112980,856,2875,3.69e-06,0.2934,0.3525,0.1861,0.264,0.3457,0.1759
40,113000,876,2875,4.17e-06,0.2386,0.2784,0.1707,0.2235,0.2675,0.1596
40,113000,876,2875,3.69e-06,0.3003,0.3548,0.1916,0.2757,0.3329,0.1835
40,113020,896,2875,4.17e-06,0.3235,0.2731,0.1968,0.2946,0.2712,0.1976
40,113020,896,2875,3.69e-06,0.1301,0.174,0.145,0.1004,0.1643,0.1371
40,113040,916,2875,4.17e-06,0.2401,0.2306,0.1685,0.2175,0.2169,0.1634
40,113040,916,2875,3.69e-06,0.2787,0.2909,0.1795,0.2542,0.2593,0.1669
40,113060,936,2875,4.17e-06,0.19,0.3288,0.1845,0.1682,0.317,0.1793
40,113060,936,2875,3.69e-06,0.274,0.3879,0.2072,0.2594,0.3587,0.1987
40,113080,956,2875,4.17e-06,0.3313,0.3469,0.1975,0.3101,0.3378,0.1925
40,113080,956,2875,3.69e-06,0.29,0.3549,0.1838,0.2511,0.3392,0.1805
40,113100,976,2875,4.17e-06,0.3124,0.378,0.1935,0.2712,0.3546,0.1848
40,113100,976,2875,3.69e-06,0.1892,0.2992,0.1683,0.1862,0.2726,0.1627
40,113120,996,2875,4.17e-06,0.2254,0.3005,0.1763,0.2133,0.2922,0.1723
40,113120,996,2875,3.69e-06,0.1836,0.2858,0.1678,0.1684,0.2776,0.1631
40,113140,1016,2875,4.17e-06,0.2526,0.3717,0.1994,0.2132,0.3591,0.1931
40,113140,1016,2875,3.69e-06,0.1971,0.3465,0.1816,0.1831,0.3086,0.1681
40,113160,1036,2875,4.17e-06,0.2742,0.3839,0.179,0.2498,0.3548,0.1731
40,113160,1036,2875,3.69e-06,0.2359,0.3453,0.181,0.2098,0.313,0.1706
40,113180,1056,2875,4.17e-06,0.2652,0.3664,0.1811,0.2459,0.3449,0.1744
40,113180,1056,2875,3.69e-06,0.2704,0.3122,0.1752,0.2454,0.297,0.1695
40,113200,1076,2875,4.17e-06,0.2283,0.2871,0.1831,0.2138,0.2729,0.1747
40,113200,1076,2875,3.69e-06,0.4095,0.394,0.2222,0.3631,0.3669,0.2083
40,113220,1096,2875,4.17e-06,0.2429,0.344,0.1882,0.2213,0.31,0.1811
40,113220,1096,2875,3.69e-06,0.2353,0.2849,0.1665,0.2224,0.2691,0.1605
40,113240,1116,2875,4.17e-06,0.2294,0.2873,0.1888,0.214,0.2579,0.1796
40,113240,1116,2875,3.69e-06,0.3958,0.3944,0.1984,0.361,0.3682,0.1894
40,113260,1136,2875,4.17e-06,0.2907,0.3566,0.1876,0.2629,0.341,0.1858
40,113260,1136,2875,3.69e-06,0.2427,0.2206,0.1652,0.2032,0.2103,0.1582
40,113280,1156,2875,4.17e-06,0.3015,0.3712,0.1909,0.2693,0.3382,0.1791
40,113280,1156,2875,3.69e-06,0.2729,0.3518,0.1816,0.2278,0.3213,0.1715
40,113300,1176,2875,4.17e-06,0.286,0.3534,0.1893,0.2706,0.3148,0.1777
40,113300,1176,2875,3.69e-06,0.2083,0.2462,0.1801,0.1853,0.2195,0.1718
40,113320,1196,2875,4.17e-06,0.2526,0.3645,0.1946,0.2566,0.3636,0.1898
40,113320,1196,2875,3.69e-06,0.3085,0.3797,0.2108,0.2994,0.3625,0.2048
40,113340,1216,2875,4.17e-06,0.2707,0.3746,0.1948,0.2359,0.3562,0.1892
40,113340,1216,2875,3.69e-06,0.2894,0.2327,0.1593,0.2407,0.217,0.1485
40,113360,1236,2875,4.17e-06,0.3658,0.3689,0.21,0.3381,0.3415,0.1989
40,113360,1236,2875,3.69e-06,0.2056,0.3572,0.1696,0.189,0.3386,0.1649
40,113380,1256,2875,4.17e-06,0.2146,0.3196,0.1962,0.2002,0.2971,0.1925
40,113380,1256,2875,3.69e-06,0.2924,0.3758,0.1972,0.2851,0.3446,0.1927
40,113400,1276,2875,4.17e-06,0.3532,0.3151,0.1797,0.3187,0.2992,0.1724
40,113400,1276,2875,3.69e-06,0.17,0.236,0.1662,0.1292,0.1971,0.156
40,113420,1296,2875,4.17e-06,0.2324,0.3078,0.1863,0.2196,0.2923,0.1806
40,113420,1296,2875,3.69e-06,0.2189,0.2579,0.1686,0.1901,0.2415,0.1618
40,113440,1316,2875,4.17e-06,0.2287,0.3698,0.2104,0.2162,0.3392,0.2052
40,113440,1316,2875,3.69e-06,0.1638,0.2417,0.1612,0.1522,0.2276,0.157
40,113460,1336,2875,4.17e-06,0.2648,0.2809,0.1799,0.2411,0.2592,0.1733
40,113460,1336,2875,3.69e-06,0.2192,0.3505,0.1903,0.1926,0.3242,0.1798
40,113480,1356,2875,4.17e-06,0.2961,0.3546,0.175,0.2833,0.3242,0.1689
40,113480,1356,2875,3.69e-06,0.2965,0.3076,0.1912,0.2625,0.2926,0.1825
40,113500,1376,2875,4.17e-06,0.2189,0.366,0.1622,0.2,0.3471,0.1562
40,113500,1376,2875,3.69e-06,0.2603,0.3005,0.1805,0.2494,0.2974,0.1754
40,113520,1396,2875,4.17e-06,0.2935,0.1931,0.1435,0.2663,0.1711,0.1339
40,113520,1396,2875,3.69e-06,0.2284,0.3378,0.1726,0.2215,0.3085,0.1648
40,113540,1416,2875,4.17e-06,0.2612,0.1776,0.1595,0.2356,0.1695,0.1527
40,113540,1416,2875,3.69e-06,0.3046,0.2402,0.1606,0.2806,0.2091,0.1467
40,113560,1436,2875,4.17e-06,0.2154,0.257,0.1502,0.2066,0.2397,0.1431
40,113560,1436,2875,3.69e-06,0.2558,0.2951,0.1666,0.2298,0.2777,0.1611
40,113580,1456,2875,4.17e-06,0.2316,0.3519,0.1866,0.2128,0.334,0.1819
40,113580,1456,2875,3.69e-06,0.2944,0.3177,0.1819,0.2621,0.2937,0.174
40,113600,1476,2875,4.17e-06,0.286,0.2984,0.1926,0.265,0.2915,0.1856
40,113600,1476,2875,3.69e-06,0.2676,0.3197,0.193,0.2349,0.3101,0.1874
40,113620,1496,2875,4.17e-06,0.2323,0.3046,0.1802,0.1986,0.2994,0.1754
40,113620,1496,2875,3.69e-06,0.1755,0.2914,0.1673,0.1553,0.2834,0.1686
40,113640,1516,2875,4.17e-06,0.2653,0.2501,0.1614,0.2542,0.2457,0.1552
40,113640,1516,2875,3.69e-06,0.2986,0.3032,0.1851,0.2568,0.2854,0.1765
40,113660,1536,2875,4.17e-06,0.2899,0.3267,0.1928,0.2605,0.2978,0.1794
40,113660,1536,2875,3.69e-06,0.3212,0.318,0.1875,0.3073,0.3116,0.1837
40,113680,1556,2875,4.17e-06,0.2176,0.2902,0.1665,0.1971,0.2647,0.1587
40,113680,1556,2875,3.69e-06,0.2239,0.294,0.1684,0.2145,0.2631,0.1635
40,113700,1576,2875,4.17e-06,0.2194,0.2581,0.1712,0.2003,0.2637,0.1681
40,113700,1576,2875,3.69e-06,0.3672,0.3291,0.1963,0.3471,0.3071,0.1924
40,113720,1596,2875,4.17e-06,0.2125,0.2221,0.1432,0.1844,0.2029,0.1365
40,113720,1596,2875,3.69e-06,0.232,0.3324,0.1661,0.2211,0.3234,0.1653
40,113740,1616,2875,4.17e-06,0.326,0.3089,0.2046,0.2857,0.3019,0.2011
40,113740,1616,2875,3.69e-06,0.3096,0.3997,0.1982,0.2773,0.3637,0.1901
40,113760,1636,2875,4.17e-06,0.3134,0.3597,0.1957,0.2762,0.3506,0.1855
40,113760,1636,2875,3.69e-06,0.2633,0.3533,0.186,0.241,0.3372,0.1808
40,113780,1656,2875,4.17e-06,0.2332,0.2497,0.1687,0.2006,0.2367,0.16
40,113780,1656,2875,3.69e-06,0.2787,0.3306,0.1847,0.2427,0.3179,0.1853
40,113800,1676,2875,4.17e-06,0.247,0.3281,0.1817,0.2266,0.3271,0.1792
40,113800,1676,2875,3.69e-06,0.2321,0.3352,0.1945,0.2091,0.3308,0.1909
40,113820,1696,2875,4.17e-06,0.242,0.283,0.1741,0.2176,0.2734,0.1704
40,113820,1696,2875,3.69e-06,0.2041,0.3609,0.1987,0.2005,0.3541,0.1964
40,113840,1716,2875,4.17e-06,0.2463,0.3672,0.1934,0.2235,0.3547,0.1864
40,113840,1716,2875,3.69e-06,0.299,0.3497,0.2098,0.2518,0.3334,0.1972
40,113860,1736,2875,4.17e-06,0.2821,0.366,0.1751,0.2797,0.3513,0.1694
40,113860,1736,2875,3.69e-06,0.2112,0.2431,0.166,0.1789,0.2343,0.1608
40,113880,1756,2875,4.17e-06,0.2811,0.3063,0.1837,0.2647,0.2837,0.1735
40,113880,1756,2875,3.69e-06,0.3577,0.3705,0.2025,0.3482,0.3459,0.1973
40,113900,1776,2875,4.17e-06,0.2415,0.3503,0.1942,0.2284,0.3459,0.1883
40,113900,1776,2875,3.69e-06,0.2929,0.3696,0.1897,0.278,0.3467,0.1821
40,113920,1796,2875,4.17e-06,0.2759,0.3271,0.1792,0.2609,0.3033,0.1704
40,113920,1796,2875,3.69e-06,0.2498,0.3085,0.1933,0.2287,0.2776,0.1842
40,113940,1816,2875,4.17e-06,0.2531,0.3355,0.237,0.2417,0.2989,0.2146
40,113940,1816,2875,3.69e-06,0.2027,0.331,0.1876,0.185,0.2978,0.1732
40,113960,1836,2875,4.17e-06,0.2779,0.3342,0.1882,0.2556,0.3217,0.1831
40,113960,1836,2875,3.69e-06,0.2611,0.3343,0.1995,0.243,0.3061,0.1948
40,113980,1856,2875,3.69e-06,0.2698,0.2728,0.1666,0.229,0.263,0.1573
40,114000,1876,2875,3.69e-06,0.2669,0.217,0.1545,0.2273,0.2051,0.1446
40,114020,1896,2875,3.69e-06,0.315,0.3715,0.2023,0.2988,0.3763,0.1936
40,114040,1916,2875,3.69e-06,0.2608,0.2739,0.1694,0.2405,0.2528,0.1596
40,114060,1936,2875,3.69e-06,0.211,0.2781,0.178,0.1816,0.2546,0.1704
40,114080,1956,2875,3.69e-06,0.2604,0.3625,0.1643,0.2273,0.3454,0.1563
40,114100,1976,2875,3.69e-06,0.241,0.2438,0.1744,0.2201,0.2407,0.1702
40,114120,1996,2875,3.69e-06,0.2947,0.2638,0.1744,0.2551,0.2471,0.1657
40,114140,2016,2875,3.69e-06,0.3096,0.4148,0.2072,0.3041,0.3873,0.2034
40,114160,2036,2875,3.69e-06,0.1618,0.3172,0.1618,0.1407,0.3098,0.159
40,114180,2056,2875,3.69e-06,0.228,0.2506,0.1531,0.194,0.2457,0.1502
40,114200,2076,2875,3.69e-06,0.2206,0.4222,0.199,0.2105,0.4054,0.1909
40,114220,2096,2875,3.69e-06,0.2281,0.2326,0.1723,0.1971,0.213,0.1584
40,114240,2116,2875,3.69e-06,0.1902,0.3479,0.1691,0.177,0.3198,0.1602
40,114260,2136,2875,3.69e-06,0.1891,0.2146,0.1649,0.1668,0.2029,0.159
40,114280,2156,2875,3.69e-06,0.206,0.278,0.1769,0.1881,0.2706,0.1703
40,114300,2176,2875,3.69e-06,0.2416,0.2876,0.1702,0.2256,0.2784,0.162
40,114320,2196,2875,3.69e-06,0.2611,0.3238,0.2025,0.238,0.3052,0.1919
40,114340,2216,2875,3.69e-06,0.2751,0.3494,0.1763,0.2679,0.3156,0.166
40,114360,2236,2875,3.69e-06,0.2472,0.3509,0.1913,0.2216,0.3419,0.1844
40,114380,2256,2875,3.69e-06,0.2834,0.3189,0.1773,0.2589,0.2854,0.1656
40,114400,2276,2875,3.69e-06,0.1875,0.3348,0.2021,0.1688,0.3249,0.2
40,114420,2296,2875,3.69e-06,0.1765,0.2865,0.1804,0.156,0.278,0.1739
40,114440,2316,2875,3.69e-06,0.2363,0.1931,0.1543,0.1743,0.1713,0.1524
40,114460,2336,2875,3.69e-06,0.2019,0.2596,0.1698,0.1808,0.2433,0.1638
40,114480,2356,2875,3.69e-06,0.2029,0.2676,0.1542,0.174,0.2646,0.1536
40,114500,2376,2875,3.69e-06,0.2245,0.2865,0.1613,0.2068,0.2762,0.1527
40,114520,2396,2875,3.69e-06,0.2496,0.3324,0.1814,0.2312,0.3256,0.1791
40,114540,2416,2875,3.69e-06,0.2491,0.3806,0.2063,0.2333,0.3684,0.2051
40,114560,2436,2875,3.69e-06,0.2504,0.3077,0.1668,0.2346,0.2987,0.1596
40,114580,2456,2875,3.69e-06,0.2963,0.338,0.2,0.248,0.3009,0.1892
40,114600,2476,2875,3.69e-06,0.2622,0.2942,0.2032,0.2442,0.2824,0.1931
40,114620,2496,2875,3.69e-06,0.1877,0.2601,0.1724,0.1673,0.2331,0.1669
40,114640,2516,2875,3.69e-06,0.2336,0.3427,0.1927,0.2137,0.3461,0.1891
40,114660,2536,2875,3.69e-06,0.2781,0.3279,0.1887,0.27,0.3144,0.1812
40,114680,2556,2875,3.69e-06,0.2894,0.3168,0.1881,0.2618,0.3017,0.1827
40,114700,2576,2875,3.69e-06,0.2681,0.3521,0.1873,0.2536,0.3398,0.182
40,114720,2596,2875,3.69e-06,0.2057,0.2587,0.1982,0.19,0.2323,0.1854
40,114740,2616,2875,3.69e-06,0.1981,0.2551,0.1703,0.1847,0.2467,0.1655
40,114760,2636,2875,3.69e-06,0.2713,0.3401,0.1899,0.261,0.3309,0.1894
40,114780,2656,2875,3.69e-06,0.2697,0.2881,0.1681,0.2509,0.2779,0.1639
40,114800,2676,2875,3.69e-06,0.2948,0.358,0.2086,0.2722,0.339,0.2019
40,114820,2696,2875,3.69e-06,0.2494,0.3441,0.1943,0.2458,0.3341,0.1918
40,114840,2716,2875,3.69e-06,0.3735,0.2496,0.1669,0.3348,0.2373,0.1605
40,114860,2736,2875,3.69e-06,0.2405,0.293,0.1852,0.2136,0.2827,0.1811
40,114880,2756,2875,3.69e-06,0.2701,0.2586,0.1744,0.2178,0.2405,0.163
40,114900,2776,2875,3.69e-06,0.2087,0.2232,0.1551,0.1815,0.2088,0.1512
40,114920,2796,2875,3.69e-06,0.3265,0.3625,0.2074,0.3125,0.3356,0.2021
40,114940,2816,2875,3.69e-06,0.2817,0.2934,0.1754,0.2588,0.2764,0.1654
40,114960,2836,2875,3.69e-06,0.2217,0.3141,0.1872,0.2086,0.3093,0.1864
40,114980,2856,2875,3.69e-06,0.2679,0.3821,0.1983,0.2536,0.3724,0.1963
41,115000,1,2875,3.25e-06,0.2436,0.3074,0.162,0.2103,0.2924,0.1556
41,115020,21,2875,3.25e-06,0.1966,0.3323,0.1658,0.1694,0.3126,0.1591
41,115040,41,2875,3.25e-06,0.2969,0.3417,0.1947,0.2844,0.322,0.1896
41,115060,61,2875,3.25e-06,0.2469,0.3411,0.1769,0.2314,0.3147,0.1676
41,115080,81,2875,3.25e-06,0.1991,0.3269,0.1729,0.1824,0.3103,0.1685
41,115100,101,2875,3.25e-06,0.2577,0.2842,0.1777,0.228,0.282,0.1725
41,115120,121,2875,3.25e-06,0.2806,0.3218,0.1923,0.2493,0.3099,0.1842
41,115140,141,2875,3.25e-06,0.2763,0.3091,0.1808,0.2481,0.2991,0.1747
41,115160,161,2875,3.25e-06,0.237,0.3431,0.2009,0.2126,0.323,0.1911
41,115180,181,2875,3.25e-06,0.2687,0.3653,0.1981,0.256,0.3585,0.1932
41,115200,201,2875,3.25e-06,0.1496,0.2398,0.1637,0.1401,0.2331,0.1642
41,115220,221,2875,3.25e-06,0.2812,0.319,0.1917,0.2614,0.3057,0.185
41,115240,241,2875,3.25e-06,0.2026,0.2553,0.1722,0.1841,0.2485,0.1681
41,115260,261,2875,3.25e-06,0.2983,0.4051,0.2308,0.2947,0.3843,0.2215
41,115280,281,2875,3.25e-06,0.2605,0.3688,0.1897,0.2389,0.3573,0.1817
41,115300,301,2875,3.25e-06,0.3718,0.3261,0.2032,0.3451,0.3109,0.1937
41,115320,321,2875,3.25e-06,0.1849,0.2667,0.1963,0.152,0.2505,0.1864
41,115340,341,2875,3.25e-06,0.2337,0.3119,0.175,0.207,0.2994,0.1708
41,115360,361,2875,3.25e-06,0.2854,0.252,0.1788,0.2556,0.2359,0.1688
41,115380,381,2875,3.25e-06,0.2377,0.3109,0.1767,0.2071,0.304,0.1737
41,115400,401,2875,3.25e-06,0.2486,0.315,0.1922,0.2254,0.2968,0.1895
41,115420,421,2875,3.25e-06,0.3451,0.3241,0.1944,0.309,0.2966,0.1825
41,115440,441,2875,3.25e-06,0.2543,0.3915,0.1985,0.239,0.3719,0.1877
41,115460,461,2875,3.25e-06,0.2451,0.2598,0.1662,0.2231,0.2262,0.1522
41,115480,481,2875,3.25e-06,0.2104,0.2704,0.1854,0.1833,0.2549,0.1749
41,115500,501,2875,3.25e-06,0.2649,0.2883,0.1742,0.2334,0.2773,0.17
41,115520,521,2875,3.25e-06,0.2481,0.3104,0.1887,0.2263,0.2863,0.1819
41,115540,541,2875,3.25e-06,0.2639,0.3727,0.1985,0.2378,0.3581,0.1951
41,115560,561,2875,3.25e-06,0.2895,0.4064,0.1812,0.2728,0.3896,0.1748
41,115580,581,2875,3.25e-06,0.2595,0.4254,0.2019,0.2429,0.4026,0.1957
41,115600,601,2875,3.25e-06,0.1796,0.2475,0.1633,0.1456,0.2239,0.1555
41,115620,621,2875,3.25e-06,0.2313,0.2247,0.1378,0.2196,0.2083,0.1344
41,115640,641,2875,3.25e-06,0.2515,0.2458,0.1693,0.2265,0.227,0.1615
41,115660,661,2875,3.25e-06,0.2329,0.2525,0.176,0.1808,0.2366,0.1715
41,115680,681,2875,3.25e-06,0.1799,0.2548,0.159,0.1697,0.2135,0.1436
41,115700,701,2875,3.25e-06,0.2111,0.3215,0.1701,0.1812,0.3003,0.1615
41,115720,721,2875,3.25e-06,0.2868,0.2674,0.1651,0.2574,0.2581,0.1573
41,115740,741,2875,3.25e-06,0.1768,0.2814,0.166,0.1528,0.2824,0.1625
41,115760,761,2875,3.25e-06,0.2103,0.3128,0.1648,0.2069,0.2945,0.1554
41,115780,781,2875,3.25e-06,0.1944,0.2569,0.1583,0.1693,0.2542,0.1549
41,115800,801,2875,3.25e-06,0.2493,0.3398,0.184,0.205,0.3079,0.1722
41,115820,821,2875,3.25e-06,0.2027,0.27,0.1705,0.1892,0.2453,0.1647
41,115840,841,2875,3.25e-06,0.2428,0.4019,0.1811,0.2199,0.3787,0.1715
41,115860,861,2875,3.25e-06,0.2255,0.2682,0.1816,0.2041,0.2673,0.1765
41,115880,881,2875,3.25e-06,0.1768,0.2458,0.1804,0.1568,0.2299,0.1746
41,115900,901,2875,3.25e-06,0.2699,0.2892,0.1853,0.2543,0.2733,0.1794
41,115920,921,2875,3.25e-06,0.2315,0.3348,0.1834,0.2098,0.3225,0.1802
41,115940,941,2875,3.25e-06,0.2141,0.3079,0.1868,0.2155,0.302,0.1862
41,115960,961,2875,3.25e-06,0.2602,0.2918,0.1697,0.2415,0.2855,0.1615
41,115980,981,2875,3.25e-06,0.2373,0.2488,0.1758,0.2241,0.2476,0.1732
41,116000,1001,2875,3.25e-06,0.2037,0.2976,0.1879,0.1801,0.2684,0.1685
41,116020,1021,2875,3.25e-06,0.195,0.3012,0.1803,0.1899,0.2906,0.1713
41,116040,1041,2875,3.25e-06,0.2647,0.3317,0.2062,0.2466,0.3193,0.2003
41,116060,1061,2875,3.25e-06,0.2657,0.3993,0.2101,0.2397,0.3922,0.2075
41,116080,1081,2875,3.25e-06,0.25,0.3279,0.1749,0.2363,0.3134,0.1699
41,116100,1101,2875,3.25e-06,0.3801,0.4358,0.2138,0.3548,0.4203,0.2087
41,116120,1121,2875,3.25e-06,0.1992,0.295,0.1651,0.193,0.2814,0.162
41,116140,1141,2875,3.25e-06,0.296,0.3175,0.1808,0.2841,0.3019,0.1738
41,116160,1161,2875,3.25e-06,0.299,0.416,0.2187,0.2693,0.3821,0.2047
41,116180,1181,2875,3.25e-06,0.1996,0.2713,0.1662,0.173,0.2501,0.157
41,116200,1201,2875,3.25e-06,0.3311,0.3091,0.1858,0.3199,0.3097,0.1846
41,116220,1221,2875,3.25e-06,0.2309,0.3016,0.1818,0.2016,0.2713,0.1737
41,116240,1241,2875,3.25e-06,0.2743,0.286,0.1703,0.2595,0.2715,0.1594
41,116260,1261,2875,3.25e-06,0.3423,0.3772,0.1746,0.2938,0.3431,0.1641
41,116280,1281,2875,3.25e-06,0.3073,0.3079,0.1859,0.2865,0.3024,0.1794
41,116300,1301,2875,3.25e-06,0.3706,0.3872,0.2165,0.3348,0.3611,0.2053
41,116320,1321,2875,3.25e-06,0.3124,0.268,0.1819,0.2877,0.2469,0.1726
41,116340,1341,2875,3.25e-06,0.3144,0.2366,0.1735,0.275,0.2143,0.1566
41,116360,1361,2875,3.25e-06,0.2887,0.3963,0.2203,0.2717,0.3693,0.2049
41,116380,1381,2875,3.25e-06,0.168,0.2044,0.1594,0.1446,0.2015,0.1566
41,116400,1401,2875,3.25e-06,0.2529,0.3625,0.1781,0.2204,0.3293,0.1711
41,116420,1421,2875,3.25e-06,0.3896,0.2391,0.1657,0.3229,0.2279,0.1551
41,116440,1441,2875,3.25e-06,0.3298,0.4013,0.188,0.3273,0.382,0.1802
41,116460,1461,2875,3.25e-06,0.2165,0.3108,0.1846,0.1899,0.2686,0.1632
41,116480,1481,2875,3.25e-06,0.2133,0.3147,0.1871,0.1932,0.2972,0.1793
41,116500,1501,2875,3.25e-06,0.3492,0.3477,0.2015,0.3048,0.3394,0.1968
41,116520,1521,2875,3.25e-06,0.2449,0.2994,0.1866,0.2131,0.2922,0.1776
41,116540,1541,2875,3.25e-06,0.2876,0.3109,0.1695,0.27,0.2969,0.1622
41,116560,1561,2875,3.25e-06,0.2619,0.3643,0.2214,0.2416,0.3615,0.2192
41,116580,1581,2875,3.25e-06,0.2606,0.3141,0.1853,0.2383,0.2947,0.1758
41,116600,1601,2875,3.25e-06,0.2959,0.365,0.1919,0.2672,0.3377,0.181
41,116620,1621,2875,3.25e-06,0.3057,0.2653,0.1613,0.2852,0.2484,0.1513
41,116640,1641,2875,3.25e-06,0.2309,0.3277,0.1816,0.2041,0.2989,0.1707
41,116660,1661,2875,3.25e-06,0.3099,0.3693,0.1885,0.2602,0.3511,0.1807
41,116680,1681,2875,3.25e-06,0.2908,0.2843,0.1693,0.2604,0.2619,0.1608
41,116700,1701,2875,3.25e-06,0.1923,0.2704,0.1664,0.1567,0.2647,0.1606
41,116720,1721,2875,3.25e-06,0.3103,0.2837,0.1849,0.2737,0.2475,0.1725
41,116740,1741,2875,3.25e-06,0.3058,0.3668,0.1935,0.2548,0.3271,0.1811
41,116760,1761,2875,3.25e-06,0.2163,0.2931,0.18,0.1929,0.2774,0.1751
41,116780,1781,2875,3.25e-06,0.2648,0.2949,0.1788,0.237,0.2672,0.1678
41,116800,1801,2875,3.25e-06,0.1478,0.2743,0.1484,0.1393,0.2672,0.1454
41,116820,1821,2875,3.25e-06,0.242,0.3237,0.1856,0.2163,0.3068,0.182
41,116840,1841,2875,3.25e-06,0.1749,0.2126,0.1613,0.1435,0.2075,0.1566
41,116860,1861,2875,3.25e-06,0.1676,0.3006,0.1618,0.1516,0.3063,0.1592
41,116880,1881,2875,3.25e-06,0.2514,0.4019,0.2101,0.246,0.3774,0.2002
41,116900,1901,2875,3.25e-06,0.2528,0.349,0.167,0.2398,0.3364,0.1621
41,116920,1921,2875,3.25e-06,0.2032,0.3651,0.1879,0.1922,0.3612,0.1849
41,116940,1941,2875,3.25e-06,0.2383,0.3608,0.1988,0.2145,0.326,0.1943
41,116960,1961,2875,3.25e-06,0.3208,0.3792,0.1935,0.3024,0.3589,0.1857
41,116980,1981,2875,3.25e-06,0.198,0.2928,0.1778,0.1742,0.2761,0.1706
41,117000,2001,2875,3.25e-06,0.2601,0.311,0.1804,0.2405,0.2959,0.1722
41,117020,2021,2875,3.25e-06,0.2945,0.3267,0.1777,0.2562,0.3035,0.1638
41,117040,2041,2875,3.25e-06,0.3236,0.2591,0.1911,0.3148,0.2509,0.1846
41,117060,2061,2875,3.25e-06,0.2284,0.2747,0.164,0.201,0.268,0.1614
41,117080,2081,2875,3.25e-06,0.2213,0.3686,0.1888,0.1939,0.3482,0.1808
41,117100,2101,2875,3.25e-06,0.2577,0.272,0.1638,0.2357,0.258,0.1572
41,117120,2121,2875,3.25e-06,0.2358,0.3525,0.1842,0.2193,0.3425,0.1759
41,117140,2141,2875,3.25e-06,0.2269,0.2863,0.1609,0.1877,0.2733,0.1536
41,117160,2161,2875,3.25e-06,0.2835,0.3856,0.1725,0.288,0.3701,0.1695
41,117180,2181,2875,3.25e-06,0.3039,0.3469,0.2017,0.2608,0.3221,0.1936
41,117200,2201,2875,3.25e-06,0.2583,0.3601,0.1661,0.2282,0.3211,0.1547
41,117220,2221,2875,3.25e-06,0.2352,0.3849,0.2032,0.2195,0.3842,0.2036
41,117240,2241,2875,3.25e-06,0.1933,0.2887,0.1607,0.1541,0.2722,0.1554
41,117260,2261,2875,3.25e-06,0.2646,0.2771,0.1654,0.2501,0.2767,0.162
41,117280,2281,2875,3.25e-06,0.3084,0.396,0.2045,0.28,0.376,0.196
41,117300,2301,2875,3.25e-06,0.2932,0.3025,0.1767,0.2905,0.2982,0.1696
41,117320,2321,2875,3.25e-06,0.2897,0.3309,0.1929,0.2705,0.3042,0.1821
41,117340,2341,2875,3.25e-06,0.2693,0.3724,0.1898,0.2525,0.3471,0.18
41,117360,2361,2875,3.25e-06,0.3139,0.2489,0.1538,0.295,0.2339,0.146
41,117380,2381,2875,3.25e-06,0.2203,0.3493,0.1688,0.1963,0.3328,0.1609
41,117400,2401,2875,3.25e-06,0.2483,0.2452,0.1664,0.2067,0.2285,0.1581
41,117420,2421,2875,3.25e-06,0.2897,0.3184,0.1929,0.2552,0.3083,0.1854
41,117440,2441,2875,3.25e-06,0.2487,0.2908,0.1846,0.2212,0.2807,0.1766
41,117460,2461,2875,3.25e-06,0.2447,0.3071,0.1894,0.2211,0.3036,0.1835
41,117480,2481,2875,3.25e-06,0.2428,0.2574,0.1708,0.2227,0.255,0.1646
41,117500,2501,2875,3.25e-06,0.2391,0.2988,0.1872,0.2192,0.2946,0.1883
41,117520,2521,2875,3.25e-06,0.1849,0.3002,0.1587,0.1731,0.2927,0.1521
41,117540,2541,2875,3.25e-06,0.219,0.3303,0.183,0.2066,0.3223,0.178
41,117560,2561,2875,3.25e-06,0.2253,0.2799,0.1722,0.2087,0.2672,0.1662
41,117580,2581,2875,3.25e-06,0.2614,0.4272,0.1846,0.2515,0.4221,0.1811
41,117600,2601,2875,3.25e-06,0.2832,0.3267,0.1813,0.2663,0.3142,0.1776
41,117620,2621,2875,3.25e-06,0.2194,0.3281,0.1917,0.2019,0.3233,0.187
41,117640,2641,2875,3.25e-06,0.2093,0.2866,0.168,0.2044,0.2752,0.1669
41,117660,2661,2875,3.25e-06,0.2339,0.2908,0.1689,0.2116,0.2883,0.1651
41,117680,2681,2875,3.25e-06,0.2346,0.3472,0.1959,0.2304,0.3275,0.1888
41,117700,2701,2875,3.25e-06,0.246,0.2977,0.1808,0.2177,0.2918,0.1722
41,117720,2721,2875,3.25e-06,0.2815,0.3219,0.1869,0.2494,0.3071,0.1779
41,117740,2741,2875,3.25e-06,0.2965,0.2483,0.1791,0.2673,0.2406,0.1736
41,117760,2761,2875,3.25e-06,0.2625,0.3733,0.1922,0.2293,0.3347,0.186
41,117780,2781,2875,3.25e-06,0.2493,0.3102,0.1784,0.2318,0.2859,0.1693
41,117800,2801,2875,3.25e-06,0.205,0.263,0.1605,0.1946,0.2516,0.1566
41,117820,2821,2875,3.25e-06,0.234,0.3402,0.1836,0.2155,0.3302,0.1796
41,117840,2841,2875,3.25e-06,0.2065,0.1881,0.1302,0.1875,0.1847,0.1259
41,117860,2861,2875,3.25e-06,0.2549,0.3128,0.1819,0.2367,0.2929,0.175
42,117880,6,2875,2.85e-06,0.2119,0.3556,0.1675,0.1929,0.3427,0.1643
42,117900,26,2875,2.85e-06,0.2469,0.285,0.1829,0.2273,0.261,0.1721
42,117920,46,2875,2.85e-06,0.2849,0.301,0.2048,0.2581,0.2747,0.1943
42,117940,66,2875,2.85e-06,0.2733,0.2623,0.1654,0.2471,0.2556,0.1568
42,117960,86,2875,2.85e-06,0.2391,0.3229,0.1985,0.2114,0.2957,0.1898
42,117980,106,2875,2.85e-06,0.2454,0.2999,0.1766,0.2283,0.2913,0.1694
42,118000,126,2875,2.85e-06,0.2376,0.3597,0.1844,0.2233,0.347,0.1803
42,118020,146,2875,2.85e-06,0.1889,0.3593,0.1919,0.1782,0.3394,0.1865
42,118040,166,2875,2.85e-06,0.27,0.3547,0.211,0.2384,0.3415,0.2086
42,118060,186,2875,2.85e-06,0.2004,0.2707,0.1723,0.178,0.2561,0.173
42,118080,206,2875,2.85e-06,0.1923,0.3183,0.1848,0.1847,0.3057,0.1779
42,118100,226,2875,2.85e-06,0.2986,0.4037,0.2099,0.2855,0.3824,0.1992
42,118120,246,2875,2.85e-06,0.2269,0.2508,0.1682,0.2149,0.2211,0.1584
42,118140,266,2875,2.85e-06,0.2384,0.3045,0.181,0.2107,0.3013,0.1791
42,118160,286,2875,2.85e-06,0.3271,0.3262,0.1821,0.3039,0.3043,0.1808
42,118180,306,2875,2.85e-06,0.1845,0.2254,0.1697,0.1819,0.2145,0.1671
42,118200,326,2875,2.85e-06,0.2656,0.2923,0.1675,0.2311,0.2835,0.167
42,118220,346,2875,2.85e-06,0.2256,0.2273,0.1404,0.1938,0.2181,0.1353
42,118240,366,2875,2.85e-06,0.2522,0.3599,0.1922,0.2316,0.3557,0.1887
42,118260,386,2875,2.85e-06,0.2977,0.3239,0.2011,0.2703,0.3071,0.1974
42,118280,406,2875,2.85e-06,0.2659,0.2814,0.1602,0.2392,0.2578,0.1511
42,118300,426,2875,2.85e-06,0.2827,0.3174,0.1949,0.2351,0.3236,0.1961
42,118320,446,2875,2.85e-06,0.239,0.273,0.1882,0.2373,0.2615,0.1834
42,118340,466,2875,2.85e-06,0.2226,0.3767,0.1812,0.2096,0.3525,0.1733
42,118360,486,2875,2.85e-06,0.2328,0.3225,0.1759,0.2118,0.3181,0.1701
42,118380,506,2875,2.85e-06,0.2497,0.3329,0.1805,0.2306,0.3111,0.1723
42,118400,526,2875,2.85e-06,0.2315,0.3828,0.1853,0.1994,0.36,0.1798
42,118420,546,2875,2.85e-06,0.2228,0.3669,0.1952,0.2038,0.3486,0.1864
42,118440,566,2875,2.85e-06,0.197,0.3308,0.1838,0.1778,0.3124,0.1816
42,118460,586,2875,2.85e-06,0.2108,0.3351,0.1909,0.1943,0.3161,0.1902
42,118480,606,2875,2.85e-06,0.28,0.3444,0.1938,0.2593,0.318,0.1899
42,118500,626,2875,2.85e-06,0.2239,0.3019,0.177,0.2009,0.2923,0.1713
42,118520,646,2875,2.85e-06,0.2317,0.375,0.1896,0.216,0.3598,0.1809
42,118540,666,2875,2.85e-06,0.2417,0.2906,0.1738,0.2263,0.2744,0.1745
42,118560,686,2875,2.85e-06,0.2666,0.3097,0.1834,0.2507,0.2986,0.1785
42,118580,706,2875,2.85e-06,0.2946,0.2737,0.1658,0.276,0.2658,0.1602
42,118600,726,2875,2.85e-06,0.2753,0.3375,0.1914,0.2537,0.3291,0.185
42,118620,746,2875,2.85e-06,0.2966,0.285,0.1707,0.2747,0.2698,0.1673
42,118640,766,2875,2.85e-06,0.1831,0.2198,0.1637,0.1562,0.2067,0.1586
42,118660,786,2875,2.85e-06,0.2554,0.2412,0.1626,0.2274,0.2454,0.162
42,118680,806,2875,2.85e-06,0.2858,0.3804,0.1947,0.2526,0.3711,0.1925
42,118700,826,2875,2.85e-06,0.198,0.2694,0.1835,0.1717,0.2522,0.1732
42,118720,846,2875,2.85e-06,0.2833,0.2543,0.1621,0.2598,0.2381,0.1589
42,118740,866,2875,2.85e-06,0.258,0.2656,0.1765,0.2385,0.2527,0.1712
42,118760,886,2875,2.85e-06,0.3635,0.329,0.1752,0.3325,0.3061,0.1632
42,118780,906,2875,2.85e-06,0.2374,0.326,0.1769,0.2259,0.3274,0.1759
42,118800,926,2875,2.85e-06,0.2411,0.3085,0.1837,0.2279,0.2898,0.1746
42,118820,946,2875,2.85e-06,0.3543,0.3709,0.2126,0.3387,0.3693,0.2077
42,118840,966,2875,2.85e-06,0.2424,0.3392,0.1926,0.2311,0.3251,0.1866
42,118860,986,2875,2.85e-06,0.2452,0.3596,0.1832,0.2224,0.3495,0.178
42,118880,1006,2875,2.85e-06,0.3265,0.3228,0.1869,0.3039,0.2969,0.1808
42,118900,1026,2875,2.85e-06,0.2726,0.259,0.1806,0.2468,0.2492,0.1713
42,118920,1046,2875,2.85e-06,0.1726,0.2647,0.1599,0.1659,0.25,0.1521
42,118940,1066,2875,2.85e-06,0.2134,0.3307,0.1769,0.1952,0.2935,0.1624
42,118960,1086,2875,2.85e-06,0.2263,0.4101,0.1894,0.2175,0.408,0.1855
42,118980,1106,2875,2.85e-06,0.187,0.2901,0.171,0.1738,0.2727,0.166
42,119000,1126,2875,2.85e-06,0.2493,0.2998,0.1763,0.2358,0.2724,0.1686
42,119020,1146,2875,2.85e-06,0.3049,0.2307,0.1703,0.2699,0.2346,0.1673
42,119040,1166,2875,2.85e-06,0.1974,0.3475,0.1799,0.1738,0.3375,0.1732
42,119060,1186,2875,2.85e-06,0.2449,0.3439,0.1931,0.2431,0.3136,0.1841
42,119080,1206,2875,2.85e-06,0.1711,0.2129,0.1711,0.135,0.1964,0.1634
42,119100,1226,2875,2.85e-06,0.2022,0.2993,0.1833,0.1889,0.2795,0.1825
42,119120,1246,2875,2.85e-06,0.426,0.4056,0.1748,0.4372,0.3938,0.1661
42,119140,1266,2875,2.85e-06,0.3164,0.2495,0.1727,0.2541,0.2448,0.1722
42,119160,1286,2875,2.85e-06,0.2255,0.2316,0.1703,0.1982,0.2402,0.1716
42,119180,1306,2875,2.85e-06,0.1913,0.3084,0.1807,0.1743,0.3023,0.1752
42,119200,1326,2875,2.85e-06,0.2685,0.3165,0.2011,0.2504,0.3063,0.2016
42,119220,1346,2875,2.85e-06,0.2673,0.3792,0.2133,0.2579,0.3454,0.2015
42,119240,1366,2875,2.85e-06,0.2712,0.3107,0.1721,0.2508,0.2845,0.1608
42,119260,1386,2875,2.85e-06,0.27,0.3229,0.1797,0.2467,0.2955,0.1701
42,119280,1406,2875,2.85e-06,0.2638,0.2681,0.1521,0.2369,0.2633,0.1433
42,119300,1426,2875,2.85e-06,0.2433,0.373,0.189,0.2386,0.3539,0.1817
42,119320,1446,2875,2.85e-06,0.2159,0.3205,0.1805,0.1897,0.2996,0.1715
42,119340,1466,2875,2.85e-06,0.2895,0.417,0.1973,0.2671,0.3797,0.1882
42,119360,1486,2875,2.85e-06,0.2236,0.304,0.1811,0.2007,0.2886,0.1754
42,119380,1506,2875,2.85e-06,0.3431,0.3493,0.1786,0.3081,0.2941,0.1633
42,119400,1526,2875,2.85e-06,0.2191,0.2769,0.1771,0.1915,0.257,0.1673
42,119420,1546,2875,2.85e-06,0.2983,0.3651,0.2062,0.2938,0.3514,0.2004
42,119440,1566,2875,2.85e-06,0.1796,0.2569,0.1704,0.1642,0.2495,0.167
42,119460,1586,2875,2.85e-06,0.2585,0.3712,0.19,0.2538,0.337,0.1815
42,119480,1606,2875,2.85e-06,0.2776,0.3527,0.194,0.2591,0.3306,0.1838
42,119500,1626,2875,2.85e-06,0.2177,0.3062,0.1929,0.2007,0.2927,0.1866
42,119520,1646,2875,2.85e-06,0.2151,0.2579,0.173,0.1853,0.2524,0.17
42,119540,1666,2875,2.85e-06,0.2415,0.2689,0.1627,0.2213,0.2616,0.1565
42,119560,1686,2875,2.85e-06,0.266,0.3308,0.17,0.2575,0.3319,0.1701
42,119580,1706,2875,2.85e-06,0.2723,0.3259,0.189,0.2471,0.3236,0.1825
42,119600,1726,2875,2.85e-06,0.2937,0.3274,0.1874,0.271,0.306,0.1792
42,119620,1746,2875,2.85e-06,0.1995,0.2782,0.1708,0.1742,0.269,0.1644
42,119640,1766,2875,2.85e-06,0.2386,0.3588,0.1861,0.2124,0.3403,0.1821
42,119660,1786,2875,2.85e-06,0.2771,0.3246,0.19,0.2662,0.3017,0.1806
42,119680,1806,2875,2.85e-06,0.3712,0.1934,0.1542,0.3439,0.1731,0.1448
42,119700,1826,2875,2.85e-06,0.289,0.2487,0.1713,0.2672,0.2329,0.1657
42,119720,1846,2875,2.85e-06,0.2111,0.3184,0.1765,0.2036,0.3036,0.169
42,119740,1866,2875,2.85e-06,0.2424,0.3674,0.1953,0.2263,0.3557,0.1874
42,119760,1886,2875,2.85e-06,0.2435,0.3393,0.1806,0.2263,0.3236,0.1754
42,119780,1906,2875,2.85e-06,0.289,0.3127,0.1892,0.2501,0.299,0.1777
42,119800,1926,2875,2.85e-06,0.2916,0.311,0.2059,0.253,0.2915,0.1977
42,119820,1946,2875,2.85e-06,0.2611,0.2624,0.1812,0.2377,0.2438,0.1749
42,119840,1966,2875,2.85e-06,0.2496,0.2364,0.1675,0.2151,0.2299,0.1615
42,119860,1986,2875,2.85e-06,0.3194,0.3127,0.1856,0.2847,0.3098,0.1817
42,119880,2006,2875,2.85e-06,0.2281,0.3734,0.1842,0.2025,0.3395,0.1726
42,119900,2026,2875,2.85e-06,0.1229,0.1713,0.1476,0.0936,0.1554,0.1431
42,119920,2046,2875,2.85e-06,0.2137,0.266,0.1672,0.2166,0.2442,0.1651
42,119940,2066,2875,2.85e-06,0.1745,0.2354,0.1704,0.1352,0.2372,0.1648
42,119960,2086,2875,2.85e-06,0.285,0.3854,0.2042,0.2603,0.3664,0.1982
42,119980,2106,2875,2.85e-06,0.2636,0.3498,0.205,0.2436,0.325,0.1956
42,120000,2126,2875,2.85e-06,0.2518,0.2495,0.1632,0.2555,0.2564,0.1634
42,120020,2146,2875,2.85e-06,0.1748,0.212,0.1565,0.1405,0.2031,0.1497
42,120040,2166,2875,2.85e-06,0.2187,0.3015,0.1902,0.2037,0.2826,0.1867
42,120060,2186,2875,2.85e-06,0.2272,0.3499,0.1677,0.2188,0.334,0.1594
42,120080,2206,2875,2.85e-06,0.276,0.254,0.1609,0.2634,0.2595,0.166
42,120100,2226,2875,2.85e-06,0.2611,0.3106,0.1978,0.232,0.3037,0.188
42,120120,2246,2875,2.85e-06,0.2132,0.2988,0.1765,0.2,0.2808,0.1697
42,120140,2266,2875,2.85e-06,0.266,0.2448,0.147,0.2378,0.2046,0.136
42,120160,2286,2875,2.85e-06,0.1206,0.1816,0.1578,0.1071,0.1804,0.1554
42,120180,2306,2875,2.85e-06,0.2571,0.4434,0.1927,0.2335,0.4026,0.1812
42,120200,2326,2875,2.85e-06,0.2684,0.2751,0.1535,0.238,0.2705,0.1507
42,120220,2346,2875,2.85e-06,0.242,0.3259,0.1962,0.2245,0.3038,0.1876
42,120240,2366,2875,2.85e-06,0.2026,0.3044,0.1641,0.1969,0.2879,0.1614
42,120260,2386,2875,2.85e-06,0.2937,0.368,0.1884,0.2704,0.353,0.1816
42,120280,2406,2875,2.85e-06,0.2188,0.3185,0.1963,0.2052,0.2944,0.1894
42,120300,2426,2875,2.85e-06,0.2322,0.286,0.1665,0.207,0.2684,0.1557
42,120320,2446,2875,2.85e-06,0.2198,0.3082,0.1675,0.2133,0.3007,0.1634
42,120340,2466,2875,2.85e-06,0.3193,0.3389,0.1795,0.3099,0.3236,0.1702
42,120360,2486,2875,2.85e-06,0.218,0.3573,0.2257,0.2078,0.3622,0.2257
42,120380,2506,2875,2.85e-06,0.2469,0.2917,0.1636,0.2184,0.2862,0.1599
42,120400,2526,2875,2.85e-06,0.226,0.2851,0.1697,0.2044,0.264,0.1632
42,120420,2546,2875,2.85e-06,0.2095,0.3565,0.1915,0.1934,0.3439,0.1862
42,120440,2566,2875,2.85e-06,0.2276,0.2845,0.1694,0.2219,0.2737,0.161
42,120460,2586,2875,2.85e-06,0.2702,0.3419,0.1782,0.2361,0.3335,0.1743
42,120480,2606,2875,2.85e-06,0.3394,0.3541,0.212,0.3083,0.3456,0.2022
42,120500,2626,2875,2.85e-06,0.1828,0.2955,0.1723,0.1539,0.2852,0.1657
42,120520,2646,2875,2.85e-06,0.2356,0.3852,0.1917,0.2175,0.364,0.182
42,120540,2666,2875,2.85e-06,0.2651,0.2993,0.1834,0.2536,0.2836,0.1755
42,120560,2686,2875,2.85e-06,0.2402,0.3169,0.1622,0.2195,0.3074,0.1594
42,120580,2706,2875,2.85e-06,0.2086,0.3019,0.1737,0.1891,0.2827,0.1674
42,120600,2726,2875,2.85e-06,0.3333,0.3111,0.1692,0.2914,0.2699,0.1579
42,120620,2746,2875,2.85e-06,0.2151,0.2676,0.177,0.2025,0.2538,0.171
42,120640,2766,2875,2.85e-06,0.2177,0.3253,0.1732,0.1945,0.2962,0.1646
42,120660,2786,2875,2.85e-06,0.2096,0.3198,0.175,0.1877,0.3006,0.1697
42,120680,2806,2875,2.85e-06,0.2124,0.2607,0.1787,0.2007,0.2248,0.1685
42,120700,2826,2875,2.85e-06,0.2037,0.2754,0.1591,0.1826,0.2646,0.1537
42,120720,2846,2875,2.85e-06,0.2799,0.3256,0.1787,0.2463,0.2987,0.1691
42,120740,2866,2875,2.85e-06,0.2943,0.3273,0.1803,0.2845,0.3206,0.1747
43,120760,11,2875,2.5e-06,0.1721,0.3098,0.1835,0.1555,0.2937,0.1745
43,120780,31,2875,2.5e-06,0.2565,0.4294,0.2379,0.234,0.4257,0.2346
43,120800,51,2875,2.5e-06,0.2261,0.2905,0.1654,0.2127,0.2669,0.1588
43,120820,71,2875,2.5e-06,0.2672,0.3099,0.2,0.2362,0.291,0.1901
43,120840,91,2875,2.5e-06,0.2214,0.2704,0.1798,0.1977,0.2574,0.1736
43,120860,111,2875,2.5e-06,0.3076,0.423,0.2254,0.2972,0.4243,0.2256
43,120880,131,2875,2.5e-06,0.2262,0.3248,0.1605,0.2156,0.3104,0.1516
43,120900,151,2875,2.5e-06,0.2283,0.3279,0.1947,0.2124,0.3087,0.1895
43,120920,171,2875,2.5e-06,0.278,0.4635,0.2167,0.2581,0.4537,0.2095
43,120940,191,2875,2.5e-06,0.2216,0.3015,0.167,0.214,0.2919,0.1617
43,120960,211,2875,2.5e-06,0.2636,0.3755,0.1909,0.2454,0.3509,0.1888
43,120980,231,2875,2.5e-06,0.2163,0.3102,0.1751,0.2013,0.2983,0.1698
43,121000,251,2875,2.5e-06,0.221,0.2607,0.1639,0.1995,0.2574,0.1605
43,121020,271,2875,2.5e-06,0.2384,0.2723,0.1615,0.2213,0.2744,0.1609
43,121040,291,2875,2.5e-06,0.2206,0.304,0.174,0.199,0.295,0.1725
43,121060,311,2875,2.5e-06,0.2302,0.3151,0.1993,0.2289,0.3042,0.1924
43,121080,331,2875,2.5e-06,0.2732,0.3069,0.1862,0.2629,0.2892,0.1785
43,121100,351,2875,2.5e-06,0.3026,0.2452,0.1796,0.2661,0.2252,0.1635
43,121120,371,2875,2.5e-06,0.2234,0.2914,0.1773,0.2026,0.2828,0.1766
43,121140,391,2875,2.5e-06,0.2575,0.3704,0.1839,0.2424,0.3377,0.1737
43,121160,411,2875,2.5e-06,0.3955,0.323,0.1991,0.3865,0.294,0.1873
43,121180,431,2875,2.5e-06,0.3018,0.2764,0.1916,0.2718,0.2734,0.1848
43,121200,451,2875,2.5e-06,0.3268,0.4165,0.2138,0.3009,0.3933,0.2054
43,121220,471,2875,2.5e-06,0.2098,0.2662,0.1808,0.1856,0.2611,0.1742
43,121240,491,2875,2.5e-06,0.2261,0.355,0.1706,0.2064,0.3505,0.1695
43,121260,511,2875,2.5e-06,0.2024,0.2415,0.1513,0.1815,0.24,0.1468
43,121280,531,2875,2.5e-06,0.3586,0.4033,0.1958,0.3234,0.3761,0.1828
43,121300,551,2875,2.5e-06,0.2453,0.3539,0.2024,0.2098,0.3301,0.1912
43,121320,571,2875,2.5e-06,0.2288,0.3805,0.2096,0.2196,0.3524,0.2018
43,121340,591,2875,2.5e-06,0.2214,0.3672,0.1928,0.2074,0.343,0.185
43,121360,611,2875,2.5e-06,0.2444,0.302,0.1694,0.2274,0.294,0.1649
43,121380,631,2875,2.5e-06,0.2539,0.2641,0.154,0.2457,0.2336,0.1438
43,121400,651,2875,2.5e-06,0.354,0.2399,0.1714,0.3132,0.2156,0.1643
43,121420,671,2875,2.5e-06,0.3179,0.3314,0.1904,0.302,0.3062,0.1786
43,121440,691,2875,2.5e-06,0.2427,0.251,0.1782,0.2115,0.2352,0.1694
43,121460,711,2875,2.5e-06,0.3707,0.3411,0.1758,0.3416,0.32,0.1684
43,121480,731,2875,2.5e-06,0.2868,0.3259,0.1756,0.2671,0.3034,0.1687
43,121500,751,2875,2.5e-06,0.1895,0.2943,0.1599,0.1694,0.2726,0.1532
43,121520,771,2875,2.5e-06,0.236,0.3283,0.1802,0.2121,0.3113,0.1764
43,121540,791,2875,2.5e-06,0.2747,0.3016,0.1688,0.2539,0.2926,0.1641
43,121560,811,2875,2.5e-06,0.2555,0.3653,0.1979,0.2555,0.3441,0.1885
43,121580,831,2875,2.5e-06,0.2903,0.2886,0.188,0.2804,0.2602,0.1768
43,121600,851,2875,2.5e-06,0.2082,0.2769,0.1734,0.1857,0.268,0.1702
43,121620,871,2875,2.5e-06,0.219,0.2881,0.1762,0.1927,0.2746,0.1709
43,121640,891,2875,2.5e-06,0.2184,0.3177,0.1759,0.1946,0.299,0.1693
43,121660,911,2875,2.5e-06,0.1974,0.3183,0.177,0.1828,0.2979,0.1733
43,121680,931,2875,2.5e-06,0.2037,0.3247,0.1824,0.1891,0.3084,0.175
43,121700,951,2875,2.5e-06,0.2382,0.3184,0.1771,0.2144,0.3174,0.176
43,121720,971,2875,2.5e-06,0.1931,0.3645,0.194,0.1718,0.3593,0.186
43,121740,991,2875,2.5e-06,0.1518,0.2539,0.1584,0.1224,0.2255,0.1509
43,121760,1011,2875,2.5e-06,0.1698,0.2015,0.164,0.1471,0.1878,0.1584
43,121780,1031,2875,2.5e-06,0.2085,0.3313,0.1815,0.212,0.3165,0.1745
43,121800,1051,2875,2.5e-06,0.2921,0.3208,0.1715,0.2507,0.3042,0.1585
43,121820,1071,2875,2.5e-06,0.207,0.3421,0.1977,0.185,0.3215,0.1908
43,121840,1091,2875,2.5e-06,0.2489,0.3148,0.1842,0.2354,0.3011,0.1763
43,121860,1111,2875,2.5e-06,0.2198,0.2512,0.1559,0.1941,0.2332,0.1506
43,121880,1131,2875,2.5e-06,0.2158,0.2855,0.1766,0.2134,0.2806,0.1738
43,121900,1151,2875,2.5e-06,0.1716,0.264,0.1618,0.158,0.2412,0.1542
43,121920,1171,2875,2.5e-06,0.2535,0.291,0.1909,0.2278,0.2822,0.1838
43,121940,1191,2875,2.5e-06,0.2328,0.2879,0.1765,0.247,0.2889,0.1756
43,121960,1211,2875,2.5e-06,0.2437,0.2989,0.1769,0.2294,0.2817,0.1741
43,121980,1231,2875,2.5e-06,0.2722,0.4232,0.2039,0.2661,0.4042,0.1971
43,122000,1251,2875,2.5e-06,0.2168,0.3309,0.1712,0.1977,0.3172,0.1632
43,122020,1271,2875,2.5e-06,0.2347,0.3718,0.1747,0.2145,0.3537,0.1697
43,122040,1291,2875,2.5e-06,0.2472,0.3665,0.1857,0.2396,0.3548,0.1802
43,122060,1311,2875,2.5e-06,0.2532,0.2977,0.1835,0.2318,0.2866,0.1805
43,122080,1331,2875,2.5e-06,0.243,0.3722,0.1989,0.228,0.3541,0.1929
43,122100,1351,2875,2.5e-06,0.2405,0.2986,0.1883,0.2121,0.28,0.1837
43,122120,1371,2875,2.5e-06,0.2693,0.3725,0.1988,0.2309,0.3264,0.1865
43,122140,1391,2875,2.5e-06,0.2268,0.2775,0.1614,0.2098,0.254,0.1545
43,122160,1411,2875,2.5e-06,0.2243,0.359,0.1969,0.2103,0.3428,0.1891
43,122180,1431,2875,2.5e-06,0.1614,0.3175,0.1671,0.1412,0.3072,0.1618
43,122200,1451,2875,2.5e-06,0.234,0.3225,0.1982,0.2137,0.297,0.1926
43,122220,1471,2875,2.5e-06,0.1718,0.3969,0.1956,0.1648,0.3867,0.1913
43,122240,1491,2875,2.5e-06,0.2572,0.3261,0.1826,0.2445,0.3299,0.1781
43,122260,1511,2875,2.5e-06,0.2139,0.3389,0.1954,0.1957,0.3213,0.1903
43,122280,1531,2875,2.5e-06,0.2125,0.3226,0.1844,0.2007,0.2941,0.1759
43,122300,1551,2875,2.5e-06,0.2422,0.3323,0.1773,0.2199,0.319,0.1752
43,122320,1571,2875,2.5e-06,0.1668,0.2708,0.1683,0.1358,0.2595,0.1647
43,122340,1591,2875,2.5e-06,0.2328,0.2907,0.1863,0.1943,0.2705,0.1758
43,122360,1611,2875,2.5e-06,0.3223,0.3636,0.1883,0.3081,0.3326,0.1765
43,122380,1631,2875,2.5e-06,0.1915,0.2946,0.1962,0.1597,0.292,0.1931
43,122400,1651,2875,2.5e-06,0.2931,0.3725,0.1947,0.2659,0.3517,0.194
43,122420,1671,2875,2.5e-06,0.2736,0.2954,0.1726,0.2571,0.2734,0.1589
43,122440,1691,2875,2.5e-06,0.2332,0.3304,0.1814,0.2157,0.3106,0.1732
43,122460,1711,2875,2.5e-06,0.3736,0.3196,0.1805,0.3202,0.2998,0.1697
43,122480,1731,2875,2.5e-06,0.2105,0.2889,0.1828,0.1803,0.2714,0.177
43,122500,1751,2875,2.5e-06,0.239,0.2869,0.1878,0.2083,0.2784,0.1817
43,122520,1771,2875,2.5e-06,0.2405,0.3666,0.1894,0.2188,0.3502,0.1852
43,122540,1791,2875,2.5e-06,0.2523,0.327,0.1835,0.2367,0.3118,0.178
43,122560,1811,2875,2.5e-06,0.2342,0.2084,0.1571,0.2106,0.2137,0.154
43,122580,1831,2875,2.5e-06,0.2284,0.2687,0.1615,0.203,0.2553,0.1555
43,122600,1851,2875,2.5e-06,0.2455,0.2958,0.1632,0.2361,0.268,0.1502
43,122620,1871,2875,2.5e-06,0.2456,0.3922,0.171,0.2324,0.3646,0.158
43,122640,1891,2875,2.5e-06,0.2753,0.206,0.1485,0.2406,0.1873,0.1383
43,122660,1911,2875,2.5e-06,0.3483,0.3237,0.2086,0.3467,0.3171,0.2011
43,122680,1931,2875,2.5e-06,0.2901,0.3041,0.1916,0.262,0.2844,0.1846
43,122700,1951,2875,2.5e-06,0.3062,0.3559,0.217,0.2846,0.3502,0.2134
43,122720,1971,2875,2.5e-06,0.2375,0.2536,0.1713,0.1884,0.2328,0.1638
43,122740,1991,2875,2.5e-06,0.2214,0.29,0.1589,0.1969,0.2835,0.1556
43,122760,2011,2875,2.5e-06,0.2378,0.3519,0.1953,0.2099,0.3152,0.1835
43,122780,2031,2875,2.5e-06,0.2159,0.2602,0.1732,0.1911,0.2413,0.167
43,122800,2051,2875,2.5e-06,0.2353,0.382,0.2111,0.2181,0.3447,0.1961
43,122820,2071,2875,2.5e-06,0.3005,0.2352,0.1645,0.2781,0.2288,0.1549
43,122840,2091,2875,2.5e-06,0.3591,0.2976,0.1753,0.3417,0.2773,0.1669
43,122860,2111,2875,2.5e-06,0.2701,0.3232,0.18,0.2464,0.3106,0.1792
43,122880,2131,2875,2.5e-06,0.2055,0.3604,0.2019,0.2005,0.3487,0.2083
43,122900,2151,2875,2.5e-06,0.235,0.2781,0.188,0.2456,0.2719,0.1807
43,122920,2171,2875,2.5e-06,0.3376,0.3933,0.1861,0.292,0.3479,0.1679
43,122940,2191,2875,2.5e-06,0.301,0.3222,0.1722,0.2691,0.2928,0.1638
43,122960,2211,2875,2.5e-06,0.2338,0.2832,0.1702,0.209,0.2676,0.1637
43,122980,2231,2875,2.5e-06,0.2487,0.3629,0.1972,0.2376,0.3532,0.1939
43,123000,2251,2875,2.5e-06,0.3253,0.4358,0.2001,0.2944,0.4046,0.1906
43,123020,2271,2875,2.5e-06,0.2599,0.3253,0.1718,0.2312,0.2892,0.1566
43,123040,2291,2875,2.5e-06,0.2445,0.2728,0.1537,0.1988,0.2685,0.147
43,123060,2311,2875,2.5e-06,0.2845,0.3406,0.1876,0.2558,0.317,0.1791
43,123080,2331,2875,2.5e-06,0.2819,0.3328,0.1786,0.2665,0.3142,0.1741
43,123100,2351,2875,2.5e-06,0.3193,0.3554,0.1897,0.2737,0.3359,0.1799
43,123120,2371,2875,2.5e-06,0.2536,0.2593,0.1612,0.2164,0.2431,0.1552
43,123140,2391,2875,2.5e-06,0.3143,0.333,0.1866,0.2802,0.3055,0.1749
43,123160,2411,2875,2.5e-06,0.2314,0.3582,0.1848,0.2158,0.3479,0.181
43,123180,2431,2875,2.5e-06,0.2469,0.262,0.1653,0.2025,0.2427,0.1546
43,123200,2451,2875,2.5e-06,0.2537,0.2842,0.1802,0.2295,0.2593,0.1713
43,123220,2471,2875,2.5e-06,0.2445,0.3295,0.1832,0.2248,0.3252,0.1751
43,123240,2491,2875,2.5e-06,0.2926,0.4103,0.1831,0.2836,0.3889,0.1762
43,123260,2511,2875,2.5e-06,0.2729,0.3384,0.1843,0.2387,0.3248,0.1783
43,123280,2531,2875,2.5e-06,0.2698,0.282,0.1734,0.2474,0.2592,0.1607
43,123300,2551,2875,2.5e-06,0.261,0.3352,0.1776,0.2345,0.3179,0.1711
43,123320,2571,2875,2.5e-06,0.2199,0.3701,0.1789,0.2121,0.3438,0.1736
43,123340,2591,2875,2.5e-06,0.2135,0.2826,0.1628,0.1943,0.2708,0.1546
43,123360,2611,2875,2.5e-06,0.2822,0.3999,0.2143,0.2727,0.3862,0.2079
43,123380,2631,2875,2.5e-06,0.3137,0.3983,0.206,0.3066,0.3847,0.1997
43,123400,2651,2875,2.5e-06,0.1771,0.3394,0.1724,0.1506,0.3215,0.1706
43,123420,2671,2875,2.5e-06,0.2765,0.3105,0.1713,0.2542,0.305,0.1676
43,123440,2691,2875,2.5e-06,0.2311,0.4405,0.1956,0.2374,0.422,0.1897
43,123460,2711,2875,2.5e-06,0.2655,0.3427,0.1872,0.2443,0.3361,0.1799
43,123480,2731,2875,2.5e-06,0.2306,0.2754,0.1669,0.2087,0.261,0.1616
43,123500,2751,2875,2.5e-06,0.2926,0.305,0.1786,0.2663,0.292,0.1703
43,123520,2771,2875,2.5e-06,0.2896,0.3147,0.1778,0.2626,0.2829,0.1708
43,123540,2791,2875,2.5e-06,0.195,0.2891,0.1789,0.1771,0.2702,0.1719
43,123560,2811,2875,2.5e-06,0.2241,0.264,0.169,0.2034,0.238,0.1633
43,123580,2831,2875,2.5e-06,0.2971,0.2972,0.1691,0.2679,0.2707,0.1594
43,123600,2851,2875,2.5e-06,0.2992,0.3502,0.1856,0.2796,0.3372,0.1782
43,123620,2871,2875,2.5e-06,0.2289,0.3521,0.2019,0.2266,0.3435,0.2019
44,123640,16,2875,2.19e-06,0.3437,0.3554,0.1773,0.3091,0.3406,0.1728
44,123660,36,2875,2.19e-06,0.2295,0.3481,0.1883,0.2052,0.3397,0.1832
44,123680,56,2875,2.19e-06,0.2924,0.3165,0.1892,0.2718,0.2992,0.1811
44,123700,76,2875,2.19e-06,0.204,0.3454,0.1797,0.1945,0.3202,0.1744
44,123720,96,2875,2.19e-06,0.2386,0.3783,0.1833,0.2194,0.3664,0.1759
44,123740,116,2875,2.19e-06,0.313,0.3504,0.1863,0.2983,0.3224,0.1793
44,123760,136,2875,2.19e-06,0.2703,0.3134,0.1669,0.2646,0.3096,0.1631
44,123780,156,2875,2.19e-06,0.2337,0.322,0.1696,0.2138,0.3249,0.1653
44,123800,176,2875,2.19e-06,0.2335,0.3556,0.1975,0.2191,0.3327,0.1913
44,123820,196,2875,2.19e-06,0.2092,0.3269,0.1836,0.183,0.3068,0.1798
44,123840,216,2875,2.19e-06,0.2244,0.2281,0.15,0.1753,0.2185,0.1412
44,123860,236,2875,2.19e-06,0.226,0.3312,0.1818,0.202,0.3249,0.1796
44,123880,256,2875,2.19e-06,0.2829,0.3035,0.1739,0.2539,0.2956,0.17
44,123900,276,2875,2.19e-06,0.2935,0.3907,0.1895,0.2562,0.359,0.1834
44,123920,296,2875,2.19e-06,0.2514,0.3049,0.2102,0.235,0.2884,0.2075
44,123940,316,2875,2.19e-06,0.2642,0.3301,0.2017,0.244,0.2938,0.19
44,123960,336,2875,2.19e-06,0.2954,0.3095,0.1819,0.2841,0.2862,0.1717
44,123980,356,2875,2.19e-06,0.2818,0.394,0.2015,0.2699,0.3935,0.1971
44,124000,376,2875,2.19e-06,0.2318,0.3296,0.1811,0.2021,0.3141,0.178
44,124020,396,2875,2.19e-06,0.2452,0.2306,0.1681,0.2212,0.2156,0.1621
44,124040,416,2875,2.19e-06,0.2157,0.2912,0.177,0.1938,0.277,0.1727
44,124060,436,2875,2.19e-06,0.2365,0.2994,0.175,0.216,0.2743,0.1634
44,124080,456,2875,2.19e-06,0.1752,0.246,0.1686,0.1527,0.2391,0.1624
44,124100,476,2875,2.19e-06,0.1723,0.2934,0.1805,0.15,0.2804,0.1729
44,124120,496,2875,2.19e-06,0.2777,0.3447,0.2007,0.2459,0.339,0.1977
44,124140,516,2875,2.19e-06,0.2553,0.2346,0.1486,0.2053,0.2221,0.1403
44,124160,536,2875,2.19e-06,0.2308,0.3201,0.1883,0.2165,0.31,0.1843
44,124180,556,2875,2.19e-06,0.3486,0.352,0.1773,0.3211,0.3057,0.1625
44,124200,576,2875,2.19e-06,0.2504,0.2894,0.1629,0.2173,0.2659,0.1542
44,124220,596,2875,2.19e-06,0.2225,0.3211,0.1822,0.2113,0.3121,0.1757
44,124240,616,2875,2.19e-06,0.1821,0.3308,0.1716,0.1665,0.3232,0.1678
44,124260,636,2875,2.19e-06,0.2332,0.2617,0.1597,0.2127,0.2538,0.1593
44,124280,656,2875,2.19e-06,0.2106,0.2823,0.1868,0.1976,0.2611,0.1739
44,124300,676,2875,2.19e-06,0.1895,0.3043,0.1735,0.1598,0.2926,0.1675
44,124320,696,2875,2.19e-06,0.2555,0.3282,0.1812,0.2368,0.3122,0.1743
44,124340,716,2875,2.19e-06,0.2914,0.3095,0.1763,0.2741,0.2864,0.1641
44,124360,736,2875,2.19e-06,0.2142,0.2865,0.1563,0.1937,0.2718,0.1508
44,124380,756,2875,2.19e-06,0.1959,0.277,0.159,0.1804,0.2534,0.1504
44,124400,776,2875,2.19e-06,0.3368,0.348,0.1874,0.2902,0.3168,0.1861
44,124420,796,2875,2.19e-06,0.2507,0.3478,0.1725,0.2215,0.3303,0.177
44,124440,816,2875,2.19e-06,0.3162,0.3498,0.2062,0.2723,0.3069,0.194
44,124460,836,2875,2.19e-06,0.2629,0.3231,0.1845,0.2429,0.3062,0.1731
44,124480,856,2875,2.19e-06,0.1914,0.1868,0.1524,0.1637,0.1747,0.1451
44,124500,876,2875,2.19e-06,0.1904,0.3034,0.1995,0.171,0.2856,0.1941
44,124520,896,2875,2.19e-06,0.2337,0.2124,0.1445,0.1986,0.1876,0.1378
44,124540,916,2875,2.19e-06,0.1803,0.2927,0.1853,0.1536,0.2677,0.1733
44,124560,936,2875,2.19e-06,0.2612,0.3303,0.1752,0.2384,0.3217,0.1688
44,124580,956,2875,2.19e-06,0.2387,0.3371,0.1969,0.2146,0.3063,0.1858
44,124600,976,2875,2.19e-06,0.2861,0.4058,0.1808,0.2603,0.3735,0.1765
44,124620,996,2875,2.19e-06,0.333,0.3084,0.2115,0.2892,0.302,0.1949
44,124640,1016,2875,2.19e-06,0.2465,0.3644,0.1829,0.2216,0.3422,0.1727
44,124660,1036,2875,2.19e-06,0.2717,0.3085,0.1824,0.2591,0.3001,0.1749
44,124680,1056,2875,2.19e-06,0.313,0.3842,0.1858,0.3001,0.3598,0.1756
44,124700,1076,2875,2.19e-06,0.1536,0.2627,0.1675,0.136,0.2448,0.1585
44,124720,1096,2875,2.19e-06,0.2727,0.2889,0.176,0.2542,0.2851,0.1719
44,124740,1116,2875,2.19e-06,0.2384,0.2393,0.1485,0.2345,0.2231,0.1436
44,124760,1136,2875,2.19e-06,0.2685,0.3865,0.1791,0.2617,0.3502,0.1698
44,124780,1156,2875,2.19e-06,0.1809,0.2975,0.1699,0.1622,0.2767,0.1647
44,124800,1176,2875,2.19e-06,0.2475,0.3413,0.1934,0.2376,0.3294,0.1873
44,124820,1196,2875,2.19e-06,0.3163,0.3617,0.1784,0.3011,0.3412,0.1733
44,124840,1216,2875,2.19e-06,0.2329,0.3812,0.1805,0.2212,0.3651,0.1735
44,124860,1236,2875,2.19e-06,0.2048,0.3516,0.1719,0.1881,0.3401,0.1697
44,124880,1256,2875,2.19e-06,0.2252,0.1708,0.1579,0.1894,0.162,0.1523
44,124900,1276,2875,2.19e-06,0.2758,0.2496,0.1545,0.2608,0.2338,0.1477
44,124920,1296,2875,2.19e-06,0.2312,0.3474,0.1898,0.2126,0.3451,0.187
44,124940,1316,2875,2.19e-06,0.2376,0.2467,0.17,0.2354,0.2282,0.1653
44,124960,1336,2875,2.19e-06,0.2995,0.268,0.172,0.2678,0.2437,0.1606
44,124980,1356,2875,2.19e-06,0.2279,0.3132,0.1821,0.21,0.314,0.1821
44,125000,1376,2875,2.19e-06,0.277,0.3253,0.1589,0.2588,0.2891,0.146
44,125020,1396,2875,2.19e-06,0.1733,0.3049,0.1726,0.1497,0.2944,0.1705
44,125040,1416,2875,2.19e-06,0.1941,0.3432,0.1696,0.1746,0.3352,0.1653
44,125060,1436,2875,2.19e-06,0.3203,0.3523,0.1928,0.3053,0.3141,0.1777
44,125080,1456,2875,2.19e-06,0.1969,0.301,0.1743,0.1786,0.2885,0.1635
44,125100,1476,2875,2.19e-06,0.2389,0.2999,0.1797,0.2215,0.2912,0.1731
44,125120,1496,2875,2.19e-06,0.2314,0.2487,0.1711,0.2053,0.2277,0.1633
44,125140,1516,2875,2.19e-06,0.2355,0.3494,0.1661,0.2138,0.3115,0.1536
44,125160,1536,2875,2.19e-06,0.2257,0.3314,0.1787,0.2082,0.3125,0.1708
44,125180,1556,2875,2.19e-06,0.2512,0.2485,0.1631,0.2099,0.2297,0.1546
44,125200,1576,2875,2.19e-06,0.2614,0.317,0.2056,0.2451,0.3118,0.2006
44,125220,1596,2875,2.19e-06,0.1768,0.1428,0.1422,0.1291,0.1478,0.1408
44,125240,1616,2875,2.19e-06,0.234,0.4176,0.2029,0.2302,0.4114,0.1956
44,125260,1636,2875,2.19e-06,0.2414,0.3549,0.1848,0.2252,0.3278,0.1792
44,125280,1656,2875,2.19e-06,0.3078,0.3533,0.1861,0.2918,0.3398,0.1808
44,125300,1676,2875,2.19e-06,0.26,0.3114,0.1733,0.2409,0.2774,0.1629
44,125320,1696,2875,2.19e-06,0.3255,0.2826,0.1652,0.2797,0.2699,0.159
44,125340,1716,2875,2.19e-06,0.198,0.2751,0.1905,0.1869,0.2674,0.1891
44,125360,1736,2875,2.19e-06,0.3057,0.3295,0.1726,0.2851,0.3261,0.1684
44,125380,1756,2875,2.19e-06,0.3691,0.3217,0.199,0.3406,0.271,0.1807
44,125400,1776,2875,2.19e-06,0.2748,0.3041,0.1833,0.2538,0.2811,0.1732
44,125420,1796,2875,2.19e-06,0.3075,0.3718,0.2042,0.2873,0.3477,0.1983
44,125440,1816,2875,2.19e-06,0.3192,0.3698,0.1888,0.3147,0.3411,0.177
44,125460,1836,2875,2.19e-06,0.2081,0.4292,0.1797,0.1983,0.4102,0.1708
44,125480,1856,2875,2.19e-06,0.2921,0.3948,0.2163,0.2762,0.3795,0.2125
44,125500,1876,2875,2.19e-06,0.3026,0.3978,0.1861,0.2874,0.3767,0.174
44,125520,1896,2875,2.19e-06,0.2062,0.2773,0.1676,0.179,0.2685,0.1648
44,125540,1916,2875,2.19e-06,0.2354,0.3567,0.1951,0.2154,0.3326,0.1881
44,125560,1936,2875,2.19e-06,0.2324,0.2255,0.1547,0.207,0.2115,0.147
44,125580,1956,2875,2.19e-06,0.3232,0.341,0.1807,0.2887,0.3511,0.1781
44,125600,1976,2875,2.19e-06,0.2568,0.2618,0.1753,0.2385,0.2383,0.1652
44,125620,1996,2875,2.19e-06,0.2256,0.2407,0.1613,0.179,0.231,0.1572
44,125640,2016,2875,2.19e-06,0.3094,0.3392,0.1876,0.2772,0.3094,0.1761
44,125660,2036,2875,2.19e-06,0.2874,0.3292,0.1768,0.2658,0.3052,0.1724
44,125680,2056,2875,2.19e-06,0.3385,0.4396,0.2099,0.3132,0.4122,0.1992
44,125700,2076,2875,2.19e-06,0.1921,0.2107,0.1521,0.1681,0.2036,0.1471
44,125720,2096,2875,2.19e-06,0.2686,0.2265,0.1667,0.2396,0.2172,0.163
44,125740,2116,2875,2.19e-06,0.2706,0.286,0.1743,0.2439,0.2793,0.166
44,125760,2136,2875,2.19e-06,0.2822,0.269,0.1706,0.2545,0.2648,0.1658
44,125780,2156,2875,2.19e-06,0.2323,0.2908,0.1689,0.2088,0.2676,0.1608
44,125800,2176,2875,2.19e-06,0.202,0.3055,0.1824,0.1869,0.3006,0.1803
44,125820,2196,2875,2.19e-06,0.3114,0.4083,0.1973,0.2782,0.3871,0.1902
44,125840,2216,2875,2.19e-06,0.1751,0.2414,0.1429,0.1273,0.2333,0.1396
44,125860,2236,2875,2.19e-06,0.2497,0.314,0.1882,0.2395,0.2891,0.1795
44,125880,2256,2875,2.19e-06,0.245,0.307,0.1993,0.2182,0.3009,0.1944
44,125900,2276,2875,2.19e-06,0.273,0.3393,0.18,0.2746,0.3225,0.1769
44,125920,2296,2875,2.19e-06,0.2504,0.3847,0.2109,0.2239,0.3812,0.2069
44,125940,2316,2875,2.19e-06,0.3268,0.3439,0.176,0.3131,0.3157,0.1657
44,125960,2336,2875,2.19e-06,0.3081,0.3152,0.1734,0.3124,0.2992,0.1686
44,125980,2356,2875,2.19e-06,0.2585,0.3102,0.1845,0.2432,0.3016,0.1783
44,126000,2376,2875,2.19e-06,0.2378,0.2938,0.1868,0.2182,0.279,0.181
44,126020,2396,2875,2.19e-06,0.2111,0.4255,0.2126,0.2064,0.3849,0.2014
44,126040,2416,2875,2.19e-06,0.2546,0.36,0.1979,0.2293,0.3324,0.1904
44,126060,2436,2875,2.19e-06,0.2762,0.3439,0.2032,0.2607,0.3312,0.1979
44,126080,2456,2875,2.19e-06,0.3256,0.3066,0.1574,0.3108,0.2742,0.1436
44,126100,2476,2875,2.19e-06,0.2725,0.3399,0.2115,0.251,0.321,0.2119
44,126120,2496,2875,2.19e-06,0.2863,0.2894,0.1959,0.2713,0.2621,0.1843
44,126140,2516,2875,2.19e-06,0.2346,0.3096,0.1682,0.1972,0.2939,0.1626
44,126160,2536,2875,2.19e-06,0.1845,0.2353,0.1608,0.1664,0.233,0.1617
44,126180,2556,2875,2.19e-06,0.2926,0.3521,0.1967,0.2642,0.3363,0.1892
44,126200,2576,2875,2.19e-06,0.233,0.3691,0.1807,0.2158,0.3282,0.1672
44,126220,2596,2875,2.19e-06,0.2697,0.2915,0.1739,0.2473,0.2736,0.1639
44,126240,2616,2875,2.19e-06,0.2071,0.2914,0.1789,0.1794,0.2827,0.1768
44,126260,2636,2875,2.19e-06,0.2621,0.3093,0.2003,0.2362,0.3092,0.1983
44,126280,2656,2875,2.19e-06,0.2657,0.307,0.1823,0.2407,0.2885,0.177
44,126300,2676,2875,2.19e-06,0.2711,0.3121,0.1969,0.2474,0.305,0.1918
44,126320,2696,2875,2.19e-06,0.1908,0.3145,0.1668,0.1633,0.2761,0.156
44,126340,2716,2875,2.19e-06,0.2651,0.2614,0.1714,0.2312,0.2565,0.166
44,126360,2736,2875,2.19e-06,0.2957,0.4034,0.2141,0.2687,0.3869,0.2027
44,126380,2756,2875,2.19e-06,0.4071,0.3756,0.1966,0.4162,0.3675,0.191
44,126400,2776,2875,2.19e-06,0.3543,0.2853,0.1862,0.3438,0.2606,0.1745
44,126420,2796,2875,2.19e-06,0.1849,0.359,0.1806,0.1833,0.3532,0.175
44,126440,2816,2875,2.19e-06,0.3202,0.2821,0.1857,0.279,0.245,0.172
44,126460,2836,2875,2.19e-06,0.1996,0.2937,0.1721,0.1714,0.2783,0.1644
44,126480,2856,2875,2.19e-06,0.2785,0.344,0.191,0.2497,0.3155,0.1745
45,126500,1,2875,1.92e-06,0.2619,0.3234,0.182,0.2411,0.3398,0.183
45,126520,21,2875,1.92e-06,0.2446,0.3039,0.1607,0.2214,0.2966,0.1554
45,126540,41,2875,1.92e-06,0.2502,0.3076,0.1909,0.2305,0.309,0.1938
45,126560,61,2875,1.92e-06,0.1335,0.2213,0.1426,0.1066,0.203,0.1377
45,126580,81,2875,1.92e-06,0.2043,0.3976,0.1764,0.1936,0.3742,0.1699
45,126600,101,2875,1.92e-06,0.259,0.3195,0.1831,0.2418,0.3038,0.1728
45,126620,121,2875,1.92e-06,0.2288,0.2708,0.1742,0.2021,0.2589,0.1707
45,126640,141,2875,1.92e-06,0.1881,0.2488,0.18,0.1701,0.2363,0.1733
45,126660,161,2875,1.92e-06,0.2401,0.2795,0.179,0.2011,0.2602,0.1684
45,126680,181,2875,1.92e-06,0.2586,0.3749,0.164,0.2436,0.3541,0.16
45,126700,201,2875,1.92e-06,0.3726,0.2975,0.1889,0.3643,0.2945,0.184
45,126720,221,2875,1.92e-06,0.2514,0.3101,0.1914,0.2158,0.3013,0.1844
45,126740,241,2875,1.92e-06,0.2874,0.3432,0.1815,0.2704,0.3326,0.1752
45,126760,261,2875,1.92e-06,0.2244,0.2861,0.1691,0.206,0.2774,0.1648
45,126780,281,2875,1.92e-06,0.4039,0.3636,0.2215,0.3639,0.3533,0.2107
45,126800,301,2875,1.92e-06,0.2839,0.2744,0.172,0.2609,0.2572,0.1706
45,126820,321,2875,1.92e-06,0.327,0.3179,0.1871,0.2963,0.2793,0.1726
45,126840,341,2875,1.92e-06,0.2743,0.368,0.1986,0.2425,0.3402,0.1928
45,126860,361,2875,1.92e-06,0.2657,0.3094,0.1847,0.2385,0.2922,0.1769
45,126880,381,2875,1.92e-06,0.1763,0.3498,0.1826,0.1609,0.3366,0.1753
45,126900,401,2875,1.92e-06,0.303,0.3596,0.1955,0.2715,0.3422,0.1869
45,126920,421,2875,1.92e-06,0.212,0.2991,0.1779,0.195,0.2797,0.1699
45,126940,441,2875,1.92e-06,0.1973,0.2787,0.1847,0.1839,0.266,0.1792
45,126960,461,2875,1.92e-06,0.2655,0.3488,0.1903,0.2424,0.3339,0.1845
45,126980,481,2875,1.92e-06,0.1489,0.1792,0.1544,0.1094,0.1577,0.1497
45,127000,501,2875,1.92e-06,0.209,0.3584,0.1856,0.1983,0.3355,0.1772
45,127020,521,2875,1.92e-06,0.2327,0.3026,0.1821,0.2112,0.2928,0.1787
45,127040,541,2875,1.92e-06,0.1962,0.3096,0.1738,0.1922,0.2952,0.1709
45,127060,561,2875,1.92e-06,0.2719,0.2706,0.1794,0.2625,0.2419,0.1689
45,127080,581,2875,1.92e-06,0.2699,0.3143,0.1944,0.2313,0.2941,0.1856
45,127100,601,2875,1.92e-06,0.3509,0.4428,0.2136,0.3253,0.4491,0.2136
45,127120,621,2875,1.92e-06,0.2735,0.3554,0.1829,0.2572,0.3238,0.1751
45,127140,641,2875,1.92e-06,0.2709,0.293,0.1834,0.2227,0.2573,0.1694
45,127160,661,2875,1.92e-06,0.2269,0.2799,0.1887,0.2009,0.2538,0.1784
45,127180,681,2875,1.92e-06,0.283,0.3634,0.1785,0.2608,0.328,0.1707
45,127200,701,2875,1.92e-06,0.2761,0.2772,0.1841,0.2416,0.2745,0.1792
45,127220,721,2875,1.92e-06,0.3017,0.2917,0.1852,0.2636,0.2835,0.1808
45,127240,741,2875,1.92e-06,0.2315,0.2451,0.1719,0.1921,0.2203,0.1558
45,127260,761,2875,1.92e-06,0.1938,0.2544,0.1732,0.1581,0.2378,0.1676
45,127280,781,2875,1.92e-06,0.2935,0.2217,0.1601,0.2773,0.2154,0.1549
45,127300,801,2875,1.92e-06,0.2361,0.2862,0.1731,0.2063,0.264,0.1629
45,127320,821,2875,1.92e-06,0.3139,0.3545,0.2255,0.2895,0.3401,0.2166
45,127340,841,2875,1.92e-06,0.3241,0.436,0.2054,0.3081,0.4161,0.2016
45,127360,861,2875,1.92e-06,0.2308,0.3337,0.193,0.2057,0.3205,0.1878
45,127380,881,2875,1.92e-06,0.1835,0.2671,0.1815,0.1657,0.2531,0.1776
45,127400,901,2875,1.92e-06,0.3233,0.2927,0.1957,0.2997,0.279,0.1953
45,127420,921,2875,1.92e-06,0.2343,0.3129,0.1747,0.2165,0.2961,0.1647
45,127440,941,2875,1.92e-06,0.2564,0.3974,0.1916,0.2402,0.3758,0.1835
45,127460,961,2875,1.92e-06,0.2292,0.3753,0.1795,0.2184,0.3611,0.1764
45,127480,981,2875,1.92e-06,0.313,0.3929,0.1814,0.28,0.3672,0.1716
45,127500,1001,2875,1.92e-06,0.1825,0.2974,0.1713,0.1744,0.2746,0.1653
45,127520,1021,2875,1.92e-06,0.1983,0.2996,0.1727,0.1735,0.2929,0.1698
45,127540,1041,2875,1.92e-06,0.2408,0.3177,0.167,0.2204,0.3003,0.1613
45,127560,1061,2875,1.92e-06,0.2492,0.2957,0.1918,0.229,0.2857,0.1834
45,127580,1081,2875,1.92e-06,0.2448,0.2649,0.1766,0.2064,0.2488,0.1753
45,127600,1101,2875,1.92e-06,0.2355,0.3269,0.1904,0.2,0.3084,0.1803
45,127620,1121,2875,1.92e-06,0.2075,0.368,0.2019,0.1849,0.3375,0.1957
45,127640,1141,2875,1.92e-06,0.2762,0.3342,0.1876,0.2523,0.2978,0.1771
45,127660,1161,2875,1.92e-06,0.1597,0.2475,0.1659,0.1423,0.2363,0.1652
45,127680,1181,2875,1.92e-06,0.2005,0.1904,0.1694,0.1557,0.1667,0.1584
45,127700,1201,2875,1.92e-06,0.2059,0.3326,0.1717,0.194,0.3111,0.1658
45,127720,1221,2875,1.92e-06,0.2532,0.3025,0.179,0.2287,0.2913,0.1746
45,127740,1241,2875,1.92e-06,0.2584,0.3051,0.1827,0.25,0.284,0.1757
45,127760,1261,2875,1.92e-06,0.2139,0.3622,0.1801,0.1941,0.3671,0.1804
45,127780,1281,2875,1.92e-06,0.3124,0.3441,0.1866,0.3254,0.3214,0.1886
45,127800,1301,2875,1.92e-06,0.244,0.3488,0.1865,0.2374,0.3161,0.1798
45,127820,1321,2875,1.92e-06,0.2119,0.3541,0.2,0.1805,0.3491,0.1948
45,127840,1341,2875,1.92e-06,0.2323,0.311,0.182,0.2137,0.2946,0.176
45,127860,1361,2875,1.92e-06,0.2136,0.3324,0.178,0.2078,0.3094,0.1728
45,127880,1381,2875,1.92e-06,0.2112,0.2229,0.1474,0.1824,0.2088,0.1405
45,127900,1401,2875,1.92e-06,0.1848,0.2185,0.1453,0.1593,0.2092,0.1416
45,127920,1421,2875,1.92e-06,0.2358,0.3741,0.1967,0.2318,0.3528,0.1927
45,127940,1441,2875,1.92e-06,0.4082,0.2954,0.1653,0.3675,0.286,0.1555
45,127960,1461,2875,1.92e-06,0.2925,0.323,0.1883,0.2609,0.2678,0.1664
45,127980,1481,2875,1.92e-06,0.2748,0.3171,0.1801,0.2481,0.3,0.1715
45,128000,1501,2875,1.92e-06,0.1928,0.2619,0.1625,0.1708,0.2519,0.1589
45,128020,1521,2875,1.92e-06,0.2539,0.2358,0.1605,0.2267,0.2291,0.1558
45,128040,1541,2875,1.92e-06,0.1981,0.2543,0.1596,0.1806,0.2509,0.1577
45,128060,1561,2875,1.92e-06,0.2263,0.2968,0.1647,0.2031,0.2879,0.1646
45,128080,1581,2875,1.92e-06,0.1834,0.1981,0.1557,0.1546,0.1916,0.1546
45,128100,1601,2875,1.92e-06,0.3409,0.418,0.2118,0.3176,0.4001,0.2069
45,128120,1621,2875,1.92e-06,0.3342,0.372,0.1791,0.3089,0.3391,0.1732
45,128140,1641,2875,1.92e-06,0.2148,0.3018,0.1533,0.195,0.2821,0.1479
45,128160,1661,2875,1.92e-06,0.2713,0.3261,0.1931,0.2531,0.3071,0.1835
45,128180,1681,2875,1.92e-06,0.213,0.2606,0.1669,0.195,0.2423,0.16
45,128200,1701,2875,1.92e-06,0.2513,0.3042,0.1584,0.2326,0.2957,0.1534
45,128220,1721,2875,1.92e-06,0.2487,0.3007,0.1779,0.2145,0.2839,0.1705
45,128240,1741,2875,1.92e-06,0.2303,0.3875,0.1919,0.2111,0.3665,0.1849
45,128260,1761,2875,1.92e-06,0.2192,0.3584,0.1911,0.2085,0.3428,0.1876
45,128280,1781,2875,1.92e-06,0.2276,0.2958,0.1822,0.204,0.2798,0.1736
45,128300,1801,2875,1.92e-06,0.2892,0.3215,0.1688,0.2712,0.3023,0.1611
45,128320,1821,2875,1.92e-06,0.2968,0.2579,0.173,0.2246,0.2363,0.1638
45,128340,1841,2875,1.92e-06,0.2038,0.2323,0.1891,0.1847,0.2198,0.1829
45,128360,1861,2875,1.92e-06,0.1986,0.3745,0.1765,0.187,0.3648,0.1699
45,128380,1881,2875,1.92e-06,0.1881,0.2766,0.1618,0.1705,0.2673,0.1565
45,128400,1901,2875,1.92e-06,0.2934,0.3254,0.1749,0.2691,0.2855,0.1579
45,128420,1921,2875,1.92e-06,0.243,0.2739,0.1725,0.209,0.2589,0.1639
45,128440,1941,2875,1.92e-06,0.2471,0.2066,0.1524,0.2152,0.203,0.1474
45,128460,1961,2875,1.92e-06,0.1922,0.2862,0.1819,0.1713,0.2729,0.1728
45,128480,1981,2875,1.92e-06,0.2919,0.2256,0.1619,0.2388,0.2114,0.1561
45,128500,2001,2875,1.92e-06,0.2372,0.3413,0.1962,0.2064,0.3203,0.1904
45,128520,2021,2875,1.92e-06,0.2324,0.3203,0.1674,0.22,0.3102,0.1671
45,128540,2041,2875,1.92e-06,0.3047,0.2438,0.1633,0.2374,0.2333,0.1546
45,128560,2061,2875,1.92e-06,0.2017,0.322,0.188,0.1688,0.2756,0.1688
45,128580,2081,2875,1.92e-06,0.2103,0.2921,0.1883,0.1974,0.269,0.1827
45,128600,2101,2875,1.92e-06,0.3674,0.2991,0.1729,0.3292,0.2751,0.1624
45,128620,2121,2875,1.92e-06,0.3037,0.3341,0.1816,0.2822,0.3189,0.1759
45,128640,2141,2875,1.92e-06,0.2577,0.32,0.1803,0.238,0.3073,0.1787
45,128660,2161,2875,1.92e-06,0.3509,0.2734,0.1963,0.3109,0.2436,0.1849
45,128680,2181,2875,1.92e-06,0.3477,0.4037,0.2029,0.3315,0.3684,0.1972
45,128700,2201,2875,1.92e-06,0.2036,0.268,0.1809,0.1782,0.2649,0.1812
45,128720,2221,2875,1.92e-06,0.259,0.3095,0.1814,0.2297,0.2703,0.173
45,128740,2241,2875,1.92e-06,0.295,0.2714,0.1636,0.2773,0.2622,0.1565
45,128760,2261,2875,1.92e-06,0.2711,0.3279,0.182,0.2524,0.3191,0.178
45,128780,2281,2875,1.92e-06,0.1926,0.3356,0.1947,0.1695,0.3265,0.1923
45,128800,2301,2875,1.92e-06,0.322,0.2607,0.1871,0.3144,0.2301,0.1753
45,128820,2321,2875,1.92e-06,0.313,0.3114,0.1885,0.2975,0.3014,0.1816
45,128840,2341,2875,1.92e-06,0.2922,0.3312,0.179,0.2581,0.3334,0.1748
45,128860,2361,2875,1.92e-06,0.2666,0.3281,0.1697,0.2394,0.3243,0.1629
45,128880,2381,2875,1.92e-06,0.1829,0.299,0.1746,0.1582,0.282,0.1685
45,128900,2401,2875,1.92e-06,0.2919,0.3447,0.2081,0.2715,0.3224,0.1997
45,128920,2421,2875,1.92e-06,0.2146,0.3013,0.1816,0.1782,0.2682,0.1659
45,128940,2441,2875,1.92e-06,0.2131,0.2988,0.1797,0.1856,0.2754,0.1695
45,128960,2461,2875,1.92e-06,0.2335,0.3019,0.1775,0.2253,0.2936,0.1731
45,128980,2481,2875,1.92e-06,0.2312,0.2628,0.1718,0.2177,0.2629,0.17
45,129000,2501,2875,1.92e-06,0.1709,0.2702,0.1707,0.1747,0.2662,0.1655
45,129020,2521,2875,1.92e-06,0.2391,0.3468,0.1975,0.228,0.3315,0.1927
45,129040,2541,2875,1.92e-06,0.2511,0.3289,0.1757,0.2162,0.3134,0.171
45,129060,2561,2875,1.92e-06,0.2419,0.3623,0.1966,0.2267,0.3225,0.1842
45,129080,2581,2875,1.92e-06,0.2512,0.3401,0.1745,0.2144,0.323,0.1738
45,129100,2601,2875,1.92e-06,0.1979,0.2814,0.1672,0.1621,0.2548,0.1563
45,129120,2621,2875,1.92e-06,0.2693,0.3361,0.1985,0.2623,0.3378,0.1987
45,129140,2641,2875,1.92e-06,0.2555,0.3131,0.1903,0.2254,0.3216,0.1903
45,129160,2661,2875,1.92e-06,0.2118,0.3011,0.1638,0.1842,0.2903,0.163
45,129180,2681,2875,1.92e-06,0.2416,0.2872,0.1725,0.2202,0.2663,0.1641
45,129200,2701,2875,1.92e-06,0.265,0.3102,0.1801,0.253,0.2921,0.1804
45,129220,2721,2875,1.92e-06,0.2935,0.328,0.1936,0.2708,0.2843,0.178
45,129240,2741,2875,1.92e-06,0.2333,0.1964,0.1512,0.2263,0.1931,0.1428
45,129260,2761,2875,1.92e-06,0.2611,0.3801,0.1897,0.2331,0.3751,0.1852
45,129280,2781,2875,1.92e-06,0.2481,0.3669,0.2104,0.2346,0.3402,0.2048
45,129300,2801,2875,1.92e-06,0.2146,0.3403,0.1603,0.212,0.3371,0.1592
45,129320,2821,2875,1.92e-06,0.2561,0.3721,0.2118,0.2451,0.3252,0.1949
45,129340,2841,2875,1.92e-06,0.2305,0.3823,0.2,0.2048,0.3602,0.1924
45,129360,2861,2875,1.92e-06,0.285,0.4833,0.236,0.2711,0.4432,0.2263
46,129380,6,2875,1.7e-06,0.2069,0.2794,0.1743,0.1841,0.2735,0.1716
46,129400,26,2875,1.7e-06,0.1926,0.2431,0.1669,0.1724,0.2262,0.1614
46,129420,46,2875,1.7e-06,0.2773,0.2829,0.1845,0.2504,0.2795,0.1796
46,129440,66,2875,1.7e-06,0.2383,0.3249,0.2013,0.2294,0.311,0.1985
46,129460,86,2875,1.7e-06,0.4228,0.3509,0.1991,0.4016,0.3372,0.1909
46,129480,106,2875,1.7e-06,0.1763,0.2195,0.1538,0.1253,0.1961,0.1365
46,129500,126,2875,1.7e-06,0.2225,0.404,0.1958,0.2073,0.397,0.1918
46,129520,146,2875,1.7e-06,0.2395,0.3028,0.1832,0.2182,0.2818,0.1756
46,129540,166,2875,1.7e-06,0.2368,0.2814,0.1751,0.2089,0.2626,0.1693
46,129560,186,2875,1.7e-06,0.2058,0.2753,0.1701,0.1762,0.2596,0.1638
46,129580,206,2875,1.7e-06,0.1964,0.303,0.157,0.196,0.3002,0.1542
46,129600,226,2875,1.7e-06,0.272,0.3005,0.1669,0.2431,0.2804,0.1594
46,129620,246,2875,1.7e-06,0.2351,0.3442,0.1896,0.2234,0.3268,0.1828
46,129640,266,2875,1.7e-06,0.2123,0.3153,0.1792,0.1911,0.3055,0.1741
46,129660,286,2875,1.7e-06,0.3046,0.3238,0.1702,0.2911,0.2937,0.168
46,129680,306,2875,1.7e-06,0.2174,0.2636,0.1721,0.1968,0.2499,0.1685
46,129700,326,2875,1.7e-06,0.2167,0.374,0.1777,0.217,0.3618,0.1728
46,129720,346,2875,1.7e-06,0.2149,0.2679,0.1698,0.1875,0.2533,0.1628
46,129740,366,2875,1.7e-06,0.278,0.2726,0.1792,0.2455,0.2593,0.1725
46,129760,386,2875,1.7e-06,0.2759,0.3409,0.191,0.2593,0.3362,0.1834
46,129780,406,2875,1.7e-06,0.3273,0.2797,0.1641,0.29,0.2602,0.1553
46,129800,426,2875,1.7e-06,0.243,0.2428,0.1671,0.212,0.2382,0.1631
46,129820,446,2875,1.7e-06,0.1891,0.2458,0.1689,0.1618,0.2438,0.1664
46,129840,466,2875,1.7e-06,0.242,0.3071,0.1904,0.235,0.2966,0.1865
46,129860,486,2875,1.7e-06,0.2526,0.316,0.1868,0.2303,0.2987,0.1807
46,129880,506,2875,1.7e-06,0.2312,0.3328,0.1867,0.2164,0.3056,0.179
46,129900,526,2875,1.7e-06,0.257,0.2802,0.1752,0.2265,0.2642,0.1679
46,129920,546,2875,1.7e-06,0.2393,0.3142,0.1719,0.2197,0.3047,0.1697
46,129940,566,2875,1.7e-06,0.2673,0.2981,0.1814,0.2404,0.2881,0.1787
46,129960,586,2875,1.7e-06,0.2145,0.3098,0.1728,0.2035,0.295,0.1676
46,129980,606,2875,1.7e-06,0.2157,0.28,0.1979,0.195,0.2613,0.1962
46,130000,626,2875,1.7e-06,0.2225,0.3791,0.1844,0.2065,0.3646,0.1795
46,130020,646,2875,1.7e-06,0.2312,0.3824,0.1941,0.2144,0.3473,0.1789
46,130040,666,2875,1.7e-06,0.2329,0.3484,0.1959,0.213,0.3333,0.1938
46,130060,686,2875,1.7e-06,0.2947,0.2345,0.1715,0.2509,0.2224,0.1654
46,130080,706,2875,1.7e-06,0.2233,0.3453,0.1966,0.2029,0.3222,0.1829
46,130100,726,2875,1.7e-06,0.2442,0.2694,0.1824,0.2226,0.2581,0.1806
46,130120,746,2875,1.7e-06,0.1942,0.3067,0.1814,0.1814,0.2893,0.1754
46,130140,766,2875,1.7e-06,0.2652,0.2905,0.1917,0.2446,0.2743,0.1859
46,130160,786,2875,1.7e-06,0.2533,0.2285,0.1706,0.2322,0.2196,0.1677
46,130180,806,2875,1.7e-06,0.2652,0.3795,0.1859,0.268,0.3692,0.1825
46,130200,826,2875,1.7e-06,0.1695,0.2878,0.1855,0.1567,0.2777,0.1808
46,130220,846,2875,1.7e-06,0.2391,0.2895,0.182,0.2244,0.2676,0.174
46,130240,866,2875,1.7e-06,0.2167,0.3027,0.1784,0.1889,0.2734,0.1681
46,130260,886,2875,1.7e-06,0.1913,0.2658,0.1695,0.1761,0.2638,0.1629
46,130280,906,2875,1.7e-06,0.239,0.2698,0.1983,0.1921,0.2486,0.1864
46,130300,926,2875,1.7e-06,0.2128,0.3947,0.1936,0.1978,0.3655,0.1861
46,130320,946,2875,1.7e-06,0.1161,0.1694,0.1529,0.1006,0.1652,0.1481
46,130340,966,2875,1.7e-06,0.2584,0.3365,0.2052,0.229,0.3181,0.1961
46,130360,986,2875,1.7e-06,0.2471,0.3048,0.1843,0.2392,0.3047,0.1802
46,130380,1006,2875,1.7e-06,0.2597,0.4186,0.2003,0.2373,0.4019,0.197
46,130400,1026,2875,1.7e-06,0.2286,0.2372,0.1831,0.1936,0.2346,0.1765
46,130420,1046,2875,1.7e-06,0.2282,0.3355,0.1914,0.2149,0.3079,0.1812
46,130440,1066,2875,1.7e-06,0.2927,0.4865,0.2478,0.2914,0.4535,0.2331
46,130460,1086,2875,1.7e-06,0.2151,0.2147,0.1692,0.1878,0.2021,0.1634
46,130480,1106,2875,1.7e-06,0.3028,0.4231,0.1974,0.2755,0.3969,0.189
46,130500,1126,2875,1.7e-06,0.2646,0.3682,0.1982,0.247,0.3631,0.1961
46,130520,1146,2875,1.7e-06,0.2189,0.3521,0.1927,0.1976,0.3378,0.1862
46,130540,1166,2875,1.7e-06,0.2653,0.2584,0.1533,0.2366,0.2523,0.1483
46,130560,1186,2875,1.7e-06,0.2913,0.3421,0.1885,0.2684,0.3211,0.183
46,130580,1206,2875,1.7e-06,0.2707,0.3245,0.1731,0.2387,0.2948,0.1627
46,130600,1226,2875,1.7e-06,0.2604,0.3187,0.1883,0.2324,0.3087,0.1806
46,130620,1246,2875,1.7e-06,0.2295,0.2583,0.1697,0.2028,0.251,0.1639
46,130640,1266,2875,1.7e-06,0.2591,0.3183,0.1981,0.2325,0.303,0.1905
46,130660,1286,2875,1.7e-06,0.1668,0.2435,0.157,0.156,0.2181,0.1492
46,130680,1306,2875,1.7e-06,0.2648,0.2822,0.1854,0.2554,0.2669,0.1801
46,130700,1326,2875,1.7e-06,0.2974,0.4377,0.1884,0.2876,0.4019,0.1764
46,130720,1346,2875,1.7e-06,0.2875,0.3023,0.1675,0.2568,0.294,0.1598
46,130740,1366,2875,1.7e-06,0.2178,0.3557,0.1728,0.1999,0.3499,0.1667
46,130760,1386,2875,1.7e-06,0.2942,0.3312,0.1852,0.2682,0.3143,0.1746
46,130780,1406,2875,1.7e-06,0.1864,0.2435,0.169,0.1607,0.2303,0.1638
46,130800,1426,2875,1.7e-06,0.3311,0.4424,0.2065,0.3184,0.42,0.1958
46,130820,1446,2875,1.7e-06,0.3636,0.3193,0.1882,0.3267,0.2995,0.1809
46,130840,1466,2875,1.7e-06,0.232,0.1688,0.1449,0.1798,0.1395,0.1284
46,130860,1486,2875,1.7e-06,0.2879,0.2986,0.1714,0.2587,0.2787,0.1643
46,130880,1506,2875,1.7e-06,0.2244,0.3035,0.1578,0.2104,0.2835,0.1508
46,130900,1526,2875,1.7e-06,0.2358,0.3014,0.1915,0.2186,0.2805,0.1847
46,130920,1546,2875,1.7e-06,0.2511,0.2948,0.2081,0.2382,0.2757,0.2001
46,130940,1566,2875,1.7e-06,0.1644,0.221,0.1504,0.1374,0.203,0.1425
46,130960,1586,2875,1.7e-06,0.1977,0.2871,0.1646,0.1598,0.2666,0.1552
46,130980,1606,2875,1.7e-06,0.2656,0.3339,0.1906,0.2603,0.3218,0.1851
46,131000,1626,2875,1.7e-06,0.1997,0.3056,0.1708,0.1859,0.3016,0.1649
46,131020,1646,2875,1.7e-06,0.2417,0.3429,0.1843,0.2269,0.3288,0.1815
46,131040,1666,2875,1.7e-06,0.3721,0.3548,0.1876,0.3242,0.3245,0.1793
46,131060,1686,2875,1.7e-06,0.246,0.3246,0.1926,0.2222,0.3092,0.1852
46,131080,1706,2875,1.7e-06,0.2676,0.3198,0.1818,0.2441,0.3214,0.1782
46,131100,1726,2875,1.7e-06,0.2471,0.3759,0.1921,0.2372,0.369,0.1883
46,131120,1746,2875,1.7e-06,0.2773,0.292,0.1718,0.2139,0.2802,0.1655
46,131140,1766,2875,1.7e-06,0.2422,0.2698,0.2027,0.2152,0.2564,0.1974
46,131160,1786,2875,1.7e-06,0.3175,0.3242,0.1978,0.3055,0.3008,0.1909
46,131180,1806,2875,1.7e-06,0.2198,0.2839,0.1707,0.2095,0.2755,0.1673
46,131200,1826,2875,1.7e-06,0.2985,0.4113,0.198,0.2755,0.4052,0.1945
46,131220,1846,2875,1.7e-06,0.2862,0.3014,0.1882,0.2616,0.2806,0.1786
46,131240,1866,2875,1.7e-06,0.2459,0.3216,0.1756,0.2352,0.3002,0.1605
46,131260,1886,2875,1.7e-06,0.206,0.3483,0.1899,0.1803,0.3247,0.181
46,131280,1906,2875,1.7e-06,0.2221,0.3095,0.1794,0.2007,0.2911,0.1706
46,131300,1926,2875,1.7e-06,0.2244,0.2941,0.172,0.2069,0.2684,0.1638
46,131320,1946,2875,1.7e-06,0.2233,0.319,0.1769,0.2014,0.3099,0.1702
46,131340,1966,2875,1.7e-06,0.2256,0.3126,0.1854,0.2139,0.2973,0.1773
46,131360,1986,2875,1.7e-06,0.2161,0.3538,0.1863,0.213,0.3357,0.1759
46,131380,2006,2875,1.7e-06,0.215,0.3738,0.1983,0.2013,0.3432,0.1879
46,131400,2026,2875,1.7e-06,0.2429,0.3347,0.1796,0.2044,0.3269,0.1768
46,131420,2046,2875,1.7e-06,0.241,0.3746,0.199,0.2219,0.356,0.1924
46,131440,2066,2875,1.7e-06,0.2764,0.3454,0.1996,0.2463,0.3329,0.196
46,131460,2086,2875,1.7e-06,0.2225,0.3242,0.2049,0.2008,0.3102,0.1953
46,131480,2106,2875,1.7e-06,0.2389,0.3056,0.1767,0.2188,0.2895,0.1711
46,131500,2126,2875,1.7e-06,0.224,0.3668,0.1929,0.2123,0.3571,0.1896
46,131520,2146,2875,1.7e-06,0.2387,0.3614,0.1909,0.2255,0.3484,0.1887
46,131540,2166,2875,1.7e-06,0.2463,0.307,0.1844,0.2339,0.2897,0.1748
46,131560,2186,2875,1.7e-06,0.1966,0.3048,0.1812,0.1914,0.2902,0.1747
46,131580,2206,2875,1.7e-06,0.2906,0.2991,0.1696,0.2869,0.2868,0.1659
46,131600,2226,2875,1.7e-06,0.2136,0.2597,0.1701,0.1969,0.2577,0.1682
46,131620,2246,2875,1.7e-06,0.3579,0.3419,0.1996,0.2999,0.334,0.1899
46,131640,2266,2875,1.7e-06,0.3245,0.3358,0.1905,0.2834,0.3304,0.1818
46,131660,2286,2875,1.7e-06,0.255,0.3496,0.2117,0.2308,0.3248,0.2022
46,131680,2306,2875,1.7e-06,0.2447,0.2551,0.1613,0.2247,0.2397,0.1534
46,131700,2326,2875,1.7e-06,0.3049,0.3107,0.1716,0.2602,0.3023,0.1655
46,131720,2346,2875,1.7e-06,0.2239,0.3703,0.1826,0.2243,0.3573,0.1789
46,131740,2366,2875,1.7e-06,0.1998,0.3171,0.1856,0.1756,0.2845,0.1759
46,131760,2386,2875,1.7e-06,0.2475,0.3647,0.1777,0.2395,0.3406,0.1708
46,131780,2406,2875,1.7e-06,0.2248,0.3437,0.1819,0.1978,0.3277,0.1749
46,131800,2426,2875,1.7e-06,0.1774,0.3181,0.1603,0.1535,0.2902,0.1532
46,131820,2446,2875,1.7e-06,0.2348,0.2872,0.1733,0.2133,0.2603,0.1616
46,131840,2466,2875,1.7e-06,0.2571,0.3692,0.1836,0.2337,0.3483,0.1755
46,131860,2486,2875,1.7e-06,0.1657,0.2259,0.1768,0.1266,0.2318,0.1727
46,131880,2506,2875,1.7e-06,0.3091,0.3433,0.2261,0.2891,0.3347,0.2306
46,131900,2526,2875,1.7e-06,0.2793,0.419,0.1953,0.2535,0.3901,0.1922
46,131920,2546,2875,1.7e-06,0.2281,0.3132,0.2106,0.2007,0.317,0.2102
46,131940,2566,2875,1.7e-06,0.2458,0.2999,0.1923,0.2314,0.2906,0.1893
46,131960,2586,2875,1.7e-06,0.3617,0.2527,0.161,0.3131,0.2536,0.1604
46,131980,2606,2875,1.7e-06,0.2008,0.2629,0.1659,0.1817,0.2562,0.1614
46,132000,2626,2875,1.7e-06,0.225,0.2589,0.1694,0.1855,0.242,0.1708
46,132020,2646,2875,1.7e-06,0.2126,0.2332,0.1572,0.1914,0.2111,0.1471
46,132040,2666,2875,1.7e-06,0.2628,0.2447,0.1698,0.2233,0.2177,0.1592
46,132060,2686,2875,1.7e-06,0.2852,0.3545,0.1937,0.2498,0.3322,0.1847
46,132080,2706,2875,1.7e-06,0.276,0.2942,0.1782,0.2496,0.2874,0.1686
46,132100,2726,2875,1.7e-06,0.1883,0.2371,0.1515,0.1691,0.2232,0.1471
46,132120,2746,2875,1.7e-06,0.3163,0.3305,0.2219,0.2851,0.3116,0.2156
46,132140,2766,2875,1.7e-06,0.2015,0.2557,0.1588,0.1806,0.2315,0.1503
46,132160,2786,2875,1.7e-06,0.2369,0.306,0.1725,0.2051,0.2925,0.1649
46,132180,2806,2875,1.7e-06,0.2389,0.3397,0.1809,0.228,0.3147,0.17
46,132200,2826,2875,1.7e-06,0.2913,0.3201,0.1745,0.2863,0.3235,0.1699
46,132220,2846,2875,1.7e-06,0.1972,0.3015,0.1918,0.1833,0.3034,0.1906
46,132240,2866,2875,1.7e-06,0.2762,0.4303,0.2254,0.245,0.4005,0.2187
47,132260,11,2875,1.53e-06,0.2289,0.364,0.1922,0.2273,0.3456,0.1846
47,132280,31,2875,1.53e-06,0.2015,0.2777,0.158,0.1772,0.2612,0.1537
47,132300,51,2875,1.53e-06,0.246,0.2858,0.1801,0.2303,0.2601,0.1709
47,132320,71,2875,1.53e-06,0.2175,0.3034,0.1749,0.2101,0.2864,0.1692
47,132340,91,2875,1.53e-06,0.2507,0.3871,0.1988,0.2342,0.3771,0.1933
47,132360,111,2875,1.53e-06,0.1865,0.2986,0.201,0.1661,0.2928,0.2026
47,132380,131,2875,1.53e-06,0.2205,0.3326,0.1671,0.1974,0.321,0.1641
47,132400,151,2875,1.53e-06,0.246,0.2694,0.1792,0.2382,0.2543,0.1738
47,132420,171,2875,1.53e-06,0.3718,0.2356,0.1681,0.343,0.2106,0.1535
47,132440,191,2875,1.53e-06,0.3059,0.4171,0.1987,0.2839,0.3945,0.1896
47,132460,211,2875,1.53e-06,0.2518,0.3211,0.1908,0.2265,0.3016,0.1822
47,132480,231,2875,1.53e-06,0.2439,0.2423,0.1631,0.219,0.2334,0.1594
47,132500,251,2875,1.53e-06,0.2509,0.2677,0.1804,0.2368,0.2631,0.1747
47,132520,271,2875,1.53e-06,0.3493,0.2557,0.1838,0.3192,0.25,0.1758
47,132540,291,2875,1.53e-06,0.2828,0.2983,0.1859,0.256,0.2926,0.1795
47,132560,311,2875,1.53e-06,0.2348,0.3577,0.1754,0.227,0.3394,0.1682
47,132580,331,2875,1.53e-06,0.3334,0.3874,0.1768,0.319,0.3421,0.164
47,132600,351,2875,1.53e-06,0.2149,0.315,0.1833,0.2053,0.3031,0.1768
47,132620,371,2875,1.53e-06,0.2768,0.3139,0.1809,0.2484,0.2848,0.1688
47,132640,391,2875,1.53e-06,0.3209,0.3791,0.1951,0.3099,0.362,0.1854
47,132660,411,2875,1.53e-06,0.2382,0.3581,0.1757,0.2138,0.3384,0.1686
47,132680,431,2875,1.53e-06,0.2324,0.2594,0.1735,0.2082,0.23,0.1667
47,132700,451,2875,1.53e-06,0.2116,0.3608,0.1923,0.1936,0.326,0.1846
47,132720,471,2875,1.53e-06,0.2398,0.3818,0.1945,0.2235,0.3796,0.1928
47,132740,491,2875,1.53e-06,0.2365,0.3019,0.1859,0.2065,0.2913,0.1765
47,132760,511,2875,1.53e-06,0.2356,0.3745,0.1889,0.2155,0.3459,0.1809
47,132780,531,2875,1.53e-06,0.2345,0.2058,0.1624,0.1865,0.1988,0.1584
47,132800,551,2875,1.53e-06,0.236,0.389,0.1885,0.2204,0.3876,0.1826
47,132820,571,2875,1.53e-06,0.2298,0.3084,0.1787,0.2162,0.2915,0.176
47,132840,591,2875,1.53e-06,0.2661,0.3472,0.1808,0.2268,0.3415,0.1767
47,132860,611,2875,1.53e-06,0.2257,0.3789,0.1998,0.2111,0.3504,0.192
47,132880,631,2875,1.53e-06,0.2384,0.3107,0.1734,0.2141,0.3039,0.1672
47,132900,651,2875,1.53e-06,0.233,0.356,0.1957,0.2243,0.3403,0.1974
47,132920,671,2875,1.53e-06,0.3598,0.3292,0.1979,0.3392,0.304,0.1921
47,132940,691,2875,1.53e-06,0.2218,0.3707,0.2037,0.201,0.357,0.202
47,132960,711,2875,1.53e-06,0.2476,0.3524,0.1831,0.2215,0.3465,0.1785
47,132980,731,2875,1.53e-06,0.2456,0.3158,0.1815,0.2223,0.3049,0.1775
47,133000,751,2875,1.53e-06,0.2484,0.4084,0.1993,0.2244,0.3862,0.1912
47,133020,771,2875,1.53e-06,0.3095,0.3144,0.2264,0.2565,0.2795,0.2098
47,133040,791,2875,1.53e-06,0.2799,0.3171,0.1702,0.2491,0.295,0.164
47,133060,811,2875,1.53e-06,0.2298,0.3525,0.2129,0.2188,0.3365,0.2064
47,133080,831,2875,1.53e-06,0.2166,0.2811,0.1623,0.2177,0.2653,0.1587
47,133100,851,2875,1.53e-06,0.339,0.2983,0.1797,0.3052,0.2955,0.1761
47,133120,871,2875,1.53e-06,0.2363,0.3741,0.1841,0.2193,0.3556,0.1785
47,133140,891,2875,1.53e-06,0.373,0.2902,0.1708,0.3491,0.2473,0.1576
47,133160,911,2875,1.53e-06,0.2677,0.3223,0.2082,0.2588,0.2999,0.2006
47,133180,931,2875,1.53e-06,0.2457,0.3,0.1856,0.2266,0.281,0.1769
47,133200,951,2875,1.53e-06,0.2702,0.2594,0.1683,0.2311,0.2347,0.1572
47,133220,971,2875,1.53e-06,0.2369,0.3441,0.1576,0.2313,0.34,0.1545
47,133240,991,2875,1.53e-06,0.2526,0.2901,0.1669,0.2321,0.2654,0.159
47,133260,1011,2875,1.53e-06,0.2214,0.2982,0.1644,0.1931,0.2749,0.1614
47,133280,1031,2875,1.53e-06,0.2277,0.2529,0.168,0.1983,0.2267,0.1606
47,133300,1051,2875,1.53e-06,0.3663,0.3606,0.1583,0.3283,0.3336,0.1514
47,133320,1071,2875,1.53e-06,0.1996,0.3149,0.181,0.1747,0.2926,0.1714
47,133340,1091,2875,1.53e-06,0.2297,0.3234,0.1795,0.2171,0.3072,0.1741
47,133360,1111,2875,1.53e-06,0.2658,0.3692,0.1908,0.2547,0.3441,0.1811
47,133380,1131,2875,1.53e-06,0.2167,0.3149,0.1654,0.2118,0.2815,0.1547
47,133400,1151,2875,1.53e-06,0.2004,0.3055,0.1692,0.1738,0.2914,0.165
47,133420,1171,2875,1.53e-06,0.2781,0.3736,0.1807,0.2691,0.3475,0.1768
47,133440,1191,2875,1.53e-06,0.2849,0.3351,0.1919,0.2626,0.3168,0.1839
47,133460,1211,2875,1.53e-06,0.2915,0.287,0.1636,0.264,0.2854,0.1629
47,133480,1231,2875,1.53e-06,0.242,0.2425,0.1709,0.222,0.2194,0.1616
47,133500,1251,2875,1.53e-06,0.2718,0.2813,0.1919,0.2324,0.2705,0.1845
47,133520,1271,2875,1.53e-06,0.2674,0.3541,0.207,0.2518,0.3517,0.2037
47,133540,1291,2875,1.53e-06,0.3025,0.4157,0.2071,0.291,0.3975,0.1981
47,133560,1311,2875,1.53e-06,0.2801,0.4523,0.1866,0.2579,0.4231,0.1738
47,133580,1331,2875,1.53e-06,0.2589,0.3079,0.1686,0.2239,0.2922,0.1635
47,133600,1351,2875,1.53e-06,0.3543,0.3816,0.2002,0.3257,0.3598,0.1924
47,133620,1371,2875,1.53e-06,0.2488,0.3483,0.1827,0.2308,0.3276,0.178
47,133640,1391,2875,1.53e-06,0.1997,0.2295,0.1639,0.1681,0.2107,0.1537
47,133660,1411,2875,1.53e-06,0.2114,0.2666,0.1614,0.1873,0.2538,0.1571
47,133680,1431,2875,1.53e-06,0.1587,0.1618,0.156,0.1221,0.1487,0.1483
47,133700,1451,2875,1.53e-06,0.2131,0.3389,0.1739,0.1839,0.3144,0.1659
47,133720,1471,2875,1.53e-06,0.2478,0.3048,0.1744,0.2281,0.2903,0.1684
47,133740,1491,2875,1.53e-06,0.2905,0.3334,0.1988,0.2692,0.3236,0.1983
47,133760,1511,2875,1.53e-06,0.1676,0.2826,0.1728,0.1626,0.2845,0.17
47,133780,1531,2875,1.53e-06,0.246,0.2552,0.1668,0.2305,0.2271,0.1558
47,133800,1551,2875,1.53e-06,0.2941,0.2591,0.1803,0.2771,0.2324,0.1719
47,133820,1571,2875,1.53e-06,0.306,0.3809,0.1935,0.2859,0.3668,0.186
47,133840,1591,2875,1.53e-06,0.1587,0.3136,0.1548,0.1392,0.3114,0.1491
47,133860,1611,2875,1.53e-06,0.3302,0.3468,0.2045,0.3008,0.3193,0.1932
47,133880,1631,2875,1.53e-06,0.2484,0.3527,0.2012,0.2385,0.3399,0.1957
47,133900,1651,2875,1.53e-06,0.1624,0.2586,0.1758,0.1388,0.2592,0.1735
47,133920,1671,2875,1.53e-06,0.2178,0.2784,0.1735,0.1936,0.2642,0.169
47,133940,1691,2875,1.53e-06,0.3655,0.3629,0.1939,0.3189,0.3482,0.1877
47,133960,1711,2875,1.53e-06,0.2415,0.3767,0.1839,0.2313,0.3732,0.1795
47,133980,1731,2875,1.53e-06,0.3016,0.3654,0.1925,0.2982,0.353,0.1801
47,134000,1751,2875,1.53e-06,0.3721,0.2561,0.1646,0.352,0.2469,0.1558
47,134020,1771,2875,1.53e-06,0.2619,0.3161,0.1694,0.2454,0.2947,0.1618
47,134040,1791,2875,1.53e-06,0.3304,0.2567,0.1885,0.2916,0.2603,0.1827
47,134060,1811,2875,1.53e-06,0.1888,0.2986,0.1656,0.1819,0.2861,0.1602
47,134080,1831,2875,1.53e-06,0.3612,0.2771,0.1616,0.3306,0.2386,0.1438
47,134100,1851,2875,1.53e-06,0.2209,0.3546,0.1817,0.2111,0.3355,0.1753
47,134120,1871,2875,1.53e-06,0.2482,0.3058,0.1761,0.2206,0.2749,0.1672
47,134140,1891,2875,1.53e-06,0.1883,0.2503,0.1559,0.1619,0.2264,0.1482
47,134160,1911,2875,1.53e-06,0.2889,0.3617,0.1961,0.2679,0.3457,0.1921
47,134180,1931,2875,1.53e-06,0.1947,0.2611,0.1592,0.1751,0.2589,0.1565
47,134200,1951,2875,1.53e-06,0.1799,0.3414,0.1828,0.1718,0.3278,0.1775
47,134220,1971,2875,1.53e-06,0.2189,0.3109,0.1974,0.1992,0.2964,0.1934
47,134240,1991,2875,1.53e-06,0.3194,0.2485,0.1594,0.2708,0.2283,0.1504
47,134260,2011,2875,1.53e-06,0.2371,0.296,0.1739,0.2137,0.2831,0.1641
47,134280,2031,2875,1.53e-06,0.2392,0.2859,0.1909,0.22,0.2782,0.1833
47,134300,2051,2875,1.53e-06,0.2047,0.3711,0.1895,0.178,0.3734,0.1887
47,134320,2071,2875,1.53e-06,0.2126,0.3107,0.1918,0.1977,0.3025,0.1892
47,134340,2091,2875,1.53e-06,0.2896,0.3195,0.1956,0.2671,0.3067,0.1908
47,134360,2111,2875,1.53e-06,0.3001,0.3417,0.204,0.2679,0.3239,0.194
47,134380,2131,2875,1.53e-06,0.2132,0.3149,0.1847,0.1934,0.2956,0.181
47,134400,2151,2875,1.53e-06,0.2427,0.2626,0.1661,0.23,0.2496,0.1604
47,134420,2171,2875,1.53e-06,0.2872,0.3177,0.1924,0.2491,0.3009,0.1869
47,134440,2191,2875,1.53e-06,0.1676,0.3082,0.188,0.1608,0.2867,0.1821
47,134460,2211,2875,1.53e-06,0.1919,0.3152,0.1847,0.1743,0.302,0.1811
47,134480,2231,2875,1.53e-06,0.219,0.1801,0.1465,0.2014,0.1534,0.139
47,134500,2251,2875,1.53e-06,0.2385,0.2643,0.1847,0.2177,0.2544,0.1804
47,134520,2271,2875,1.53e-06,0.2398,0.411,0.1971,0.2165,0.4026,0.1915
47,134540,2291,2875,1.53e-06,0.2299,0.3259,0.1763,0.2062,0.2956,0.1687
47,134560,2311,2875,1.53e-06,0.3227,0.3354,0.1649,0.3039,0.2767,0.1489
47,134580,2331,2875,1.53e-06,0.3014,0.2382,0.1637,0.2917,0.2143,0.1553
47,134600,2351,2875,1.53e-06,0.2699,0.2772,0.2003,0.2339,0.2595,0.1895
47,134620,2371,2875,1.53e-06,0.2141,0.3169,0.1844,0.2067,0.3055,0.1803
47,134640,2391,2875,1.53e-06,0.2248,0.2515,0.1627,0.199,0.2669,0.1652
47,134660,2411,2875,1.53e-06,0.2139,0.2595,0.1743,0.1887,0.2538,0.1709
47,134680,2431,2875,1.53e-06,0.2766,0.317,0.1821,0.2525,0.2957,0.1712
47,134700,2451,2875,1.53e-06,0.2459,0.3042,0.1799,0.2296,0.2821,0.1692
47,134720,2471,2875,1.53e-06,0.2064,0.3225,0.2061,0.19,0.3161,0.2084
47,134740,2491,2875,1.53e-06,0.26,0.2986,0.1896,0.2412,0.2796,0.1788
47,134760,2511,2875,1.53e-06,0.2961,0.3114,0.1879,0.2491,0.2991,0.1744
47,134780,2531,2875,1.53e-06,0.2272,0.3572,0.2032,0.2176,0.345,0.1963
47,134800,2551,2875,1.53e-06,0.3174,0.2576,0.1728,0.3005,0.2592,0.1677
47,134820,2571,2875,1.53e-06,0.1462,0.2593,0.1687,0.1334,0.2465,0.1646
47,134840,2591,2875,1.53e-06,0.1932,0.3336,0.1704,0.1564,0.3042,0.1665
47,134860,2611,2875,1.53e-06,0.1697,0.2932,0.166,0.1488,0.2713,0.1567
47,134880,2631,2875,1.53e-06,0.3741,0.3638,0.2012,0.338,0.3287,0.1861
47,134900,2651,2875,1.53e-06,0.2884,0.2421,0.1627,0.2549,0.2326,0.1583
47,134920,2671,2875,1.53e-06,0.2257,0.3208,0.1765,0.206,0.3121,0.1721
47,134940,2691,2875,1.53e-06,0.2999,0.3253,0.1676,0.276,0.3172,0.166
47,134960,2711,2875,1.53e-06,0.2333,0.3335,0.1878,0.2205,0.312,0.1813
47,134980,2731,2875,1.53e-06,0.3149,0.2748,0.1582,0.2507,0.2506,0.1409
47,135000,2751,2875,1.53e-06,0.3156,0.2688,0.1731,0.2648,0.2548,0.1675
47,135020,2771,2875,1.53e-06,0.279,0.3227,0.2032,0.2447,0.3226,0.1996
47,135040,2791,2875,1.53e-06,0.2121,0.3087,0.1752,0.1986,0.2968,0.1684
47,135060,2811,2875,1.53e-06,0.2475,0.3343,0.186,0.2055,0.3269,0.1786
47,135080,2831,2875,1.53e-06,0.2244,0.2524,0.1498,0.2087,0.2439,0.1459
47,135100,2851,2875,1.53e-06,0.255,0.3116,0.1945,0.2364,0.2982,0.192
47,135120,2871,2875,1.53e-06,0.2835,0.3627,0.1865,0.2949,0.3386,0.179
48,135140,16,2875,1.41e-06,0.238,0.3509,0.2247,0.2207,0.3297,0.2181
48,135160,36,2875,1.41e-06,0.2312,0.3233,0.1807,0.2066,0.3139,0.1777
48,135180,56,2875,1.41e-06,0.2614,0.3253,0.1861,0.235,0.3222,0.1801
48,135200,76,2875,1.41e-06,0.2569,0.3044,0.1859,0.2432,0.2921,0.1799
48,135220,96,2875,1.41e-06,0.2463,0.2996,0.1844,0.2331,0.2908,0.1825
48,135240,116,2875,1.41e-06,0.2427,0.3039,0.1853,0.2054,0.2713,0.1708
48,135260,136,2875,1.41e-06,0.2377,0.3119,0.1947,0.2173,0.316,0.1884
48,135280,156,2875,1.41e-06,0.2981,0.3135,0.1771,0.2724,0.2933,0.1695
48,135300,176,2875,1.41e-06,0.2522,0.2946,0.1805,0.2335,0.2838,0.1744
48,135320,196,2875,1.41e-06,0.2008,0.3157,0.1723,0.1844,0.2801,0.1588
48,135340,216,2875,1.41e-06,0.2867,0.3676,0.2107,0.2746,0.3498,0.2071
48,135360,236,2875,1.41e-06,0.2751,0.3072,0.198,0.2507,0.2758,0.1822
48,135380,256,2875,1.41e-06,0.3871,0.3559,0.1856,0.3571,0.3343,0.1792
48,135400,276,2875,1.41e-06,0.2805,0.3362,0.1779,0.2631,0.3145,0.1757
48,135420,296,2875,1.41e-06,0.29,0.2861,0.1812,0.2667,0.2687,0.1747
48,135440,316,2875,1.41e-06,0.1994,0.3041,0.1771,0.1833,0.2926,0.1732
48,135460,336,2875,1.41e-06,0.3338,0.391,0.1887,0.2821,0.3652,0.1825
48,135480,356,2875,1.41e-06,0.2993,0.2906,0.1896,0.2713,0.277,0.1866
48,135500,376,2875,1.41e-06,0.2687,0.3398,0.1876,0.2379,0.3134,0.178
48,135520,396,2875,1.41e-06,0.2616,0.3786,0.1712,0.2441,0.3444,0.1618
48,135540,416,2875,1.41e-06,0.2376,0.2922,0.1736,0.2074,0.2771,0.1633
48,135560,436,2875,1.41e-06,0.2713,0.3425,0.1762,0.2422,0.3045,0.1655
48,135580,456,2875,1.41e-06,0.2636,0.3465,0.1884,0.2421,0.3316,0.1789
48,135600,476,2875,1.41e-06,0.2663,0.4071,0.2271,0.2553,0.3689,0.2173
48,135620,496,2875,1.41e-06,0.243,0.3278,0.1847,0.2173,0.2976,0.1777
48,135640,516,2875,1.41e-06,0.2608,0.286,0.1609,0.2549,0.2743,0.1565
48,135660,536,2875,1.41e-06,0.2273,0.2878,0.1721,0.2216,0.2791,0.1682
48,135680,556,2875,1.41e-06,0.2397,0.3208,0.1626,0.2216,0.3071,0.1579
48,135700,576,2875,1.41e-06,0.2657,0.3281,0.1824,0.247,0.2988,0.1747
48,135720,596,2875,1.41e-06,0.2196,0.3233,0.1867,0.2134,0.3066,0.1799
48,135740,616,2875,1.41e-06,0.2541,0.3001,0.1844,0.236,0.2957,0.184
48,135760,636,2875,1.41e-06,0.3087,0.4339,0.1951,0.2875,0.423,0.1895
48,135780,656,2875,1.41e-06,0.1916,0.1889,0.1331,0.1574,0.1673,0.1219
48,135800,676,2875,1.41e-06,0.2573,0.3925,0.2019,0.2399,0.3499,0.1896
48,135820,696,2875,1.41e-06,0.3377,0.4169,0.2102,0.2986,0.3976,0.2045
48,135840,716,2875,1.41e-06,0.2254,0.4105,0.1985,0.2144,0.3804,0.1876
48,135860,736,2875,1.41e-06,0.2957,0.4401,0.2,0.2739,0.419,0.1944
48,135880,756,2875,1.41e-06,0.2005,0.2769,0.1603,0.1866,0.262,0.1582
48,135900,776,2875,1.41e-06,0.3033,0.3061,0.1676,0.2716,0.279,0.1572
48,135920,796,2875,1.41e-06,0.1745,0.2619,0.1669,0.1619,0.2592,0.1634
48,135940,816,2875,1.41e-06,0.3521,0.3088,0.1875,0.296,0.3037,0.1807
48,135960,836,2875,1.41e-06,0.2547,0.303,0.1931,0.2414,0.2864,0.1829
48,135980,856,2875,1.41e-06,0.2313,0.3616,0.2037,0.2133,0.3482,0.1979
48,136000,876,2875,1.41e-06,0.2294,0.2075,0.1413,0.2096,0.1738,0.1339
48,136020,896,2875,1.41e-06,0.2538,0.3248,0.1733,0.2188,0.3207,0.1694
48,136040,916,2875,1.41e-06,0.2308,0.3664,0.1775,0.2255,0.3618,0.172
48,136060,936,2875,1.41e-06,0.2996,0.371,0.2066,0.2992,0.3504,0.1985
48,136080,956,2875,1.41e-06,0.294,0.2925,0.1935,0.2819,0.2738,0.1829
48,136100,976,2875,1.41e-06,0.2729,0.3596,0.1956,0.2376,0.3351,0.1912
48,136120,996,2875,1.41e-06,0.2176,0.317,0.1821,0.188,0.303,0.182
48,136140,1016,2875,1.41e-06,0.2654,0.3048,0.1819,0.2674,0.2775,0.1744
48,136160,1036,2875,1.41e-06,0.3809,0.2788,0.1789,0.323,0.2594,0.1726
48,136180,1056,2875,1.41e-06,0.2208,0.3446,0.1732,0.1861,0.3244,0.1675
48,136200,1076,2875,1.41e-06,0.1423,0.2529,0.1625,0.1219,0.2353,0.1581
48,136220,1096,2875,1.41e-06,0.2396,0.3338,0.1983,0.2212,0.3163,0.1883
48,136240,1116,2875,1.41e-06,0.2229,0.2941,0.1806,0.2026,0.2801,0.1751
48,136260,1136,2875,1.41e-06,0.2929,0.3757,0.2057,0.2744,0.3553,0.1925
48,136280,1156,2875,1.41e-06,0.219,0.2634,0.1598,0.184,0.2528,0.1562
48,136300,1176,2875,1.41e-06,0.3732,0.3913,0.2186,0.3528,0.376,0.2055
48,136320,1196,2875,1.41e-06,0.2765,0.3356,0.2003,0.2661,0.3339,0.1996
48,136340,1216,2875,1.41e-06,0.2076,0.3002,0.1952,0.1951,0.2712,0.1854
48,136360,1236,2875,1.41e-06,0.2432,0.3689,0.1879,0.2403,0.359,0.1842
48,136380,1256,2875,1.41e-06,0.2899,0.301,0.1681,0.2638,0.291,0.1624
48,136400,1276,2875,1.41e-06,0.2478,0.3409,0.1686,0.2417,0.3067,0.1552
48,136420,1296,2875,1.41e-06,0.3169,0.3928,0.1941,0.2794,0.3704,0.1895
48,136440,1316,2875,1.41e-06,0.2917,0.3423,0.2016,0.2563,0.3322,0.1979
48,136460,1336,2875,1.41e-06,0.2526,0.2782,0.1729,0.2388,0.2685,0.1676
48,136480,1356,2875,1.41e-06,0.3081,0.3784,0.1858,0.2805,0.3607,0.1808
48,136500,1376,2875,1.41e-06,0.3552,0.3833,0.1849,0.3287,0.3133,0.1698
48,136520,1396,2875,1.41e-06,0.2051,0.3006,0.1752,0.1797,0.2721,0.1657
48,136540,1416,2875,1.41e-06,0.1857,0.2356,0.1421,0.1683,0.2281,0.1388
48,136560,1436,2875,1.41e-06,0.2058,0.2545,0.1679,0.1889,0.2301,0.1594
48,136580,1456,2875,1.41e-06,0.2459,0.2946,0.1826,0.2276,0.2774,0.1756
48,136600,1476,2875,1.41e-06,0.3021,0.4272,0.2108,0.2718,0.4034,0.202
48,136620,1496,2875,1.41e-06,0.224,0.3146,0.1843,0.1979,0.3091,0.1773
48,136640,1516,2875,1.41e-06,0.1908,0.3432,0.1817,0.1758,0.3382,0.1771
48,136660,1536,2875,1.41e-06,0.1815,0.2982,0.1778,0.1648,0.2717,0.171
48,136680,1556,2875,1.41e-06,0.2579,0.349,0.1839,0.2417,0.3384,0.1755
48,136700,1576,2875,1.41e-06,0.2228,0.4037,0.2285,0.2005,0.3899,0.228
48,136720,1596,2875,1.41e-06,0.2195,0.3089,0.1683,0.187,0.3002,0.1606
48,136740,1616,2875,1.41e-06,0.2401,0.3315,0.1744,0.2209,0.31,0.1666
48,136760,1636,2875,1.41e-06,0.1973,0.3355,0.191,0.164,0.3287,0.1865
48,136780,1656,2875,1.41e-06,0.267,0.3056,0.174,0.231,0.2997,0.1682
48,136800,1676,2875,1.41e-06,0.2523,0.3448,0.1935,0.2377,0.3188,0.1832
48,136820,1696,2875,1.41e-06,0.3042,0.2755,0.1866,0.2797,0.2609,0.1811
48,136840,1716,2875,1.41e-06,0.317,0.2934,0.197,0.3162,0.2694,0.1889
48,136860,1736,2875,1.41e-06,0.2573,0.3168,0.1771,0.2407,0.3042,0.1717
48,136880,1756,2875,1.41e-06,0.2328,0.333,0.1911,0.2088,0.3139,0.1862
48,136900,1776,2875,1.41e-06,0.2996,0.3401,0.192,0.2603,0.3369,0.1891
48,136920,1796,2875,1.41e-06,0.3331,0.4677,0.239,0.3126,0.4376,0.2256
48,136940,1816,2875,1.41e-06,0.1989,0.3178,0.1792,0.1906,0.3016,0.1735
48,136960,1836,2875,1.41e-06,0.278,0.3419,0.1959,0.2608,0.3242,0.1906
48,136980,1856,2875,1.41e-06,0.2604,0.22,0.1575,0.2323,0.1906,0.1533
48,137000,1876,2875,1.41e-06,0.2364,0.3308,0.171,0.2128,0.3196,0.1651
48,137020,1896,2875,1.41e-06,0.2387,0.3132,0.1808,0.2153,0.2897,0.1756
48,137040,1916,2875,1.41e-06,0.2936,0.3498,0.1868,0.2603,0.347,0.1843
48,137060,1936,2875,1.41e-06,0.1973,0.2508,0.1771,0.1786,0.2345,0.1738
48,137080,1956,2875,1.41e-06,0.2825,0.3215,0.1814,0.2512,0.307,0.1763
48,137100,1976,2875,1.41e-06,0.1924,0.2865,0.1877,0.1692,0.2687,0.1825
48,137120,1996,2875,1.41e-06,0.2528,0.3497,0.1856,0.2368,0.3228,0.1737
48,137140,2016,2875,1.41e-06,0.2079,0.3545,0.1789,0.203,0.334,0.1729
48,137160,2036,2875,1.41e-06,0.2837,0.2921,0.1886,0.2622,0.2815,0.1867
48,137180,2056,2875,1.41e-06,0.2556,0.3381,0.2043,0.2295,0.3284,0.1955
48,137200,2076,2875,1.41e-06,0.2595,0.3202,0.1741,0.2409,0.2781,0.1613
48,137220,2096,2875,1.41e-06,0.2217,0.3432,0.1945,0.2131,0.322,0.1903
48,137240,2116,2875,1.41e-06,0.271,0.3629,0.188,0.2486,0.3411,0.1796
48,137260,2136,2875,1.41e-06,0.1998,0.3124,0.1705,0.1776,0.3022,0.166
48,137280,2156,2875,1.41e-06,0.316,0.3102,0.1848,0.2791,0.2932,0.1793
48,137300,2176,2875,1.41e-06,0.3283,0.3619,0.1774,0.2974,0.3311,0.1691
48,137320,2196,2875,1.41e-06,0.2341,0.3105,0.194,0.202,0.2964,0.1859
48,137340,2216,2875,1.41e-06,0.2187,0.3334,0.1842,0.1944,0.3134,0.1803
48,137360,2236,2875,1.41e-06,0.2704,0.346,0.1806,0.2255,0.3076,0.1675
48,137380,2256,2875,1.41e-06,0.1959,0.3016,0.1656,0.1951,0.2858,0.16
48,137400,2276,2875,1.41e-06,0.2238,0.3318,0.1737,0.2224,0.3196,0.169
48,137420,2296,2875,1.41e-06,0.2359,0.343,0.1799,0.2277,0.334,0.1747
48,137440,2316,2875,1.41e-06,0.2028,0.2659,0.1446,0.176,0.2666,0.1428
48,137460,2336,2875,1.41e-06,0.2149,0.3513,0.196,0.1968,0.3395,0.1889
48,137480,2356,2875,1.41e-06,0.2512,0.2857,0.1912,0.2266,0.2609,0.1831
48,137500,2376,2875,1.41e-06,0.263,0.3405,0.1711,0.2538,0.3368,0.1656
48,137520,2396,2875,1.41e-06,0.2609,0.4016,0.2003,0.2587,0.3759,0.184
48,137540,2416,2875,1.41e-06,0.2843,0.3827,0.1986,0.2656,0.349,0.1933
48,137560,2436,2875,1.41e-06,0.202,0.2871,0.1651,0.1826,0.2812,0.1649
48,137580,2456,2875,1.41e-06,0.2905,0.2994,0.1709,0.2583,0.2696,0.1603
48,137600,2476,2875,1.41e-06,0.1778,0.1435,0.1405,0.1651,0.1301,0.1354
48,137620,2496,2875,1.41e-06,0.2625,0.2479,0.1747,0.2173,0.2205,0.1647
48,137640,2516,2875,1.41e-06,0.2797,0.2833,0.1842,0.2398,0.2767,0.1783
48,137660,2536,2875,1.41e-06,0.2753,0.3098,0.1826,0.2446,0.3055,0.1775
48,137680,2556,2875,1.41e-06,0.2761,0.309,0.1779,0.2604,0.2941,0.171
48,137700,2576,2875,1.41e-06,0.2206,0.2877,0.1772,0.1944,0.2641,0.1678
48,137720,2596,2875,1.41e-06,0.2226,0.2959,0.1641,0.2026,0.2747,0.1535
48,137740,2616,2875,1.41e-06,0.3524,0.3353,0.1749,0.3263,0.3228,0.1693
48,137760,2636,2875,1.41e-06,0.2528,0.2188,0.1602,0.2218,0.2165,0.1533
48,137780,2656,2875,1.41e-06,0.3024,0.3685,0.209,0.272,0.3348,0.1977
48,137800,2676,2875,1.41e-06,0.2951,0.279,0.1956,0.2753,0.2696,0.1875
48,137820,2696,2875,1.41e-06,0.2365,0.3565,0.1826,0.2181,0.3157,0.1687
48,137840,2716,2875,1.41e-06,0.234,0.3462,0.1893,0.215,0.3313,0.1855
48,137860,2736,2875,1.41e-06,0.2756,0.2766,0.1678,0.2527,0.26,0.1591
48,137880,2756,2875,1.41e-06,0.2643,0.3654,0.205,0.2397,0.3458,0.1961
48,137900,2776,2875,1.41e-06,0.2455,0.2937,0.1853,0.2359,0.2793,0.1796
48,137920,2796,2875,1.41e-06,0.2455,0.3745,0.1805,0.1976,0.3461,0.1666
48,137940,2816,2875,1.41e-06,0.2503,0.3971,0.1881,0.2429,0.374,0.1821
48,137960,2836,2875,1.41e-06,0.191,0.2332,0.1602,0.1631,0.2175,0.1544
48,137980,2856,2875,1.41e-06,0.2278,0.341,0.198,0.2084,0.3323,0.1947
49,138000,1,2875,1.34e-06,0.2354,0.3242,0.1816,0.2198,0.3088,0.1754
49,138020,21,2875,1.34e-06,0.2343,0.2467,0.1779,0.2193,0.243,0.1726
49,138040,41,2875,1.34e-06,0.2506,0.3537,0.194,0.2536,0.3103,0.1809
49,138060,61,2875,1.34e-06,0.2726,0.36,0.1989,0.249,0.3663,0.1966
49,138080,81,2875,1.34e-06,0.199,0.2596,0.1699,0.185,0.2363,0.1644
49,138100,101,2875,1.34e-06,0.3387,0.3639,0.1784,0.3196,0.3213,0.1717
49,138120,121,2875,1.34e-06,0.2712,0.2573,0.1725,0.2536,0.2373,0.1639
49,138140,141,2875,1.34e-06,0.3084,0.2748,0.1821,0.269,0.254,0.1729
49,138160,161,2875,1.34e-06,0.2595,0.274,0.1732,0.2351,0.2567,0.1709
49,138180,181,2875,1.34e-06,0.2519,0.2497,0.1739,0.2441,0.2451,0.1749
49,138200,201,2875,1.34e-06,0.2222,0.2995,0.1813,0.1894,0.2731,0.1746
49,138220,221,2875,1.34e-06,0.2216,0.3461,0.189,0.2132,0.3213,0.1815
49,138240,241,2875,1.34e-06,0.3089,0.3327,0.1752,0.273,0.3022,0.1688
49,138260,261,2875,1.34e-06,0.4719,0.3698,0.194,0.4628,0.3612,0.1896
49,138280,281,2875,1.34e-06,0.2677,0.3115,0.2017,0.2463,0.3081,0.1943
49,138300,301,2875,1.34e-06,0.2696,0.3661,0.1858,0.2489,0.3538,0.1774
49,138320,321,2875,1.34e-06,0.227,0.3309,0.1781,0.203,0.3137,0.1693
49,138340,341,2875,1.34e-06,0.2131,0.2902,0.1757,0.1861,0.2808,0.1718
49,138360,361,2875,1.34e-06,0.2767,0.2866,0.1516,0.275,0.2744,0.1471
49,138380,381,2875,1.34e-06,0.2037,0.2396,0.1723,0.1804,0.2189,0.1584
49,138400,401,2875,1.34e-06,0.2061,0.3172,0.1905,0.1796,0.3151,0.1882
49,138420,421,2875,1.34e-06,0.245,0.3816,0.1954,0.2245,0.3742,0.1952
49,138440,441,2875,1.34e-06,0.2215,0.2966,0.1814,0.2019,0.274,0.1697
49,138460,461,2875,1.34e-06,0.2745,0.3289,0.2025,0.2596,0.2985,0.1932
49,138480,481,2875,1.34e-06,0.3083,0.3655,0.1788,0.2944,0.3455,0.1717
49,138500,501,2875,1.34e-06,0.2548,0.3403,0.1838,0.2191,0.3188,0.1754
49,138520,521,2875,1.34e-06,0.2692,0.4195,0.2038,0.252,0.4055,0.1964
49,138540,541,2875,1.34e-06,0.2926,0.3435,0.1953,0.2564,0.3479,0.1922
49,138560,561,2875,1.34e-06,0.2462,0.2419,0.1656,0.191,0.2117,0.1533
49,138580,581,2875,1.34e-06,0.2316,0.3492,0.1739,0.2153,0.333,0.1727
49,138600,601,2875,1.34e-06,0.2256,0.2837,0.1608,0.2079,0.2564,0.1515
49,138620,621,2875,1.34e-06,0.2727,0.2883,0.1751,0.2364,0.2494,0.1576
49,138640,641,2875,1.34e-06,0.3845,0.287,0.1874,0.3478,0.2809,0.1818
49,138660,661,2875,1.34e-06,0.2398,0.2868,0.181,0.2097,0.2646,0.1743
49,138680,681,2875,1.34e-06,0.2352,0.2998,0.1633,0.2075,0.2893,0.1588
49,138700,701,2875,1.34e-06,0.3339,0.4989,0.2198,0.3049,0.4618,0.2027
49,138720,721,2875,1.34e-06,0.1791,0.2146,0.158,0.1475,0.2071,0.1569
49,138740,741,2875,1.34e-06,0.2304,0.3502,0.201,0.2057,0.3254,0.1931
49,138760,761,2875,1.34e-06,0.2558,0.3429,0.1834,0.2389,0.3397,0.178
49,138780,781,2875,1.34e-06,0.3278,0.3397,0.1856,0.2745,0.3128,0.1804
49,138800,801,2875,1.34e-06,0.2842,0.3154,0.1842,0.2524,0.298,0.1776
49,138820,821,2875,1.34e-06,0.2378,0.2618,0.1858,0.194,0.2517,0.1759
49,138840,841,2875,1.34e-06,0.2293,0.3738,0.1914,0.212,0.3439,0.1837
49,138860,861,2875,1.34e-06,0.2819,0.2723,0.1761,0.278,0.2622,0.1675
49,138880,881,2875,1.34e-06,0.25,0.2359,0.1708,0.2047,0.2346,0.1739
49,138900,901,2875,1.34e-06,0.2051,0.2643,0.1821,0.1886,0.2623,0.1787
49,138920,921,2875,1.34e-06,0.2628,0.3031,0.1955,0.2272,0.2975,0.1917
49,138940,941,2875,1.34e-06,0.41,0.3043,0.1629,0.3642,0.282,0.1604
49,138960,961,2875,1.34e-06,0.2236,0.3196,0.189,0.1993,0.2888,0.1844
49,138980,981,2875,1.34e-06,0.2157,0.2603,0.1653,0.1918,0.2445,0.1578
49,139000,1001,2875,1.34e-06,0.251,0.273,0.1691,0.221,0.2537,0.1628
49,139020,1021,2875,1.34e-06,0.2278,0.2884,0.1423,0.2209,0.2757,0.1384
49,139040,1041,2875,1.34e-06,0.2924,0.317,0.1961,0.2594,0.2911,0.185
49,139060,1061,2875,1.34e-06,0.1995,0.2861,0.1833,0.1816,0.2491,0.176
49,139080,1081,2875,1.34e-06,0.2881,0.3838,0.1897,0.2573,0.365,0.182
49,139100,1101,2875,1.34e-06,0.173,0.3193,0.1748,0.1615,0.2848,0.1645
49,139120,1121,2875,1.34e-06,0.2207,0.3004,0.1615,0.2067,0.2888,0.1607
49,139140,1141,2875,1.34e-06,0.2359,0.3527,0.1981,0.2173,0.3541,0.1955
49,139160,1161,2875,1.34e-06,0.2239,0.333,0.1843,0.2049,0.308,0.1762
49,139180,1181,2875,1.34e-06,0.313,0.3736,0.1959,0.2881,0.3565,0.1929
49,139200,1201,2875,1.34e-06,0.2303,0.3174,0.1847,0.2191,0.3037,0.181
49,139220,1221,2875,1.34e-06,0.2821,0.3543,0.1844,0.2623,0.311,0.1731
49,139240,1241,2875,1.34e-06,0.2372,0.3259,0.1755,0.2326,0.3057,0.1711
49,139260,1261,2875,1.34e-06,0.2566,0.3352,0.19,0.2222,0.3183,0.1824
49,139280,1281,2875,1.34e-06,0.2595,0.3705,0.1992,0.2439,0.3519,0.1914
49,139300,1301,2875,1.34e-06,0.2539,0.2599,0.1765,0.2289,0.2475,0.1675
49,139320,1321,2875,1.34e-06,0.1961,0.3413,0.1807,0.177,0.3297,0.1762
49,139340,1341,2875,1.34e-06,0.2868,0.3311,0.2009,0.2424,0.3234,0.1947
49,139360,1361,2875,1.34e-06,0.2855,0.2846,0.1771,0.2652,0.2611,0.1695
49,139380,1381,2875,1.34e-06,0.1938,0.3102,0.1724,0.1744,0.2825,0.1666
49,139400,1401,2875,1.34e-06,0.2653,0.3809,0.1872,0.2728,0.3714,0.1806
49,139420,1421,2875,1.34e-06,0.241,0.371,0.2006,0.2154,0.3506,0.1919
49,139440,1441,2875,1.34e-06,0.2365,0.2601,0.1662,0.2176,0.2467,0.1603
49,139460,1461,2875,1.34e-06,0.2259,0.2601,0.1586,0.1939,0.2252,0.1467
49,139480,1481,2875,1.34e-06,0.1686,0.2427,0.1683,0.1428,0.2194,0.1583
49,139500,1501,2875,1.34e-06,0.2339,0.3246,0.1707,0.2222,0.3078,0.1651
49,139520,1521,2875,1.34e-06,0.2277,0.2522,0.1706,0.2112,0.2346,0.164
49,139540,1541,2875,1.34e-06,0.235,0.2534,0.1597,0.216,0.2251,0.15
49,139560,1561,2875,1.34e-06,0.2684,0.3246,0.1873,0.25,0.3215,0.1825
49,139580,1581,2875,1.34e-06,0.1923,0.3233,0.1666,0.1694,0.3167,0.1629
49,139600,1601,2875,1.34e-06,0.2314,0.2886,0.16,0.2027,0.2733,0.1544
49,139620,1621,2875,1.34e-06,0.3424,0.3331,0.1949,0.3135,0.3106,0.186
49,139640,1641,2875,1.34e-06,0.2706,0.2052,0.1489,0.2388,0.1791,0.1295
49,139660,1661,2875,1.34e-06,0.2101,0.3744,0.1996,0.2011,0.3548,0.1956
49,139680,1681,2875,1.34e-06,0.2403,0.2948,0.1646,0.2222,0.2805,0.1601
49,139700,1701,2875,1.34e-06,0.2645,0.2903,0.2043,0.2546,0.269,0.2026
49,139720,1721,2875,1.34e-06,0.273,0.2638,0.1765,0.2335,0.2149,0.1553
49,139740,1741,2875,1.34e-06,0.336,0.3521,0.1898,0.3295,0.3286,0.1796
49,139760,1761,2875,1.34e-06,0.2613,0.2149,0.1563,0.2494,0.1949,0.1516
49,139780,1781,2875,1.34e-06,0.2471,0.3274,0.1922,0.2031,0.2937,0.1831
49,139800,1801,2875,1.34e-06,0.2157,0.2787,0.1857,0.196,0.2708,0.1831
49,139820,1821,2875,1.34e-06,0.2448,0.294,0.1829,0.2313,0.2786,0.1729
49,139840,1841,2875,1.34e-06,0.2725,0.2816,0.189,0.2282,0.2537,0.1771
49,139860,1861,2875,1.34e-06,0.2959,0.3617,0.1985,0.2833,0.3372,0.1867
49,139880,1881,2875,1.34e-06,0.2597,0.2331,0.1829,0.2207,0.2137,0.1746
49,139900,1901,2875,1.34e-06,0.2519,0.2985,0.1779,0.2199,0.2765,0.1705
49,139920,1921,2875,1.34e-06,0.2169,0.3208,0.1813,0.2051,0.2929,0.1737
49,139940,1941,2875,1.34e-06,0.1498,0.1993,0.1537,0.1342,0.194,0.1498
49,139960,1961,2875,1.34e-06,0.3844,0.3428,0.2072,0.3686,0.3183,0.1937
49,139980,1981,2875,1.34e-06,0.2549,0.3288,0.1978,0.2202,0.3185,0.187
49,140000,2001,2875,1.34e-06,0.2075,0.3743,0.187,0.1917,0.3616,0.1867
49,140020,2021,2875,1.34e-06,0.2111,0.2521,0.172,0.1922,0.2494,0.1674
49,140040,2041,2875,1.34e-06,0.2264,0.2632,0.1637,0.1981,0.2538,0.1602
49,140060,2061,2875,1.34e-06,0.2622,0.3675,0.2057,0.2467,0.3392,0.1957
49,140080,2081,2875,1.34e-06,0.2947,0.2692,0.1834,0.2778,0.2582,0.1799
49,140100,2101,2875,1.34e-06,0.2549,0.2843,0.1824,0.2332,0.27,0.1754
49,140120,2121,2875,1.34e-06,0.3075,0.3082,0.1863,0.2874,0.2763,0.1741
49,140140,2141,2875,1.34e-06,0.2628,0.3061,0.2035,0.2461,0.2942,0.1957
49,140160,2161,2875,1.34e-06,0.3471,0.3106,0.1799,0.3149,0.3033,0.174
49,140180,2181,2875,1.34e-06,0.2308,0.3197,0.1833,0.2096,0.2917,0.174
49,140200,2201,2875,1.34e-06,0.2934,0.2525,0.1587,0.278,0.2205,0.1509
49,140220,2221,2875,1.34e-06,0.2802,0.3708,0.2038,0.2623,0.365,0.1997
49,140240,2241,2875,1.34e-06,0.2677,0.3781,0.1872,0.2556,0.3651,0.1857
49,140260,2261,2875,1.34e-06,0.2586,0.3314,0.1704,0.2372,0.3395,0.1707
49,140280,2281,2875,1.34e-06,0.2749,0.3318,0.1706,0.2452,0.3093,0.1627
49,140300,2301,2875,1.34e-06,0.2505,0.3096,0.1665,0.2289,0.2897,0.1599
49,140320,2321,2875,1.34e-06,0.2892,0.3326,0.1603,0.2757,0.3197,0.1559
49,140340,2341,2875,1.34e-06,0.179,0.2108,0.1538,0.1516,0.2046,0.1494
49,140360,2361,2875,1.34e-06,0.2773,0.2766,0.1969,0.2672,0.2814,0.1966
49,140380,2381,2875,1.34e-06,0.2163,0.3961,0.2239,0.1998,0.3728,0.2059
49,140400,2401,2875,1.34e-06,0.3128,0.3166,0.1829,0.2686,0.2952,0.1793
49,140420,2421,2875,1.34e-06,0.2979,0.3585,0.1992,0.2858,0.3369,0.1907
49,140440,2441,2875,1.34e-06,0.2354,0.2611,0.1752,0.2046,0.252,0.1738
49,140460,2461,2875,1.34e-06,0.1733,0.2055,0.1651,0.15,0.1983,0.1566
49,140480,2481,2875,1.34e-06,0.2841,0.3324,0.1768,0.2586,0.314,0.1678
49,140500,2501,2875,1.34e-06,0.2688,0.3771,0.2079,0.2602,0.3516,0.1977
49,140520,2521,2875,1.34e-06,0.2163,0.2446,0.1639,0.1716,0.2175,0.1549
49,140540,2541,2875,1.34e-06,0.3326,0.2951,0.1955,0.3052,0.2861,0.1902
49,140560,2561,2875,1.34e-06,0.4074,0.3851,0.1701,0.3751,0.3572,0.1602
49,140580,2581,2875,1.34e-06,0.2354,0.2067,0.1705,0.2101,0.1838,0.1613
49,140600,2601,2875,1.34e-06,0.2754,0.3383,0.1947,0.2571,0.3086,0.1863
49,140620,2621,2875,1.34e-06,0.2209,0.3204,0.1675,0.1872,0.3031,0.1618
49,140640,2641,2875,1.34e-06,0.2559,0.3486,0.1798,0.2331,0.3296,0.1755
49,140660,2661,2875,1.34e-06,0.2218,0.2925,0.1745,0.1786,0.2625,0.1662
49,140680,2681,2875,1.34e-06,0.2231,0.2692,0.1763,0.2098,0.2608,0.1724
49,140700,2701,2875,1.34e-06,0.2239,0.3709,0.219,0.2013,0.3593,0.2215
49,140720,2721,2875,1.34e-06,0.2119,0.2919,0.1599,0.1759,0.2626,0.1523
49,140740,2741,2875,1.34e-06,0.2507,0.3397,0.1945,0.2309,0.3321,0.1933
49,140760,2761,2875,1.34e-06,0.2281,0.3655,0.2001,0.213,0.3488,0.1899
49,140780,2781,2875,1.34e-06,0.3038,0.3015,0.1815,0.2545,0.2772,0.1834
49,140800,2801,2875,1.34e-06,0.2564,0.321,0.1845,0.2236,0.2899,0.1717
49,140820,2821,2875,1.34e-06,0.3002,0.373,0.2154,0.2771,0.3004,0.1942
49,140840,2841,2875,1.34e-06,0.2823,0.3125,0.1784,0.2605,0.3087,0.1734
49,140860,2861,2875,1.34e-06,0.2593,0.2834,0.1928,0.2144,0.2626,0.1835
50,140880,6,2875,1.31e-06,0.249,0.2364,0.1506,0.1989,0.2132,0.1382
50,140900,26,2875,1.31e-06,0.2419,0.2803,0.1559,0.2419,0.2729,0.1491
50,140920,46,2875,1.31e-06,0.2734,0.2885,0.1816,0.2413,0.2683,0.1777
50,140940,66,2875,1.31e-06,0.1984,0.3241,0.1743,0.182,0.3189,0.1716
50,140960,86,2875,1.31e-06,0.2229,0.308,0.1854,0.2095,0.2986,0.176
50,140980,106,2875,1.31e-06,0.2675,0.3314,0.19,0.2634,0.3088,0.178
50,141000,126,2875,1.31e-06,0.3325,0.3411,0.1959,0.2962,0.3091,0.1866
50,141020,146,2875,1.31e-06,0.285,0.2465,0.1756,0.2515,0.24,0.169
50,141040,166,2875,1.31e-06,0.2278,0.3494,0.1932,0.206,0.3435,0.1932
50,141060,186,2875,1.31e-06,0.3256,0.3025,0.1863,0.2913,0.2929,0.1796
50,141080,206,2875,1.31e-06,0.2631,0.321,0.1682,0.2352,0.3145,0.1628
50,141100,226,2875,1.31e-06,0.2456,0.3147,0.1982,0.2382,0.3136,0.1992
50,141120,246,2875,1.31e-06,0.2705,0.2374,0.1798,0.254,0.2203,0.1719
50,141140,266,2875,1.31e-06,0.2788,0.4032,0.1878,0.2668,0.4106,0.1889
50,141160,286,2875,1.31e-06,0.23,0.2807,0.1712,0.2046,0.2555,0.1629
50,141180,306,2875,1.31e-06,0.2165,0.2507,0.1627,0.1912,0.226,0.1529
50,141200,326,2875,1.31e-06,0.198,0.2647,0.1711,0.1882,0.2549,0.1665
50,141220,346,2875,1.31e-06,0.2524,0.2926,0.1694,0.2216,0.277,0.1644
50,141240,366,2875,1.31e-06,0.1955,0.2749,0.1874,0.1734,0.257,0.1892
50,141260,386,2875,1.31e-06,0.2489,0.3591,0.1853,0.2338,0.3372,0.1767
50,141280,406,2875,1.31e-06,0.2168,0.4131,0.2026,0.1931,0.3943,0.1994
50,141300,426,2875,1.31e-06,0.3238,0.2922,0.1571,0.2765,0.2784,0.1515
50,141320,446,2875,1.31e-06,0.2861,0.2745,0.176,0.245,0.2634,0.1684
50,141340,466,2875,1.31e-06,0.2888,0.3319,0.1738,0.275,0.3045,0.1673
50,141360,486,2875,1.31e-06,0.4152,0.3738,0.2016,0.3964,0.3618,0.1964
50,141380,506,2875,1.31e-06,0.1839,0.2143,0.158,0.1641,0.1987,0.1494
50,141400,526,2875,1.31e-06,0.2148,0.3229,0.1845,0.1904,0.3142,0.1781
50,141420,546,2875,1.31e-06,0.2574,0.3019,0.1806,0.221,0.2876,0.171
50,141440,566,2875,1.31e-06,0.327,0.265,0.1809,0.295,0.2497,0.1725
50,141460,586,2875,1.31e-06,0.2476,0.3513,0.1849,0.213,0.3233,0.1738
50,141480,606,2875,1.31e-06,0.2593,0.3188,0.1948,0.2389,0.3104,0.1856
50,141500,626,2875,1.31e-06,0.2898,0.3332,0.1717,0.2446,0.2903,0.1645
50,141520,646,2875,1.31e-06,0.2428,0.3146,0.1699,0.2326,0.2982,0.1667
50,141540,666,2875,1.31e-06,0.3521,0.2975,0.1859,0.3116,0.2588,0.1766
50,141560,686,2875,1.31e-06,0.2466,0.2377,0.1681,0.2313,0.2298,0.1628
50,141580,706,2875,1.31e-06,0.2224,0.2399,0.1678,0.1672,0.21,0.152
50,141600,726,2875,1.31e-06,0.2801,0.3396,0.1898,0.2723,0.3369,0.1856
50,141620,746,2875,1.31e-06,0.323,0.3578,0.2007,0.2997,0.3451,0.1935
50,141640,766,2875,1.31e-06,0.2638,0.2884,0.1808,0.2401,0.2787,0.1757
50,141660,786,2875,1.31e-06,0.1925,0.3307,0.1847,0.1798,0.3075,0.1735
50,141680,806,2875,1.31e-06,0.1878,0.2722,0.1748,0.1745,0.28,0.1732
50,141700,826,2875,1.31e-06,0.2548,0.3241,0.1959,0.2422,0.3014,0.1895
50,141720,846,2875,1.31e-06,0.3559,0.3536,0.2092,0.3293,0.327,0.2034
50,141740,866,2875,1.31e-06,0.2459,0.38,0.1878,0.2245,0.369,0.1832
50,141760,886,2875,1.31e-06,0.308,0.4354,0.2262,0.2885,0.415,0.2199
50,141780,906,2875,1.31e-06,0.3107,0.3707,0.1784,0.282,0.3506,0.1734
50,141800,926,2875,1.31e-06,0.1999,0.3423,0.1743,0.1639,0.3198,0.1673
50,141820,946,2875,1.31e-06,0.2198,0.2905,0.1818,0.1978,0.2897,0.1825
50,141840,966,2875,1.31e-06,0.2571,0.2836,0.1769,0.2203,0.2674,0.174
50,141860,986,2875,1.31e-06,0.2289,0.2351,0.1597,0.2115,0.2277,0.1535
50,141880,1006,2875,1.31e-06,0.2416,0.3653,0.1939,0.2138,0.3517,0.1885
50,141900,1026,2875,1.31e-06,0.1769,0.2803,0.1819,0.1603,0.2593,0.1728
50,141920,1046,2875,1.31e-06,0.4003,0.3131,0.2091,0.3593,0.2812,0.1927
50,141940,1066,2875,1.31e-06,0.2217,0.3328,0.173,0.2161,0.3095,0.1668
50,141960,1086,2875,1.31e-06,0.3052,0.385,0.2034,0.2738,0.378,0.1993
50,141980,1106,2875,1.31e-06,0.2069,0.3072,0.1739,0.186,0.2941,0.1698
50,142000,1126,2875,1.31e-06,0.2444,0.3116,0.1623,0.2387,0.2823,0.1549
50,142020,1146,2875,1.31e-06,0.2199,0.2978,0.1774,0.1964,0.2786,0.1739
50,142040,1166,2875,1.31e-06,0.3127,0.388,0.2161,0.3017,0.3702,0.2068
50,142060,1186,2875,1.31e-06,0.3104,0.3181,0.1934,0.2862,0.299,0.1868
50,142080,1206,2875,1.31e-06,0.2087,0.3188,0.1778,0.1861,0.2871,0.1656
50,142100,1226,2875,1.31e-06,0.23,0.331,0.1711,0.1972,0.3146,0.1662
50,142120,1246,2875,1.31e-06,0.2196,0.3325,0.2302,0.1983,0.3088,0.2245
50,142140,1266,2875,1.31e-06,0.2836,0.3753,0.1924,0.2604,0.35,0.1835
50,142160,1286,2875,1.31e-06,0.15,0.2802,0.1708,0.1314,0.2741,0.168
50,142180,1306,2875,1.31e-06,0.2133,0.2956,0.1889,0.2108,0.2852,0.186
50,142200,1326,2875,1.31e-06,0.2389,0.312,0.1775,0.2244,0.3034,0.1718
50,142220,1346,2875,1.31e-06,0.2382,0.3607,0.194,0.2188,0.3532,0.19
50,142240,1366,2875,1.31e-06,0.2794,0.2961,0.1846,0.2603,0.278,0.1742
50,142260,1386,2875,1.31e-06,0.2131,0.31,0.1717,0.2011,0.2966,0.1656
50,142280,1406,2875,1.31e-06,0.3013,0.2877,0.1608,0.2842,0.2648,0.1563
50,142300,1426,2875,1.31e-06,0.2821,0.3008,0.1875,0.2326,0.2874,0.18
50,142320,1446,2875,1.31e-06,0.2378,0.2851,0.1628,0.204,0.282,0.1583
50,142340,1466,2875,1.31e-06,0.2303,0.2586,0.1618,0.198,0.2563,0.159
50,142360,1486,2875,1.31e-06,0.2302,0.3685,0.1889,0.2114,0.3556,0.1835
50,142380,1506,2875,1.31e-06,0.2514,0.2364,0.1637,0.2154,0.2265,0.1618
50,142400,1526,2875,1.31e-06,0.3369,0.3382,0.2017,0.3216,0.3324,0.1962
50,142420,1546,2875,1.31e-06,0.2773,0.3454,0.1798,0.2596,0.3236,0.1782
50,142440,1566,2875,1.31e-06,0.1588,0.3301,0.1836,0.1467,0.3218,0.1792
50,142460,1586,2875,1.31e-06,0.2154,0.2561,0.1781,0.1889,0.2436,0.1727
50,142480,1606,2875,1.31e-06,0.2282,0.296,0.187,0.2061,0.2839,0.1796
50,142500,1626,2875,1.31e-06,0.3626,0.3442,0.1916,0.302,0.3271,0.1834
50,142520,1646,2875,1.31e-06,0.2264,0.3037,0.1664,0.2066,0.285,0.1581
50,142540,1666,2875,1.31e-06,0.2413,0.3338,0.1905,0.2364,0.327,0.1865
50,142560,1686,2875,1.31e-06,0.2025,0.2681,0.1743,0.1746,0.2555,0.1663
50,142580,1706,2875,1.31e-06,0.261,0.2901,0.1692,0.2438,0.2701,0.1619
50,142600,1726,2875,1.31e-06,0.3429,0.3494,0.1937,0.3273,0.3208,0.1828
50,142620,1746,2875,1.31e-06,0.2522,0.4062,0.2,0.2294,0.3653,0.1981
50,142640,1766,2875,1.31e-06,0.2091,0.2481,0.1659,0.1675,0.2294,0.1593
50,142660,1786,2875,1.31e-06,0.2351,0.3628,0.1819,0.2234,0.3543,0.1755
50,142680,1806,2875,1.31e-06,0.4133,0.3108,0.1732,0.3854,0.2743,0.1614
50,142700,1826,2875,1.31e-06,0.3114,0.2705,0.1797,0.2818,0.2655,0.1782
50,142720,1846,2875,1.31e-06,0.1771,0.3031,0.1749,0.1646,0.267,0.1607
50,142740,1866,2875,1.31e-06,0.2269,0.3037,0.1711,0.2081,0.2837,0.1639
50,142760,1886,2875,1.31e-06,0.202,0.2414,0.1606,0.1874,0.2421,0.1583
50,142780,1906,2875,1.31e-06,0.1584,0.2695,0.1687,0.1082,0.2432,0.1554
50,142800,1926,2875,1.31e-06,0.1733,0.3038,0.1835,0.1434,0.2922,0.177
50,142820,1946,2875,1.31e-06,0.1746,0.265,0.1613,0.1509,0.2518,0.157
50,142840,1966,2875,1.31e-06,0.2576,0.3323,0.1776,0.2321,0.3118,0.1716
50,142860,1986,2875,1.31e-06,0.1884,0.3473,0.1877,0.1675,0.3263,0.184
50,142880,2006,2875,1.31e-06,0.2205,0.3556,0.183,0.2075,0.339,0.1747
50,142900,2026,2875,1.31e-06,0.2026,0.2768,0.1931,0.1885,0.2751,0.1889
50,142920,2046,2875,1.31e-06,0.3984,0.3233,0.2125,0.358,0.3037,0.2082
50,142940,2066,2875,1.31e-06,0.2304,0.3439,0.1761,0.2146,0.3494,0.1735
50,142960,2086,2875,1.31e-06,0.2985,0.3033,0.1678,0.2619,0.2896,0.1588
50,142980,2106,2875,1.31e-06,0.1999,0.2852,0.1704,0.1858,0.2716,0.1644
50,143000,2126,2875,1.31e-06,0.3325,0.2881,0.1691,0.3035,0.2982,0.1684
50,143020,2146,2875,1.31e-06,0.1905,0.2982,0.1803,0.1836,0.2781,0.1727
50,143040,2166,2875,1.31e-06,0.3318,0.3927,0.2041,0.3099,0.3712,0.1922
50,143060,2186,2875,1.31e-06,0.2913,0.355,0.1947,0.2485,0.3276,0.1854
50,143080,2206,2875,1.31e-06,0.2302,0.3046,0.1798,0.2133,0.3064,0.1771
50,143100,2226,2875,1.31e-06,0.2338,0.2738,0.1837,0.211,0.2563,0.1765
50,143120,2246,2875,1.31e-06,0.2263,0.2609,0.1907,0.1984,0.236,0.1788
50,143140,2266,2875,1.31e-06,0.2542,0.3312,0.1793,0.244,0.326,0.1763
50,143160,2286,2875,1.31e-06,0.2527,0.2573,0.1651,0.2357,0.2645,0.1613
50,143180,2306,2875,1.31e-06,0.2165,0.2717,0.1757,0.1865,0.2719,0.1733
50,143200,2326,2875,1.31e-06,0.263,0.2386,0.1681,0.2243,0.2214,0.1589
50,143220,2346,2875,1.31e-06,0.2326,0.3711,0.1939,0.2047,0.3477,0.1852
50,143240,2366,2875,1.31e-06,0.2639,0.2681,0.1657,0.2402,0.2633,0.1637
50,143260,2386,2875,1.31e-06,0.2015,0.3268,0.1793,0.1929,0.3122,0.1728
50,143280,2406,2875,1.31e-06,0.2221,0.3363,0.1641,0.2099,0.3244,0.162
50,143300,2426,2875,1.31e-06,0.3073,0.3204,0.1938,0.2862,0.3033,0.1838
50,143320,2446,2875,1.31e-06,0.3205,0.3751,0.2009,0.302,0.3623,0.1971
50,143340,2466,2875,1.31e-06,0.3529,0.3058,0.1894,0.3165,0.301,0.1784
50,143360,2486,2875,1.31e-06,0.1933,0.3233,0.1665,0.1765,0.3083,0.1583
50,143380,2506,2875,1.31e-06,0.2271,0.3445,0.2097,0.2035,0.337,0.2002
50,143400,2526,2875,1.31e-06,0.2401,0.3105,0.1734,0.2328,0.2934,0.1683
50,143420,2546,2875,1.31e-06,0.2537,0.2904,0.1697,0.2299,0.2705,0.1624
50,143440,2566,2875,1.31e-06,0.2096,0.3166,0.1988,0.2015,0.3024,0.1913
50,143460,2586,2875,1.31e-06,0.2135,0.3099,0.1694,0.1972,0.2971,0.1646
50,143480,2606,2875,1.31e-06,0.2481,0.34,0.1783,0.2297,0.3255,0.1786
50,143500,2626,2875,1.31e-06,0.2538,0.2874,0.1712,0.2103,0.2455,0.1579
50,143520,2646,2875,1.31e-06,0.2309,0.3679,0.1919,0.2184,0.3479,0.1856
50,143540,2666,2875,1.31e-06,0.2296,0.2575,0.1817,0.1998,0.2358,0.178
50,143560,2686,2875,1.31e-06,0.226,0.3081,0.1765,0.213,0.2952,0.1725
50,143580,2706,2875,1.31e-06,0.2579,0.4096,0.2012,0.2592,0.3993,0.1981
50,143600,2726,2875,1.31e-06,0.3003,0.3135,0.1839,0.2707,0.2987,0.1782
50,143620,2746,2875,1.31e-06,0.2458,0.2868,0.1763,0.2098,0.2458,0.1593
50,143640,2766,2875,1.31e-06,0.2231,0.3088,0.1723,0.2119,0.3091,0.1709
50,143660,2786,2875,1.31e-06,0.2671,0.2751,0.204,0.2262,0.2602,0.1949
50,143680,2806,2875,1.31e-06,0.272,0.2788,0.1711,0.2497,0.2636,0.1648
50,143700,2826,2875,1.31e-06,0.2482,0.3203,0.1794,0.2269,0.316,0.1757
50,143720,2846,2875,1.31e-06,0.1672,0.2854,0.181,0.1234,0.263,0.1792
50,143740,2866,2875,1.31e-06,0.2286,0.3226,0.1808,0.2154,0.3169,0.1812
