epoch,global_iter,iter_in_epoch,iters_per_epoch,lr,loss_qfl,loss_bbox,loss_dfl,aux_loss_qfl,aux_loss_bbox,aux_loss_dfl
1,0,1,1078,7e-09,0.4911,1.26,0.5195,0.448,1.2134,0.5376
1,20,21,1078,4.67e-06,0.4983,1.3046,0.5197,0.3615,1.2042,0.52
1,40,41,1078,9.34e-06,0.5723,1.3789,0.5163,0.3213,1.1804,0.4763
1,60,61,1078,1.4e-05,0.6369,1.4204,0.5127,0.2638,1.0566,0.4138
1,80,81,1078,1.87e-05,0.6799,1.3114,0.5096,0.2501,1.0037,0.4273
1,100,101,1078,2.33e-05,0.6946,1.3701,0.504,0.2269,0.9841,0.4025
1,120,121,1078,2.8e-05,0.7953,1.2854,0.4998,0.2591,0.9086,0.4128
1,140,141,1078,3.27e-05,0.9545,1.1513,0.4983,0.3335,0.8205,0.3877
1,160,161,1078,3.73e-05,0.8691,1.1935,0.492,0.2634,0.8271,0.3784
1,180,181,1078,4.2e-05,0.9678,1.0664,0.4679,0.3027,0.6935,0.341
1,200,201,1078,4.67e-05,0.7845,1.081,0.4431,0.3077,0.6811,0.3065
1,220,221,1078,5.13e-05,0.5853,1.0853,0.4173,0.3138,0.6467,0.2679
1,240,241,1078,5.6e-05,0.5266,0.8872,0.3942,0.2739,0.5702,0.271
1,260,261,1078,6.07e-05,0.4389,0.8607,0.3879,0.2838,0.5534,0.2658
1,280,281,1078,6.53e-05,0.3936,0.8902,0.3757,0.2955,0.6491,0.2646
1,300,301,1078,7e-05,0.3826,0.806,0.3882,0.2933,0.5828,0.26
1,320,321,1078,7e-05,0.419,0.7321,0.3847,0.3172,0.5527,0.2667
1,340,341,1078,7e-05,0.3843,0.727,0.3735,0.2929,0.4692,0.2326
1,360,361,1078,7e-05,0.3084,0.6762,0.3762,0.2814,0.4537,0.2282
1,380,381,1078,7e-05,0.3474,0.6482,0.361,0.297,0.5055,0.2385
1,400,401,1078,7e-05,0.3283,0.6231,0.3567,0.3024,0.5015,0.2327
1,420,421,1078,7e-05,0.3498,0.6614,0.3513,0.2877,0.5011,0.2378
1,440,441,1078,7e-05,0.2829,0.6119,0.3666,0.2853,0.4595,0.2379
1,460,461,1078,7e-05,0.3502,0.5853,0.3433,0.3666,0.4735,0.2293
1,480,481,1078,7e-05,0.2873,0.6367,0.3419,0.2614,0.5065,0.2386
1,500,501,1078,7e-05,0.3016,0.6217,0.3256,0.2587,0.5342,0.2342
1,520,521,1078,7e-05,0.3534,0.5102,0.3156,0.2827,0.4558,0.2281
1,540,541,1078,7e-05,0.3151,0.5468,0.3301,0.2631,0.4329,0.215
1,560,561,1078,7e-05,0.2907,0.5031,0.3121,0.3142,0.4314,0.2239
1,580,581,1078,7e-05,0.2986,0.5146,0.3076,0.2471,0.4089,0.2104
1,600,601,1078,7e-05,0.2446,0.5534,0.3289,0.2375,0.4458,0.2304
1,620,621,1078,7e-05,0.2639,0.5158,0.3289,0.2544,0.4308,0.2323
1,640,641,1078,7e-05,0.2958,0.5366,0.3011,0.2622,0.4512,0.2099
1,660,661,1078,7e-05,0.2367,0.4723,0.3027,0.2331,0.4172,0.2055
1,680,681,1078,7e-05,0.2909,0.5148,0.307,0.2676,0.4308,0.2154
1,700,701,1078,7e-05,0.2532,0.5288,0.3015,0.2597,0.4768,0.2271
1,720,721,1078,7e-05,0.3408,0.5383,0.3268,0.3043,0.4527,0.2309
1,740,741,1078,7e-05,0.2472,0.4571,0.3017,0.2468,0.3737,0.2002
1,760,761,1078,7e-05,0.2371,0.4505,0.2788,0.2545,0.4001,0.1941
1,780,781,1078,7e-05,0.3287,0.5345,0.3006,0.3115,0.4331,0.2111
1,800,801,1078,7e-05,0.2686,0.4724,0.294,0.2653,0.4066,0.2067
1,820,821,1078,7e-05,0.2838,0.468,0.2864,0.2714,0.4288,0.2106
1,840,841,1078,7e-05,0.2845,0.5162,0.2817,0.2644,0.4669,0.2127
1,860,861,1078,7e-05,0.2502,0.5286,0.2828,0.2585,0.4796,0.2174
1,880,881,1078,7e-05,0.2262,0.4797,0.2708,0.2387,0.4091,0.203
1,900,901,1078,7e-05,0.2443,0.5489,0.2725,0.2259,0.5091,0.2214
1,920,921,1078,7e-05,0.2464,0.4536,0.2669,0.233,0.4418,0.2095
1,940,941,1078,7e-05,0.2892,0.4759,0.2847,0.2895,0.4114,0.2087
1,960,961,1078,7e-05,0.2331,0.4278,0.2583,0.2458,0.3951,0.1909
1,980,981,1078,7e-05,0.3041,0.472,0.2869,0.289,0.4147,0.2137
1,1000,1001,1078,7e-05,0.2596,0.4038,0.257,0.2447,0.384,0.1983
1,1020,1021,1078,7e-05,0.2582,0.3803,0.2383,0.2636,0.3668,0.1806
1,1040,1041,1078,7e-05,0.2485,0.5252,0.256,0.2581,0.4651,0.1963
1,1060,1061,1078,7e-05,0.2631,0.4772,0.2696,0.2495,0.4031,0.1988
2,1080,3,1078,6.99e-05,0.2531,0.3784,0.2406,0.2517,0.3527,0.1837
2,1100,23,1078,6.99e-05,0.2347,0.4337,0.2545,0.2379,0.3798,0.1954
2,1120,43,1078,6.99e-05,0.2855,0.456,0.254,0.2697,0.4317,0.2191
2,1140,63,1078,6.99e-05,0.2579,0.4269,0.2547,0.2656,0.3997,0.2024
2,1160,83,1078,6.99e-05,0.2787,0.4259,0.263,0.2727,0.3854,0.2069
2,1180,103,1078,6.99e-05,0.3121,0.4352,0.2594,0.2908,0.4088,0.2025
2,1200,123,1078,6.99e-05,0.2574,0.4827,0.2507,0.2512,0.4393,0.1976
2,1220,143,1078,6.99e-05,0.2462,0.4612,0.2545,0.2489,0.4551,0.2153
2,1240,163,1078,6.99e-05,0.2266,0.4153,0.2388,0.2162,0.3936,0.1872
2,1260,183,1078,6.99e-05,0.2758,0.4747,0.2524,0.2692,0.4796,0.2181
2,1280,203,1078,6.99e-05,0.2664,0.38,0.2519,0.2567,0.3503,0.1965
2,1300,223,1078,6.99e-05,0.2429,0.4383,0.2516,0.2581,0.4027,0.2051
2,1320,243,1078,6.99e-05,0.2698,0.4408,0.2369,0.2808,0.4141,0.1903
2,1340,263,1078,6.99e-05,0.2898,0.4512,0.2551,0.2592,0.421,0.213
2,1360,283,1078,6.99e-05,0.261,0.4538,0.2521,0.2483,0.4336,0.2048
2,1380,303,1078,6.99e-05,0.262,0.4291,0.2439,0.2507,0.4271,0.2162
2,1400,323,1078,6.99e-05,0.2737,0.4438,0.2507,0.2582,0.4172,0.1963
2,1420,343,1078,6.99e-05,0.2529,0.4498,0.2332,0.2581,0.4218,0.1945
2,1440,363,1078,6.99e-05,0.2475,0.4413,0.2316,0.2414,0.4193,0.1986
2,1460,383,1078,6.99e-05,0.2821,0.3922,0.2274,0.2603,0.3803,0.1855
2,1480,403,1078,6.99e-05,0.2349,0.3805,0.219,0.2479,0.3772,0.1873
2,1500,423,1078,6.99e-05,0.2412,0.4509,0.2212,0.2418,0.4214,0.1914
2,1520,443,1078,6.99e-05,0.2158,0.3309,0.2071,0.2378,0.3215,0.1719
2,1540,463,1078,6.99e-05,0.2817,0.431,0.2469,0.2904,0.4186,0.2139
2,1560,483,1078,6.99e-05,0.2505,0.4023,0.2268,0.2377,0.3531,0.1768
2,1580,503,1078,6.99e-05,0.3056,0.4077,0.2408,0.2757,0.3627,0.1935
2,1600,523,1078,6.99e-05,0.2445,0.3781,0.2274,0.2427,0.3637,0.1972
2,1620,543,1078,6.99e-05,0.292,0.4597,0.2214,0.2978,0.4363,0.1929
2,1640,563,1078,6.99e-05,0.254,0.429,0.2284,0.2724,0.4088,0.2019
2,1660,583,1078,6.99e-05,0.2695,0.4747,0.2503,0.2715,0.4525,0.2194
2,1680,603,1078,6.99e-05,0.2647,0.4515,0.2347,0.2512,0.4359,0.1973
2,1700,623,1078,6.99e-05,0.2956,0.4388,0.2384,0.3037,0.4333,0.2052
2,1720,643,1078,6.99e-05,0.2402,0.4226,0.2254,0.2333,0.4048,0.2115
2,1740,663,1078,6.99e-05,0.265,0.4214,0.2201,0.2531,0.4026,0.1901
2,1760,683,1078,6.99e-05,0.2293,0.4242,0.2227,0.2524,0.3879,0.1844
2,1780,703,1078,6.99e-05,0.2553,0.4761,0.2256,0.2518,0.4375,0.1935
2,1800,723,1078,6.99e-05,0.3148,0.4664,0.2575,0.2983,0.4663,0.2362
2,1820,743,1078,6.99e-05,0.2487,0.4336,0.226,0.2212,0.4074,0.1927
2,1840,763,1078,6.99e-05,0.305,0.4463,0.228,0.2976,0.4398,0.2092
2,1860,783,1078,6.99e-05,0.2494,0.3996,0.2293,0.234,0.3875,0.2017
2,1880,803,1078,6.99e-05,0.2934,0.458,0.224,0.2911,0.4538,0.2016
2,1900,823,1078,6.99e-05,0.2809,0.4022,0.2261,0.2647,0.3764,0.1872
2,1920,843,1078,6.99e-05,0.2543,0.4636,0.2217,0.2468,0.4545,0.1951
2,1940,863,1078,6.99e-05,0.2343,0.3713,0.2106,0.2337,0.3627,0.1805
2,1960,883,1078,6.99e-05,0.2598,0.3626,0.215,0.2814,0.3602,0.1932
2,1980,903,1078,6.99e-05,0.2642,0.4255,0.2117,0.2601,0.404,0.1862
2,2000,923,1078,6.99e-05,0.2879,0.4148,0.2175,0.2704,0.3803,0.1839
2,2020,943,1078,6.99e-05,0.318,0.4549,0.2447,0.2625,0.425,0.2091
2,2040,963,1078,6.99e-05,0.2962,0.426,0.2151,0.2778,0.4246,0.2024
2,2060,983,1078,6.99e-05,0.2751,0.3813,0.2289,0.2482,0.3801,0.1995
2,2080,1003,1078,6.99e-05,0.2642,0.4596,0.2337,0.2593,0.4442,0.2121
2,2100,1023,1078,6.99e-05,0.253,0.4255,0.2182,0.2723,0.3733,0.191
2,2120,1043,1078,6.99e-05,0.2702,0.4066,0.2195,0.2688,0.4281,0.2043
2,2140,1063,1078,6.99e-05,0.254,0.3966,0.2095,0.2585,0.3793,0.1793
3,2160,5,1078,6.97e-05,0.2115,0.4331,0.2187,0.2101,0.4332,0.203
3,2180,25,1078,6.97e-05,0.2105,0.3967,0.2088,0.2089,0.3746,0.1829
3,2200,45,1078,6.97e-05,0.2163,0.4009,0.2132,0.2201,0.3815,0.1891
3,2220,65,1078,6.97e-05,0.2448,0.3601,0.2022,0.2359,0.3553,0.1876
3,2240,85,1078,6.97e-05,0.2707,0.3704,0.2059,0.2849,0.3489,0.1767
3,2260,105,1078,6.97e-05,0.3019,0.4142,0.2345,0.296,0.3841,0.2062
3,2280,125,1078,6.97e-05,0.2713,0.3619,0.1986,0.2577,0.3503,0.1716
3,2300,145,1078,6.97e-05,0.2818,0.3908,0.2111,0.2821,0.3897,0.1858
3,2320,165,1078,6.97e-05,0.2685,0.4198,0.2059,0.2627,0.3946,0.1848
3,2340,185,1078,6.97e-05,0.2385,0.3524,0.212,0.2384,0.3364,0.1882
3,2360,205,1078,6.97e-05,0.2876,0.4148,0.2042,0.2786,0.4197,0.1855
3,2380,225,1078,6.97e-05,0.2617,0.3715,0.2096,0.2564,0.3493,0.1837
3,2400,245,1078,6.97e-05,0.2562,0.4019,0.2172,0.2542,0.4085,0.196
3,2420,265,1078,6.97e-05,0.2458,0.3219,0.1946,0.2259,0.3193,0.1772
3,2440,285,1078,6.97e-05,0.2873,0.4278,0.218,0.2752,0.431,0.2088
3,2460,305,1078,6.97e-05,0.2616,0.3918,0.2129,0.2451,0.3754,0.1863
3,2480,325,1078,6.97e-05,0.2558,0.3518,0.2097,0.2476,0.3545,0.1901
3,2500,345,1078,6.97e-05,0.2417,0.4223,0.2151,0.2479,0.3781,0.187
3,2520,365,1078,6.97e-05,0.2713,0.4071,0.2232,0.284,0.3773,0.197
3,2540,385,1078,6.97e-05,0.2639,0.4479,0.225,0.2635,0.4158,0.2071
3,2560,405,1078,6.97e-05,0.2506,0.4296,0.207,0.2348,0.4095,0.1882
3,2580,425,1078,6.97e-05,0.3091,0.396,0.2087,0.3009,0.3842,0.1893
3,2600,445,1078,6.97e-05,0.3185,0.443,0.2235,0.3187,0.4335,0.2126
3,2620,465,1078,6.97e-05,0.2277,0.408,0.2032,0.2137,0.4071,0.1851
3,2640,485,1078,6.97e-05,0.291,0.4521,0.2169,0.2845,0.4318,0.2005
3,2660,505,1078,6.97e-05,0.2293,0.4088,0.2057,0.2387,0.4093,0.1936
3,2680,525,1078,6.97e-05,0.2246,0.3746,0.2008,0.2234,0.3692,0.1899
3,2700,545,1078,6.97e-05,0.2119,0.3689,0.1997,0.2126,0.371,0.1825
3,2720,565,1078,6.97e-05,0.2359,0.4138,0.2085,0.2398,0.4082,0.1987
3,2740,585,1078,6.97e-05,0.2261,0.3839,0.1927,0.214,0.3745,0.176
3,2760,605,1078,6.97e-05,0.2866,0.4009,0.2128,0.2635,0.4,0.1906
3,2780,625,1078,6.97e-05,0.2526,0.4393,0.2147,0.2421,0.436,0.2007
3,2800,645,1078,6.97e-05,0.2445,0.4174,0.2184,0.2603,0.3987,0.2011
3,2820,665,1078,6.97e-05,0.2438,0.4043,0.2082,0.2358,0.3811,0.1935
3,2840,685,1078,6.97e-05,0.2575,0.3245,0.1793,0.2565,0.3305,0.1671
3,2860,705,1078,6.97e-05,0.2326,0.3316,0.19,0.2267,0.33,0.1756
3,2880,725,1078,6.97e-05,0.2661,0.4064,0.201,0.2729,0.3879,0.1841
3,2900,745,1078,6.97e-05,0.2276,0.3391,0.1801,0.2271,0.3369,0.1626
3,2920,765,1078,6.97e-05,0.254,0.3816,0.194,0.2433,0.3687,0.1785
3,2940,785,1078,6.97e-05,0.2802,0.4324,0.2026,0.2666,0.4299,0.1905
3,2960,805,1078,6.97e-05,0.2629,0.3613,0.2016,0.2521,0.3562,0.1839
3,2980,825,1078,6.97e-05,0.2468,0.4169,0.2026,0.2348,0.3731,0.1799
3,3000,845,1078,6.97e-05,0.2499,0.4088,0.2107,0.2515,0.3804,0.1921
3,3020,865,1078,6.97e-05,0.2599,0.3182,0.1865,0.2599,0.3222,0.1718
3,3040,885,1078,6.97e-05,0.2451,0.4487,0.2124,0.2436,0.4538,0.2023
3,3060,905,1078,6.97e-05,0.2873,0.3733,0.1995,0.2798,0.3712,0.1829
3,3080,925,1078,6.97e-05,0.2273,0.4154,0.2,0.2363,0.4049,0.1902
3,3100,945,1078,6.97e-05,0.2583,0.3695,0.2005,0.2377,0.3585,0.1857
3,3120,965,1078,6.97e-05,0.3001,0.4279,0.2155,0.2894,0.4199,0.2062
3,3140,985,1078,6.97e-05,0.3067,0.3951,0.1978,0.3086,0.387,0.189
3,3160,1005,1078,6.97e-05,0.2347,0.4107,0.2055,0.2459,0.4162,0.1963
3,3180,1025,1078,6.97e-05,0.3275,0.2974,0.1885,0.325,0.2838,0.1725
3,3200,1045,1078,6.97e-05,0.2296,0.3581,0.1967,0.2308,0.3562,0.186
3,3220,1065,1078,6.97e-05,0.2885,0.406,0.2219,0.292,0.3546,0.1929
4,3240,7,1078,6.94e-05,0.2372,0.4205,0.1954,0.2278,0.3935,0.1787
4,3260,27,1078,6.94e-05,0.2274,0.3882,0.1928,0.2322,0.3745,0.1751
4,3280,47,1078,6.94e-05,0.2539,0.3444,0.1898,0.2592,0.3591,0.1833
4,3300,67,1078,6.94e-05,0.2642,0.3493,0.1872,0.2546,0.3509,0.1753
4,3320,87,1078,6.94e-05,0.2423,0.3861,0.2117,0.2506,0.3807,0.1994
4,3340,107,1078,6.94e-05,0.2229,0.3725,0.1849,0.2234,0.348,0.1738
4,3360,127,1078,6.94e-05,0.3343,0.3675,0.1944,0.318,0.3671,0.1796
4,3380,147,1078,6.94e-05,0.2335,0.4146,0.2042,0.2376,0.4016,0.1884
4,3400,167,1078,6.94e-05,0.2694,0.4098,0.2147,0.2631,0.3815,0.2
4,3420,187,1078,6.94e-05,0.2237,0.3854,0.2056,0.2269,0.384,0.1929
4,3440,207,1078,6.94e-05,0.2879,0.4204,0.2052,0.2874,0.4243,0.1951
4,3460,227,1078,6.94e-05,0.2668,0.3848,0.197,0.2593,0.3633,0.1839
4,3480,247,1078,6.94e-05,0.2126,0.3785,0.1863,0.2134,0.3753,0.1748
4,3500,267,1078,6.94e-05,0.2563,0.4307,0.1968,0.2432,0.4122,0.1811
4,3520,287,1078,6.94e-05,0.2441,0.372,0.1844,0.2355,0.3596,0.1807
4,3540,307,1078,6.94e-05,0.2536,0.3427,0.1896,0.2362,0.335,0.177
4,3560,327,1078,6.94e-05,0.275,0.4139,0.2168,0.2682,0.3974,0.2044
4,3580,347,1078,6.94e-05,0.2502,0.3329,0.1836,0.2552,0.3337,0.1758
4,3600,367,1078,6.94e-05,0.1988,0.3617,0.1902,0.1849,0.3693,0.1838
4,3620,387,1078,6.94e-05,0.2579,0.3595,0.1912,0.2479,0.345,0.1754
4,3640,407,1078,6.94e-05,0.2596,0.4257,0.21,0.2555,0.3988,0.1923
4,3660,427,1078,6.94e-05,0.2477,0.3251,0.1795,0.25,0.3114,0.1647
4,3680,447,1078,6.94e-05,0.2653,0.4534,0.2188,0.2649,0.4407,0.2149
4,3700,467,1078,6.94e-05,0.2992,0.3268,0.1939,0.2765,0.3231,0.1775
4,3720,487,1078,6.94e-05,0.2622,0.348,0.1845,0.2407,0.3369,0.1702
4,3740,507,1078,6.94e-05,0.2405,0.3723,0.1921,0.2442,0.3657,0.1895
4,3760,527,1078,6.94e-05,0.2673,0.3883,0.2058,0.2527,0.3957,0.2027
4,3780,547,1078,6.94e-05,0.229,0.4149,0.1999,0.2204,0.4201,0.2
4,3800,567,1078,6.94e-05,0.2566,0.3082,0.1781,0.2336,0.2875,0.1603
4,3820,587,1078,6.94e-05,0.2383,0.4098,0.2114,0.2448,0.3933,0.2034
4,3840,607,1078,6.94e-05,0.2234,0.3548,0.1917,0.225,0.3454,0.1767
4,3860,627,1078,6.94e-05,0.3643,0.3928,0.2017,0.3512,0.3625,0.1844
4,3880,647,1078,6.94e-05,0.2294,0.3716,0.1982,0.2165,0.3429,0.1811
4,3900,667,1078,6.94e-05,0.2872,0.4162,0.2018,0.2883,0.4137,0.1963
4,3920,687,1078,6.94e-05,0.2444,0.3436,0.1921,0.2286,0.3451,0.1792
4,3940,707,1078,6.94e-05,0.2672,0.4085,0.2102,0.2611,0.3798,0.1942
4,3960,727,1078,6.94e-05,0.2923,0.3062,0.1755,0.2612,0.2937,0.1572
4,3980,747,1078,6.94e-05,0.2351,0.3723,0.1897,0.2446,0.3569,0.1804
4,4000,767,1078,6.94e-05,0.2717,0.4299,0.214,0.2493,0.4384,0.2189
4,4020,787,1078,6.94e-05,0.2743,0.3348,0.2014,0.2621,0.3294,0.187
4,4040,807,1078,6.94e-05,0.2303,0.3004,0.1812,0.2297,0.3174,0.1699
4,4060,827,1078,6.94e-05,0.1954,0.3615,0.1858,0.1939,0.3579,0.1752
4,4080,847,1078,6.94e-05,0.239,0.3479,0.1885,0.2471,0.3535,0.1837
4,4100,867,1078,6.94e-05,0.3091,0.3887,0.1961,0.299,0.372,0.1863
4,4120,887,1078,6.94e-05,0.2709,0.3612,0.2026,0.2688,0.3569,0.1928
4,4140,907,1078,6.94e-05,0.2267,0.361,0.1889,0.2163,0.3548,0.18
4,4160,927,1078,6.94e-05,0.2506,0.3983,0.187,0.2516,0.3662,0.1772
4,4180,947,1078,6.94e-05,0.2368,0.3481,0.1894,0.23,0.3322,0.1764
4,4200,967,1078,6.94e-05,0.2303,0.3679,0.1964,0.2247,0.3538,0.1939
4,4220,987,1078,6.94e-05,0.2808,0.3875,0.1924,0.2678,0.3667,0.1776
4,4240,1007,1078,6.94e-05,0.3156,0.3465,0.1913,0.308,0.331,0.1827
4,4260,1027,1078,6.94e-05,0.2694,0.3681,0.2001,0.2501,0.3627,0.1879
4,4280,1047,1078,6.94e-05,0.2543,0.396,0.1943,0.2441,0.3705,0.1839
4,4300,1067,1078,6.94e-05,0.2141,0.3452,0.1838,0.2005,0.3598,0.1781
5,4320,9,1078,6.9e-05,0.2266,0.3559,0.1863,0.2264,0.3508,0.1816
5,4340,29,1078,6.9e-05,0.2565,0.4085,0.1876,0.234,0.4051,0.1786
5,4360,49,1078,6.9e-05,0.2544,0.3489,0.1884,0.2483,0.3445,0.1765
5,4380,69,1078,6.9e-05,0.253,0.449,0.2023,0.2396,0.4521,0.195
5,4400,89,1078,6.9e-05,0.246,0.3687,0.1958,0.2512,0.3697,0.1889
5,4420,109,1078,6.9e-05,0.2497,0.4251,0.2058,0.243,0.4084,0.196
5,4440,129,1078,6.9e-05,0.3213,0.4112,0.2061,0.2979,0.4071,0.1983
5,4460,149,1078,6.9e-05,0.2399,0.34,0.1814,0.2489,0.3254,0.1698
5,4480,169,1078,6.9e-05,0.2974,0.3552,0.1923,0.3019,0.3513,0.1837
5,4500,189,1078,6.9e-05,0.2557,0.4032,0.202,0.2591,0.401,0.1973
5,4520,209,1078,6.9e-05,0.2667,0.4005,0.2,0.2519,0.394,0.1929
5,4540,229,1078,6.9e-05,0.219,0.3336,0.1918,0.2298,0.3215,0.1851
5,4560,249,1078,6.9e-05,0.29,0.4321,0.2061,0.2815,0.4181,0.1947
5,4580,269,1078,6.9e-05,0.2283,0.4254,0.2015,0.2309,0.4128,0.1957
5,4600,289,1078,6.9e-05,0.2561,0.3318,0.1875,0.2495,0.3276,0.1798
5,4620,309,1078,6.9e-05,0.2527,0.2805,0.1812,0.2275,0.2684,0.1685
5,4640,329,1078,6.9e-05,0.2196,0.3895,0.1965,0.2202,0.3724,0.189
5,4660,349,1078,6.9e-05,0.2847,0.4331,0.186,0.2806,0.4054,0.181
5,4680,369,1078,6.9e-05,0.2407,0.3474,0.19,0.2278,0.3515,0.1847
5,4700,389,1078,6.9e-05,0.2207,0.3875,0.1923,0.2245,0.3917,0.1888
5,4720,409,1078,6.9e-05,0.2705,0.395,0.1981,0.2658,0.3817,0.1904
5,4740,429,1078,6.9e-05,0.199,0.4351,0.1905,0.1928,0.414,0.1811
5,4760,449,1078,6.9e-05,0.2431,0.3629,0.1915,0.2343,0.3499,0.1759
5,4780,469,1078,6.9e-05,0.2459,0.38,0.1865,0.2351,0.3737,0.177
5,4800,489,1078,6.9e-05,0.2926,0.3885,0.1935,0.2678,0.3864,0.1844
5,4820,509,1078,6.9e-05,0.2713,0.3481,0.1984,0.2671,0.3376,0.1869
5,4840,529,1078,6.9e-05,0.1917,0.3525,0.1824,0.182,0.3595,0.1809
5,4860,549,1078,6.9e-05,0.2182,0.3715,0.1877,0.2202,0.3665,0.1845
5,4880,569,1078,6.9e-05,0.2451,0.3053,0.1833,0.2395,0.305,0.1736
5,4900,589,1078,6.9e-05,0.2443,0.351,0.1878,0.233,0.3459,0.1772
5,4920,609,1078,6.9e-05,0.3191,0.5006,0.2111,0.3065,0.4759,0.2042
5,4940,629,1078,6.9e-05,0.2848,0.2998,0.1729,0.266,0.2903,0.1634
5,4960,649,1078,6.9e-05,0.2318,0.3955,0.2097,0.2291,0.3857,0.2037
5,4980,669,1078,6.9e-05,0.2434,0.3425,0.1837,0.2453,0.3375,0.1796
5,5000,689,1078,6.9e-05,0.2575,0.4228,0.2065,0.2422,0.4081,0.204
5,5020,709,1078,6.9e-05,0.2423,0.3361,0.1909,0.2255,0.3243,0.1837
5,5040,729,1078,6.9e-05,0.2211,0.3565,0.1932,0.2166,0.3419,0.183
5,5060,749,1078,6.9e-05,0.2405,0.3383,0.1822,0.232,0.3487,0.1783
5,5080,769,1078,6.9e-05,0.242,0.3826,0.1953,0.2492,0.3722,0.1888
5,5100,789,1078,6.9e-05,0.2673,0.3751,0.1886,0.246,0.3802,0.1857
5,5120,809,1078,6.9e-05,0.205,0.4094,0.195,0.2011,0.402,0.1891
5,5140,829,1078,6.9e-05,0.2378,0.3932,0.193,0.2467,0.3917,0.186
5,5160,849,1078,6.9e-05,0.2657,0.3736,0.1969,0.242,0.3735,0.1895
5,5180,869,1078,6.9e-05,0.2558,0.4275,0.2005,0.253,0.4247,0.1897
5,5200,889,1078,6.9e-05,0.2558,0.3795,0.1796,0.2478,0.3643,0.1743
5,5220,909,1078,6.9e-05,0.235,0.3596,0.1991,0.2228,0.3559,0.191
5,5240,929,1078,6.9e-05,0.2698,0.3638,0.1947,0.2637,0.3733,0.1919
5,5260,949,1078,6.9e-05,0.2344,0.3828,0.1904,0.2477,0.3701,0.179
5,5280,969,1078,6.9e-05,0.3076,0.3218,0.1873,0.2948,0.3037,0.1799
5,5300,989,1078,6.9e-05,0.2289,0.3562,0.1842,0.229,0.357,0.1813
5,5320,1009,1078,6.9e-05,0.2399,0.4258,0.1981,0.2391,0.4231,0.1912
5,5340,1029,1078,6.9e-05,0.2424,0.3995,0.1883,0.2347,0.3724,0.1768
5,5360,1049,1078,6.9e-05,0.2622,0.3778,0.201,0.2484,0.3778,0.1952
5,5380,1069,1078,6.9e-05,0.2247,0.3757,0.2,0.2254,0.3622,0.1935
6,5400,11,1078,6.84e-05,0.2721,0.4067,0.2124,0.2605,0.404,0.204
6,5420,31,1078,6.84e-05,0.2287,0.4045,0.2056,0.2329,0.3957,0.1992
6,5440,51,1078,6.84e-05,0.2517,0.3888,0.1993,0.2379,0.3824,0.1924
6,5460,71,1078,6.84e-05,0.2395,0.3308,0.188,0.2394,0.3113,0.1753
6,5480,91,1078,6.84e-05,0.2552,0.3822,0.1875,0.2456,0.3662,0.1792
6,5500,111,1078,6.84e-05,0.2601,0.3627,0.1948,0.2539,0.3453,0.1878
6,5520,131,1078,6.84e-05,0.2195,0.3504,0.1908,0.2145,0.3483,0.1853
6,5540,151,1078,6.84e-05,0.2052,0.31,0.1731,0.1943,0.2981,0.1607
6,5560,171,1078,6.84e-05,0.2551,0.3628,0.1846,0.2351,0.3541,0.1743
6,5580,191,1078,6.84e-05,0.2083,0.3519,0.1853,0.1992,0.3403,0.1768
6,5600,211,1078,6.84e-05,0.2903,0.3271,0.1815,0.2666,0.3324,0.1787
6,5620,231,1078,6.84e-05,0.2243,0.4132,0.1749,0.2075,0.3976,0.169
6,5640,251,1078,6.84e-05,0.2156,0.3612,0.1841,0.2167,0.353,0.174
6,5660,271,1078,6.84e-05,0.288,0.3921,0.2024,0.2849,0.3728,0.1922
6,5680,291,1078,6.84e-05,0.2919,0.4059,0.2146,0.2905,0.3828,0.2038
6,5700,311,1078,6.84e-05,0.2464,0.3543,0.1899,0.2476,0.3691,0.1861
6,5720,331,1078,6.84e-05,0.2293,0.3839,0.1868,0.2192,0.3789,0.1835
6,5740,351,1078,6.84e-05,0.3145,0.4089,0.1926,0.3145,0.419,0.1924
6,5760,371,1078,6.84e-05,0.2528,0.3746,0.193,0.2502,0.3917,0.1866
6,5780,391,1078,6.84e-05,0.2751,0.3765,0.1967,0.2527,0.3694,0.1889
6,5800,411,1078,6.84e-05,0.2646,0.3455,0.1887,0.2589,0.3429,0.181
6,5820,431,1078,6.84e-05,0.2335,0.3676,0.1889,0.2295,0.3513,0.1828
6,5840,451,1078,6.84e-05,0.2433,0.3871,0.1949,0.2425,0.3683,0.186
6,5860,471,1078,6.84e-05,0.2938,0.4012,0.2094,0.2875,0.3829,0.2042
6,5880,491,1078,6.84e-05,0.2585,0.3474,0.1731,0.2542,0.3415,0.1683
6,5900,511,1078,6.84e-05,0.2165,0.308,0.1699,0.2075,0.3031,0.1612
6,5920,531,1078,6.84e-05,0.2474,0.3601,0.1753,0.2491,0.3622,0.1648
6,5940,551,1078,6.84e-05,0.2328,0.3662,0.1903,0.2369,0.3569,0.1855
6,5960,571,1078,6.84e-05,0.2435,0.3335,0.1864,0.2558,0.3121,0.1736
6,5980,591,1078,6.84e-05,0.2759,0.369,0.2024,0.2818,0.3707,0.206
6,6000,611,1078,6.84e-05,0.2533,0.3665,0.1924,0.2495,0.3511,0.1865
6,6020,631,1078,6.84e-05,0.2473,0.3296,0.1823,0.2326,0.331,0.1771
6,6040,651,1078,6.84e-05,0.276,0.4149,0.1839,0.2628,0.4303,0.1823
6,6060,671,1078,6.84e-05,0.265,0.4086,0.2037,0.2518,0.3916,0.1961
6,6080,691,1078,6.84e-05,0.2288,0.4012,0.1967,0.2142,0.3923,0.1924
6,6100,711,1078,6.84e-05,0.233,0.3185,0.18,0.2286,0.3005,0.1715
6,6120,731,1078,6.84e-05,0.2164,0.3665,0.192,0.2112,0.3638,0.1859
6,6140,751,1078,6.84e-05,0.2848,0.4552,0.2128,0.2803,0.45,0.2055
6,6160,771,1078,6.84e-05,0.2221,0.421,0.1863,0.2267,0.4232,0.1824
6,6180,791,1078,6.84e-05,0.2252,0.4033,0.1853,0.2209,0.4043,0.1842
6,6200,811,1078,6.84e-05,0.2755,0.3606,0.1776,0.2611,0.349,0.1649
6,6220,831,1078,6.84e-05,0.2299,0.3274,0.1718,0.2142,0.3202,0.1628
6,6240,851,1078,6.84e-05,0.2625,0.3846,0.2002,0.2615,0.3949,0.1968
6,6260,871,1078,6.84e-05,0.2896,0.3085,0.1882,0.2974,0.3113,0.1836
6,6280,891,1078,6.84e-05,0.254,0.3558,0.1829,0.2477,0.3581,0.181
6,6300,911,1078,6.84e-05,0.2256,0.3477,0.1838,0.2186,0.3447,0.1771
6,6320,931,1078,6.84e-05,0.1951,0.2975,0.1818,0.1861,0.2995,0.1775
6,6340,951,1078,6.84e-05,0.24,0.354,0.1803,0.2577,0.333,0.1744
6,6360,971,1078,6.84e-05,0.2686,0.4281,0.1898,0.2603,0.4138,0.1842
6,6380,991,1078,6.84e-05,0.2422,0.3514,0.1914,0.224,0.3374,0.1854
6,6400,1011,1078,6.84e-05,0.3217,0.3094,0.1821,0.3173,0.2915,0.1727
6,6420,1031,1078,6.84e-05,0.2369,0.3253,0.1847,0.2375,0.3149,0.1788
6,6440,1051,1078,6.84e-05,0.2339,0.4022,0.179,0.2319,0.3902,0.1708
6,6460,1071,1078,6.84e-05,0.2119,0.3445,0.1828,0.1986,0.3471,0.1781
7,6480,13,1078,6.77e-05,0.2071,0.3548,0.1764,0.2188,0.3422,0.1686
7,6500,33,1078,6.77e-05,0.2731,0.3123,0.1783,0.2856,0.3077,0.1719
7,6520,53,1078,6.77e-05,0.1972,0.3461,0.1817,0.1873,0.3334,0.1799
7,6540,73,1078,6.77e-05,0.2349,0.3256,0.1678,0.229,0.3285,0.1629
7,6560,93,1078,6.77e-05,0.2368,0.3392,0.1842,0.2413,0.3346,0.1816
7,6580,113,1078,6.77e-05,0.219,0.3914,0.1864,0.2029,0.3727,0.1813
7,6600,133,1078,6.77e-05,0.251,0.3844,0.1954,0.2513,0.3807,0.1908
7,6620,153,1078,6.77e-05,0.2593,0.4024,0.2057,0.251,0.3792,0.1935
7,6640,173,1078,6.77e-05,0.2174,0.388,0.1897,0.2032,0.3839,0.183
7,6660,193,1078,6.77e-05,0.2737,0.4348,0.2051,0.2702,0.4299,0.1978
7,6680,213,1078,6.77e-05,0.2138,0.3128,0.173,0.2093,0.318,0.1658
7,6700,233,1078,6.77e-05,0.2333,0.3684,0.182,0.2086,0.3575,0.1744
7,6720,253,1078,6.77e-05,0.2381,0.4037,0.2078,0.2439,0.3933,0.2044
7,6740,273,1078,6.77e-05,0.2146,0.3361,0.1818,0.207,0.3262,0.1745
7,6760,293,1078,6.77e-05,0.2603,0.3337,0.1781,0.2471,0.3193,0.1727
7,6780,313,1078,6.77e-05,0.2381,0.3676,0.1796,0.2312,0.3591,0.1724
7,6800,333,1078,6.77e-05,0.2651,0.3758,0.1923,0.2714,0.3786,0.1868
7,6820,353,1078,6.77e-05,0.2131,0.3355,0.182,0.2043,0.3306,0.1753
7,6840,373,1078,6.77e-05,0.1827,0.3086,0.1717,0.1731,0.3104,0.1702
7,6860,393,1078,6.77e-05,0.2098,0.3492,0.1729,0.2023,0.3428,0.1664
7,6880,413,1078,6.77e-05,0.2318,0.3783,0.1887,0.2285,0.3766,0.1832
7,6900,433,1078,6.77e-05,0.2754,0.3596,0.1856,0.2612,0.3525,0.1787
7,6920,453,1078,6.77e-05,0.2504,0.3932,0.1763,0.2374,0.3897,0.1717
7,6940,473,1078,6.77e-05,0.2561,0.2999,0.1726,0.2482,0.3055,0.1702
7,6960,493,1078,6.77e-05,0.2519,0.3978,0.1884,0.2478,0.3887,0.1813
7,6980,513,1078,6.77e-05,0.2083,0.3556,0.1778,0.1988,0.3385,0.1729
7,7000,533,1078,6.77e-05,0.2633,0.3406,0.186,0.253,0.3349,0.1809
7,7020,553,1078,6.77e-05,0.2374,0.3171,0.1719,0.2258,0.3186,0.1644
7,7040,573,1078,6.77e-05,0.2584,0.3712,0.18,0.2556,0.3556,0.1709
7,7060,593,1078,6.77e-05,0.2506,0.3484,0.174,0.2277,0.3567,0.1742
7,7080,613,1078,6.77e-05,0.2139,0.3723,0.1823,0.2144,0.3823,0.1792
7,7100,633,1078,6.77e-05,0.2589,0.3969,0.1804,0.259,0.3852,0.1758
7,7120,653,1078,6.77e-05,0.21,0.3185,0.1755,0.1952,0.3234,0.1706
7,7140,673,1078,6.77e-05,0.2822,0.3382,0.1925,0.2831,0.327,0.1821
7,7160,693,1078,6.77e-05,0.2374,0.3622,0.189,0.2388,0.3653,0.1853
7,7180,713,1078,6.77e-05,0.2493,0.3475,0.1729,0.2563,0.3248,0.1597
7,7200,733,1078,6.77e-05,0.2411,0.3992,0.1939,0.2387,0.3996,0.191
7,7220,753,1078,6.77e-05,0.2417,0.34,0.187,0.2325,0.3444,0.1833
7,7240,773,1078,6.77e-05,0.2648,0.4103,0.1978,0.28,0.4076,0.1922
7,7260,793,1078,6.77e-05,0.2821,0.3896,0.201,0.2831,0.3691,0.1934
7,7280,813,1078,6.77e-05,0.2773,0.4134,0.1987,0.2751,0.3894,0.191
7,7300,833,1078,6.77e-05,0.2416,0.3506,0.1878,0.2422,0.3455,0.1827
7,7320,853,1078,6.77e-05,0.2522,0.3802,0.1922,0.2517,0.3789,0.1873
7,7340,873,1078,6.77e-05,0.2669,0.3449,0.1884,0.2473,0.3519,0.1868
7,7360,893,1078,6.77e-05,0.2155,0.3719,0.1789,0.2127,0.3605,0.1737
7,7380,913,1078,6.77e-05,0.2494,0.3865,0.1879,0.2339,0.3692,0.1798
7,7400,933,1078,6.77e-05,0.2394,0.3472,0.1833,0.2354,0.329,0.1759
7,7420,953,1078,6.77e-05,0.2549,0.3404,0.189,0.2491,0.3366,0.1863
7,7440,973,1078,6.77e-05,0.2241,0.3534,0.1839,0.2293,0.3586,0.1814
7,7460,993,1078,6.77e-05,0.2058,0.3416,0.1776,0.2041,0.3385,0.1719
7,7480,1013,1078,6.77e-05,0.2803,0.3336,0.1757,0.2673,0.3499,0.1756
7,7500,1033,1078,6.77e-05,0.2914,0.4164,0.1881,0.2813,0.4259,0.1834
7,7520,1053,1078,6.77e-05,0.2585,0.3926,0.1846,0.2627,0.3616,0.1776
7,7540,1073,1078,6.77e-05,0.1995,0.3228,0.1677,0.2014,0.3369,0.165
8,7560,15,1078,6.68e-05,0.2632,0.3766,0.1946,0.2653,0.3897,0.1914
8,7580,35,1078,6.68e-05,0.2403,0.4099,0.2045,0.2363,0.385,0.1942
8,7600,55,1078,6.68e-05,0.2699,0.3628,0.1903,0.2754,0.3583,0.1846
8,7620,75,1078,6.68e-05,0.254,0.3796,0.1913,0.2595,0.3653,0.1855
8,7640,95,1078,6.68e-05,0.2308,0.3634,0.1746,0.2254,0.3607,0.1688
8,7660,115,1078,6.68e-05,0.2485,0.3825,0.1914,0.2442,0.3759,0.1826
8,7680,135,1078,6.68e-05,0.2311,0.3135,0.1761,0.2123,0.3027,0.1717
8,7700,155,1078,6.68e-05,0.2833,0.3406,0.1804,0.2849,0.3321,0.1705
8,7720,175,1078,6.68e-05,0.2441,0.3012,0.1666,0.2428,0.2888,0.1636
8,7740,195,1078,6.68e-05,0.2052,0.3678,0.1841,0.1966,0.3609,0.1809
8,7760,215,1078,6.68e-05,0.269,0.3309,0.1908,0.2509,0.316,0.1835
8,7780,235,1078,6.68e-05,0.2347,0.358,0.1895,0.2242,0.3589,0.1858
8,7800,255,1078,6.68e-05,0.2853,0.4155,0.205,0.2706,0.4104,0.1992
8,7820,275,1078,6.68e-05,0.2341,0.3859,0.1912,0.2212,0.359,0.185
8,7840,295,1078,6.68e-05,0.2383,0.3172,0.1822,0.2232,0.3225,0.1807
8,7860,315,1078,6.68e-05,0.2018,0.3951,0.1858,0.193,0.4041,0.1831
8,7880,335,1078,6.68e-05,0.2681,0.4345,0.2019,0.2607,0.4293,0.1975
8,7900,355,1078,6.68e-05,0.2846,0.3353,0.1847,0.2753,0.3274,0.181
8,7920,375,1078,6.68e-05,0.2593,0.3519,0.1864,0.2796,0.3323,0.1783
8,7940,395,1078,6.68e-05,0.2584,0.3579,0.1918,0.2493,0.3486,0.1889
8,7960,415,1078,6.68e-05,0.2194,0.3312,0.1848,0.1945,0.3242,0.182
8,7980,435,1078,6.68e-05,0.2177,0.3261,0.1697,0.2003,0.3229,0.1618
8,8000,455,1078,6.68e-05,0.2487,0.3748,0.1907,0.243,0.3546,0.1853
8,8020,475,1078,6.68e-05,0.2088,0.3295,0.1661,0.214,0.3379,0.1637
8,8040,495,1078,6.68e-05,0.2373,0.3721,0.1841,0.2298,0.3703,0.1839
8,8060,515,1078,6.68e-05,0.2862,0.3497,0.1902,0.2835,0.3425,0.1872
8,8080,535,1078,6.68e-05,0.2226,0.3497,0.1779,0.2105,0.3422,0.1722
8,8100,555,1078,6.68e-05,0.2538,0.2875,0.1742,0.2508,0.2854,0.1693
8,8120,575,1078,6.68e-05,0.244,0.3509,0.1856,0.2327,0.3388,0.1786
8,8140,595,1078,6.68e-05,0.288,0.3948,0.185,0.275,0.3704,0.1741
8,8160,615,1078,6.68e-05,0.2637,0.3742,0.1825,0.2652,0.376,0.183
8,8180,635,1078,6.68e-05,0.241,0.4155,0.1987,0.2395,0.3927,0.1916
8,8200,655,1078,6.68e-05,0.2398,0.3682,0.1828,0.2389,0.3467,0.1739
8,8220,675,1078,6.68e-05,0.2278,0.3269,0.1817,0.2282,0.3201,0.1755
8,8240,695,1078,6.68e-05,0.2581,0.3587,0.1715,0.252,0.3493,0.165
8,8260,715,1078,6.68e-05,0.2243,0.3502,0.1814,0.2163,0.3548,0.1787
8,8280,735,1078,6.68e-05,0.2678,0.3473,0.1902,0.2581,0.3332,0.1847
8,8300,755,1078,6.68e-05,0.2349,0.3787,0.1928,0.2326,0.3663,0.1898
8,8320,775,1078,6.68e-05,0.2947,0.4228,0.1833,0.2985,0.408,0.177
8,8340,795,1078,6.68e-05,0.2188,0.3145,0.1842,0.202,0.2997,0.1805
8,8360,815,1078,6.68e-05,0.2114,0.3677,0.1823,0.2025,0.3556,0.176
8,8380,835,1078,6.68e-05,0.2602,0.3407,0.1838,0.2405,0.3389,0.1784
8,8400,855,1078,6.68e-05,0.1874,0.3193,0.1705,0.167,0.3116,0.1657
8,8420,875,1078,6.68e-05,0.2405,0.3808,0.1931,0.2477,0.3688,0.1888
8,8440,895,1078,6.68e-05,0.2845,0.2522,0.1596,0.2528,0.2457,0.147
8,8460,915,1078,6.68e-05,0.3225,0.346,0.1881,0.3115,0.344,0.1857
8,8480,935,1078,6.68e-05,0.2677,0.3311,0.1963,0.256,0.3325,0.1937
8,8500,955,1078,6.68e-05,0.241,0.3895,0.1972,0.2222,0.3754,0.1932
8,8520,975,1078,6.68e-05,0.2475,0.3626,0.1839,0.2351,0.3612,0.1806
8,8540,995,1078,6.68e-05,0.2166,0.3191,0.1663,0.1997,0.3143,0.1593
8,8560,1015,1078,6.68e-05,0.2189,0.3837,0.1812,0.2067,0.3873,0.1782
8,8580,1035,1078,6.68e-05,0.2615,0.3885,0.191,0.2465,0.3871,0.1905
8,8600,1055,1078,6.68e-05,0.2301,0.3515,0.1865,0.2184,0.3386,0.1828
8,8620,1075,1078,6.68e-05,0.2075,0.316,0.181,0.1918,0.2969,0.1757
9,8640,17,1078,6.59e-05,0.2327,0.3287,0.1805,0.215,0.3419,0.1787
9,8660,37,1078,6.59e-05,0.3018,0.4207,0.2078,0.2861,0.4163,0.2069
9,8680,57,1078,6.59e-05,0.2356,0.4085,0.2035,0.2382,0.4041,0.1993
9,8700,77,1078,6.59e-05,0.2492,0.3174,0.1705,0.2421,0.3063,0.164
9,8720,97,1078,6.59e-05,0.2731,0.3662,0.1763,0.2566,0.3453,0.1674
9,8740,117,1078,6.59e-05,0.2344,0.3292,0.1823,0.2169,0.3101,0.1765
9,8760,137,1078,6.59e-05,0.2999,0.3948,0.189,0.2885,0.404,0.188
9,8780,157,1078,6.59e-05,0.2396,0.3304,0.1766,0.2428,0.3329,0.1771
9,8800,177,1078,6.59e-05,0.2126,0.316,0.1735,0.2064,0.3126,0.1692
9,8820,197,1078,6.59e-05,0.2435,0.3649,0.1898,0.2363,0.345,0.1808
9,8840,217,1078,6.59e-05,0.2546,0.3605,0.1746,0.257,0.3507,0.171
9,8860,237,1078,6.59e-05,0.2036,0.345,0.1703,0.1971,0.3253,0.1638
9,8880,257,1078,6.59e-05,0.234,0.3701,0.1776,0.2314,0.3624,0.1741
9,8900,277,1078,6.59e-05,0.232,0.3394,0.1677,0.2132,0.3322,0.1614
9,8920,297,1078,6.59e-05,0.2597,0.3908,0.1893,0.2484,0.377,0.1866
9,8940,317,1078,6.59e-05,0.1992,0.3842,0.1894,0.1891,0.3665,0.183
9,8960,337,1078,6.59e-05,0.2341,0.3832,0.1884,0.2353,0.3854,0.1839
9,8980,357,1078,6.59e-05,0.2453,0.3302,0.1744,0.2429,0.3166,0.1702
9,9000,377,1078,6.59e-05,0.2352,0.3063,0.1791,0.2203,0.2979,0.177
9,9020,397,1078,6.59e-05,0.2716,0.3321,0.1933,0.2443,0.3086,0.1818
9,9040,417,1078,6.59e-05,0.2254,0.3086,0.1689,0.2142,0.3,0.164
9,9060,437,1078,6.59e-05,0.2227,0.3662,0.1798,0.2135,0.3664,0.1752
9,9080,457,1078,6.59e-05,0.1973,0.3415,0.1773,0.1913,0.326,0.1721
9,9100,477,1078,6.59e-05,0.2024,0.3246,0.1756,0.2049,0.3152,0.1706
9,9120,497,1078,6.59e-05,0.2675,0.333,0.1795,0.2566,0.3308,0.1772
9,9140,517,1078,6.59e-05,0.2569,0.3626,0.1898,0.2463,0.3467,0.1852
9,9160,537,1078,6.59e-05,0.2456,0.3456,0.1909,0.2309,0.3455,0.1887
9,9180,557,1078,6.59e-05,0.2782,0.3666,0.1779,0.2645,0.3532,0.1701
9,9200,577,1078,6.59e-05,0.2786,0.3218,0.1811,0.2761,0.3057,0.1716
9,9220,597,1078,6.59e-05,0.2349,0.3639,0.1817,0.2312,0.3557,0.1767
9,9240,617,1078,6.59e-05,0.2912,0.3247,0.1817,0.2854,0.3048,0.1756
9,9260,637,1078,6.59e-05,0.2874,0.4314,0.1935,0.2784,0.4277,0.1885
9,9280,657,1078,6.59e-05,0.2633,0.3506,0.1818,0.2563,0.3446,0.1789
9,9300,677,1078,6.59e-05,0.2036,0.3422,0.1879,0.1972,0.3398,0.1856
9,9320,697,1078,6.59e-05,0.2093,0.3454,0.1702,0.1916,0.3468,0.1664
9,9340,717,1078,6.59e-05,0.2981,0.3599,0.1852,0.2896,0.3626,0.1807
9,9360,737,1078,6.59e-05,0.2568,0.3105,0.1811,0.2452,0.3029,0.1782
9,9380,757,1078,6.59e-05,0.2651,0.3492,0.1886,0.2651,0.349,0.1856
9,9400,777,1078,6.59e-05,0.2516,0.3439,0.181,0.2337,0.3277,0.1732
9,9420,797,1078,6.59e-05,0.2183,0.3271,0.1901,0.2034,0.3216,0.1866
9,9440,817,1078,6.59e-05,0.2452,0.3327,0.1789,0.24,0.3237,0.178
9,9460,837,1078,6.59e-05,0.2732,0.3931,0.2037,0.2495,0.3728,0.2
9,9480,857,1078,6.59e-05,0.2348,0.3619,0.1886,0.223,0.3605,0.1836
9,9500,877,1078,6.59e-05,0.2622,0.3598,0.1871,0.2735,0.3642,0.1821
9,9520,897,1078,6.59e-05,0.3007,0.4483,0.2088,0.2922,0.4397,0.2053
9,9540,917,1078,6.59e-05,0.2083,0.3281,0.1788,0.1894,0.3239,0.1743
9,9560,937,1078,6.59e-05,0.2861,0.4034,0.1975,0.2927,0.402,0.192
9,9580,957,1078,6.59e-05,0.1859,0.338,0.1807,0.1683,0.3403,0.179
9,9600,977,1078,6.59e-05,0.2687,0.3501,0.1784,0.2482,0.3302,0.1728
9,9620,997,1078,6.59e-05,0.227,0.3574,0.166,0.2286,0.343,0.159
9,9640,1017,1078,6.59e-05,0.2298,0.3362,0.1726,0.2243,0.3401,0.171
9,9660,1037,1078,6.59e-05,0.2552,0.3422,0.1929,0.2434,0.3394,0.1924
9,9680,1057,1078,6.59e-05,0.2001,0.3272,0.1727,0.1862,0.3248,0.1704
9,9700,1077,1078,6.59e-05,0.2358,0.2816,0.1776,0.2379,0.2744,0.17
10,9720,19,1078,6.48e-05,0.2125,0.3323,0.175,0.2144,0.3236,0.1729
10,9740,39,1078,6.48e-05,0.1848,0.2968,0.1689,0.1651,0.2883,0.1664
10,9760,59,1078,6.48e-05,0.2514,0.3431,0.1773,0.2634,0.3433,0.1749
10,9780,79,1078,6.48e-05,0.2241,0.3043,0.1648,0.1976,0.3024,0.162
10,9800,99,1078,6.48e-05,0.1732,0.286,0.1583,0.1627,0.29,0.1546
10,9820,119,1078,6.48e-05,0.197,0.287,0.1712,0.1892,0.3011,0.1722
10,9840,139,1078,6.48e-05,0.2393,0.3074,0.1705,0.2288,0.3031,0.166
10,9860,159,1078,6.48e-05,0.2685,0.4508,0.1996,0.2576,0.4332,0.197
10,9880,179,1078,6.48e-05,0.2595,0.3816,0.1954,0.2581,0.3804,0.1893
10,9900,199,1078,6.48e-05,0.215,0.335,0.1891,0.1998,0.3191,0.1837
10,9920,219,1078,6.48e-05,0.2885,0.3476,0.1943,0.2664,0.341,0.1886
10,9940,239,1078,6.48e-05,0.2176,0.4214,0.1965,0.2297,0.401,0.1878
10,9960,259,1078,6.48e-05,0.235,0.3198,0.1797,0.2309,0.3186,0.1751
10,9980,279,1078,6.48e-05,0.2484,0.3318,0.1763,0.2368,0.3388,0.1745
10,10000,299,1078,6.48e-05,0.2518,0.3316,0.178,0.2413,0.3199,0.1751
10,10020,319,1078,6.48e-05,0.2325,0.3409,0.1718,0.225,0.354,0.1703
10,10040,339,1078,6.48e-05,0.2362,0.3659,0.1757,0.2315,0.3547,0.1694
10,10060,359,1078,6.48e-05,0.2319,0.3634,0.1935,0.2258,0.3661,0.1913
10,10080,379,1078,6.48e-05,0.2855,0.3987,0.1854,0.2719,0.3953,0.1832
10,10100,399,1078,6.48e-05,0.2463,0.3301,0.1768,0.2369,0.3228,0.1765
10,10120,419,1078,6.48e-05,0.2387,0.3283,0.1672,0.2444,0.3292,0.1646
10,10140,439,1078,6.48e-05,0.2354,0.3833,0.1919,0.2218,0.3743,0.1892
10,10160,459,1078,6.48e-05,0.2177,0.3245,0.1656,0.2174,0.3076,0.1595
10,10180,479,1078,6.48e-05,0.2239,0.3576,0.1821,0.2188,0.3532,0.1799
10,10200,499,1078,6.48e-05,0.2737,0.2977,0.1835,0.2618,0.303,0.1792
10,10220,519,1078,6.48e-05,0.2428,0.3326,0.182,0.2279,0.3154,0.1739
10,10240,539,1078,6.48e-05,0.2908,0.4133,0.1999,0.2872,0.4061,0.1971
10,10260,559,1078,6.48e-05,0.2406,0.3589,0.1811,0.2327,0.3526,0.1764
10,10280,579,1078,6.48e-05,0.2382,0.3768,0.1834,0.2226,0.358,0.1749
10,10300,599,1078,6.48e-05,0.2521,0.3276,0.187,0.2379,0.3307,0.183
10,10320,619,1078,6.48e-05,0.2046,0.2776,0.1651,0.1876,0.2706,0.1622
10,10340,639,1078,6.48e-05,0.2426,0.2753,0.1562,0.2235,0.2734,0.1529
10,10360,659,1078,6.48e-05,0.2304,0.3835,0.1863,0.2138,0.3601,0.177
10,10380,679,1078,6.48e-05,0.2605,0.2362,0.1486,0.2446,0.2402,0.1464
10,10400,699,1078,6.48e-05,0.2353,0.3541,0.1762,0.223,0.3656,0.1737
10,10420,719,1078,6.48e-05,0.2392,0.2732,0.1656,0.2392,0.2625,0.1611
10,10440,739,1078,6.48e-05,0.2057,0.3472,0.1772,0.207,0.3393,0.1725
10,10460,759,1078,6.48e-05,0.2681,0.3721,0.1829,0.2748,0.3705,0.1801
10,10480,779,1078,6.48e-05,0.2575,0.3428,0.1629,0.2529,0.3256,0.1551
10,10500,799,1078,6.48e-05,0.2637,0.3537,0.1817,0.244,0.3548,0.1801
10,10520,819,1078,6.48e-05,0.2277,0.3708,0.1906,0.2158,0.3627,0.1831
10,10540,839,1078,6.48e-05,0.2037,0.3388,0.1739,0.1938,0.3364,0.1705
10,10560,859,1078,6.48e-05,0.2089,0.3103,0.1675,0.1898,0.304,0.1648
10,10580,879,1078,6.48e-05,0.271,0.4006,0.2016,0.2712,0.3824,0.1956
10,10600,899,1078,6.48e-05,0.2404,0.389,0.2006,0.2354,0.3946,0.2001
10,10620,919,1078,6.48e-05,0.219,0.3417,0.1761,0.2146,0.3261,0.1718
10,10640,939,1078,6.48e-05,0.2634,0.3569,0.1843,0.2509,0.347,0.1845
10,10660,959,1078,6.48e-05,0.2159,0.3744,0.1786,0.2132,0.3609,0.1753
10,10680,979,1078,6.48e-05,0.241,0.3734,0.1938,0.2309,0.3757,0.1913
10,10700,999,1078,6.48e-05,0.2207,0.3414,0.1749,0.2147,0.3297,0.1694
10,10720,1019,1078,6.48e-05,0.1973,0.3259,0.1795,0.188,0.3379,0.1768
10,10740,1039,1078,6.48e-05,0.2247,0.3635,0.179,0.2205,0.3686,0.1771
10,10760,1059,1078,6.48e-05,0.2594,0.3518,0.17,0.2529,0.3466,0.1654
11,10780,1,1078,6.36e-05,0.2486,0.3661,0.1931,0.2418,0.3538,0.1841
11,10800,21,1078,6.36e-05,0.1967,0.2957,0.1706,0.1938,0.3011,0.1686
11,10820,41,1078,6.36e-05,0.2377,0.3588,0.183,0.2253,0.3363,0.1748
11,10840,61,1078,6.36e-05,0.2231,0.3404,0.1744,0.2086,0.3269,0.17
11,10860,81,1078,6.36e-05,0.2955,0.3314,0.1728,0.2759,0.3245,0.1704
11,10880,101,1078,6.36e-05,0.2515,0.3818,0.1824,0.2441,0.3723,0.1789
11,10900,121,1078,6.36e-05,0.2517,0.4002,0.1851,0.246,0.4036,0.186
11,10920,141,1078,6.36e-05,0.2497,0.3339,0.1646,0.2285,0.3352,0.1612
11,10940,161,1078,6.36e-05,0.2181,0.3604,0.1852,0.2228,0.3502,0.1784
11,10960,181,1078,6.36e-05,0.2457,0.3535,0.18,0.247,0.3382,0.1762
11,10980,201,1078,6.36e-05,0.2579,0.3642,0.182,0.2473,0.3639,0.1776
11,11000,221,1078,6.36e-05,0.2478,0.3365,0.1693,0.2375,0.3282,0.1611
11,11020,241,1078,6.36e-05,0.2601,0.3884,0.19,0.2493,0.3707,0.1819
11,11040,261,1078,6.36e-05,0.2586,0.33,0.1848,0.235,0.3311,0.1815
11,11060,281,1078,6.36e-05,0.2807,0.3928,0.1863,0.263,0.3663,0.1782
11,11080,301,1078,6.36e-05,0.2567,0.3604,0.1919,0.2611,0.339,0.1851
11,11100,321,1078,6.36e-05,0.2865,0.2965,0.1658,0.2771,0.285,0.1583
11,11120,341,1078,6.36e-05,0.2348,0.3748,0.177,0.2179,0.3635,0.1725
11,11140,361,1078,6.36e-05,0.2497,0.3147,0.1828,0.2369,0.3105,0.1779
11,11160,381,1078,6.36e-05,0.248,0.3564,0.1832,0.236,0.3416,0.1777
11,11180,401,1078,6.36e-05,0.1936,0.2613,0.1658,0.1863,0.2526,0.1624
11,11200,421,1078,6.36e-05,0.2315,0.3039,0.1662,0.2154,0.2985,0.1613
11,11220,441,1078,6.36e-05,0.2573,0.3218,0.1796,0.243,0.3023,0.1704
11,11240,461,1078,6.36e-05,0.2569,0.3228,0.1853,0.2491,0.3126,0.1788
11,11260,481,1078,6.36e-05,0.2606,0.3413,0.1904,0.2491,0.3305,0.1866
11,11280,501,1078,6.36e-05,0.2178,0.3387,0.1808,0.2126,0.3228,0.1734
11,11300,521,1078,6.36e-05,0.2238,0.3447,0.1812,0.2065,0.3378,0.1765
11,11320,541,1078,6.36e-05,0.2192,0.2982,0.1678,0.2105,0.2896,0.1633
11,11340,561,1078,6.36e-05,0.2616,0.3001,0.1751,0.2432,0.2876,0.1686
11,11360,581,1078,6.36e-05,0.2499,0.3556,0.1684,0.2354,0.3462,0.1674
11,11380,601,1078,6.36e-05,0.2208,0.3298,0.1814,0.2101,0.3289,0.1772
11,11400,621,1078,6.36e-05,0.2671,0.3078,0.1672,0.2504,0.3028,0.1614
11,11420,641,1078,6.36e-05,0.1957,0.2928,0.1784,0.1928,0.286,0.1744
11,11440,661,1078,6.36e-05,0.2471,0.3768,0.1804,0.2453,0.362,0.1753
11,11460,681,1078,6.36e-05,0.2149,0.4185,0.1796,0.2085,0.4106,0.1751
11,11480,701,1078,6.36e-05,0.2241,0.3534,0.1748,0.2111,0.3381,0.1696
11,11500,721,1078,6.36e-05,0.2158,0.3672,0.1801,0.2041,0.3544,0.1727
11,11520,741,1078,6.36e-05,0.2139,0.3721,0.1945,0.2154,0.3703,0.1928
11,11540,761,1078,6.36e-05,0.2512,0.3432,0.1831,0.2427,0.3225,0.177
11,11560,781,1078,6.36e-05,0.2319,0.4109,0.1998,0.2141,0.4012,0.1963
11,11580,801,1078,6.36e-05,0.2464,0.3643,0.1831,0.2353,0.3609,0.1817
11,11600,821,1078,6.36e-05,0.2981,0.3256,0.1855,0.2849,0.3307,0.1855
11,11620,841,1078,6.36e-05,0.2118,0.3628,0.1631,0.2156,0.3693,0.1596
11,11640,861,1078,6.36e-05,0.2019,0.3384,0.1694,0.1898,0.3381,0.1682
11,11660,881,1078,6.36e-05,0.2458,0.3946,0.1895,0.2311,0.3971,0.1861
11,11680,901,1078,6.36e-05,0.2538,0.3963,0.1864,0.2447,0.3939,0.1813
11,11700,921,1078,6.36e-05,0.226,0.2887,0.1742,0.2238,0.2739,0.1673
11,11720,941,1078,6.36e-05,0.2647,0.3348,0.1789,0.2645,0.3268,0.1727
11,11740,961,1078,6.36e-05,0.2305,0.3484,0.1881,0.242,0.3505,0.1852
11,11760,981,1078,6.36e-05,0.2653,0.3522,0.1788,0.26,0.3338,0.1715
11,11780,1001,1078,6.36e-05,0.2499,0.3063,0.1677,0.2363,0.2938,0.1602
11,11800,1021,1078,6.36e-05,0.2502,0.3227,0.1723,0.2367,0.2981,0.1634
11,11820,1041,1078,6.36e-05,0.2513,0.3209,0.18,0.2419,0.3064,0.1744
11,11840,1061,1078,6.36e-05,0.2458,0.3676,0.1855,0.2434,0.3518,0.1801
12,11860,3,1078,6.24e-05,0.2314,0.3403,0.17,0.232,0.3444,0.1683
12,11880,23,1078,6.24e-05,0.2224,0.3227,0.1773,0.2185,0.3288,0.1776
12,11900,43,1078,6.24e-05,0.2995,0.3385,0.1825,0.3022,0.3251,0.1784
12,11920,63,1078,6.24e-05,0.2213,0.3681,0.1923,0.2144,0.3595,0.1869
12,11940,83,1078,6.24e-05,0.2616,0.3901,0.1993,0.2529,0.379,0.1927
12,11960,103,1078,6.24e-05,0.2413,0.3267,0.1682,0.2312,0.3246,0.1676
12,11980,123,1078,6.24e-05,0.227,0.3505,0.1866,0.2177,0.34,0.183
12,12000,143,1078,6.24e-05,0.1889,0.3503,0.1772,0.1932,0.3448,0.1726
12,12020,163,1078,6.24e-05,0.236,0.3576,0.1851,0.216,0.3324,0.1777
12,12040,183,1078,6.24e-05,0.264,0.3757,0.1781,0.2594,0.3679,0.1763
12,12060,203,1078,6.24e-05,0.2277,0.3284,0.1692,0.2256,0.328,0.1667
12,12080,223,1078,6.24e-05,0.2697,0.4164,0.2032,0.268,0.4084,0.199
12,12100,243,1078,6.24e-05,0.2047,0.3987,0.1834,0.2023,0.3892,0.1789
12,12120,263,1078,6.24e-05,0.2184,0.3764,0.1768,0.2061,0.3725,0.1753
12,12140,283,1078,6.24e-05,0.2157,0.3871,0.1799,0.2141,0.3694,0.1758
12,12160,303,1078,6.24e-05,0.2197,0.3623,0.1815,0.2148,0.3512,0.1757
12,12180,323,1078,6.24e-05,0.2108,0.3648,0.1744,0.2022,0.3649,0.1691
12,12200,343,1078,6.24e-05,0.1987,0.3389,0.1665,0.1916,0.3243,0.1634
12,12220,363,1078,6.24e-05,0.2117,0.3388,0.1862,0.2059,0.3229,0.1829
12,12240,383,1078,6.24e-05,0.2227,0.3528,0.1765,0.2046,0.3494,0.1752
12,12260,403,1078,6.24e-05,0.2262,0.351,0.1763,0.2173,0.3367,0.1731
12,12280,423,1078,6.24e-05,0.2202,0.3865,0.185,0.2154,0.3714,0.1809
12,12300,443,1078,6.24e-05,0.243,0.3602,0.1765,0.2301,0.3535,0.1716
12,12320,463,1078,6.24e-05,0.2563,0.3967,0.199,0.2233,0.3944,0.1949
12,12340,483,1078,6.24e-05,0.2326,0.3416,0.1801,0.2234,0.336,0.182
12,12360,503,1078,6.24e-05,0.2625,0.351,0.1968,0.2489,0.3568,0.1946
12,12380,523,1078,6.24e-05,0.2265,0.321,0.1784,0.2164,0.3085,0.1761
12,12400,543,1078,6.24e-05,0.2143,0.3557,0.183,0.2081,0.3458,0.1801
12,12420,563,1078,6.24e-05,0.2383,0.3678,0.1905,0.2269,0.3546,0.186
12,12440,583,1078,6.24e-05,0.2209,0.3595,0.1791,0.2122,0.3701,0.1787
12,12460,603,1078,6.24e-05,0.2236,0.3319,0.1761,0.2248,0.3217,0.1717
12,12480,623,1078,6.24e-05,0.239,0.2933,0.1681,0.2375,0.297,0.1654
12,12500,643,1078,6.24e-05,0.2342,0.3126,0.1714,0.2073,0.3148,0.1728
12,12520,663,1078,6.24e-05,0.2807,0.3332,0.1676,0.2818,0.3225,0.1633
12,12540,683,1078,6.24e-05,0.1988,0.3312,0.169,0.1902,0.3266,0.1655
12,12560,703,1078,6.24e-05,0.2116,0.3098,0.1857,0.2038,0.3052,0.1852
12,12580,723,1078,6.24e-05,0.2823,0.3627,0.1828,0.2793,0.3458,0.1769
12,12600,743,1078,6.24e-05,0.2186,0.3887,0.1815,0.2168,0.38,0.1786
12,12620,763,1078,6.24e-05,0.221,0.3552,0.1785,0.2105,0.3423,0.1718
12,12640,783,1078,6.24e-05,0.2494,0.3775,0.2019,0.2347,0.3682,0.1982
12,12660,803,1078,6.24e-05,0.2162,0.3402,0.1784,0.2027,0.3393,0.1736
12,12680,823,1078,6.24e-05,0.2057,0.3658,0.1724,0.1936,0.3672,0.169
12,12700,843,1078,6.24e-05,0.2219,0.3212,0.1705,0.2042,0.3212,0.1697
12,12720,863,1078,6.24e-05,0.2358,0.3955,0.1907,0.2308,0.3787,0.1869
12,12740,883,1078,6.24e-05,0.205,0.4184,0.1886,0.2046,0.4122,0.1827
12,12760,903,1078,6.24e-05,0.2593,0.2917,0.1711,0.2596,0.2874,0.1684
12,12780,923,1078,6.24e-05,0.1787,0.3322,0.1673,0.1783,0.3265,0.1664
12,12800,943,1078,6.24e-05,0.2818,0.3448,0.1712,0.2593,0.3443,0.1719
12,12820,963,1078,6.24e-05,0.2783,0.4039,0.192,0.2854,0.405,0.1821
12,12840,983,1078,6.24e-05,0.2304,0.3214,0.1777,0.226,0.3153,0.173
12,12860,1003,1078,6.24e-05,0.2583,0.394,0.1808,0.2453,0.39,0.1774
12,12880,1023,1078,6.24e-05,0.2457,0.3292,0.1717,0.2332,0.31,0.1675
12,12900,1043,1078,6.24e-05,0.2124,0.3496,0.1689,0.205,0.3423,0.1651
12,12920,1063,1078,6.24e-05,0.2554,0.3614,0.1908,0.247,0.3454,0.1837
13,12940,5,1078,6.1e-05,0.2328,0.3266,0.1757,0.223,0.3242,0.1738
13,12960,25,1078,6.1e-05,0.2002,0.3783,0.1799,0.1911,0.3719,0.1781
13,12980,45,1078,6.1e-05,0.2304,0.3022,0.1667,0.2216,0.3046,0.163
13,13000,65,1078,6.1e-05,0.2082,0.3298,0.182,0.2111,0.3328,0.1808
13,13020,85,1078,6.1e-05,0.2449,0.3783,0.1808,0.251,0.3712,0.1767
13,13040,105,1078,6.1e-05,0.2035,0.371,0.1824,0.192,0.3624,0.175
13,13060,125,1078,6.1e-05,0.2296,0.3465,0.1741,0.2263,0.3354,0.1665
13,13080,145,1078,6.1e-05,0.2412,0.3672,0.1818,0.242,0.3495,0.1753
13,13100,165,1078,6.1e-05,0.2282,0.2966,0.1643,0.2108,0.2954,0.1622
13,13120,185,1078,6.1e-05,0.243,0.4054,0.1869,0.2354,0.3941,0.1828
13,13140,205,1078,6.1e-05,0.2664,0.3045,0.1684,0.248,0.2895,0.1611
13,13160,225,1078,6.1e-05,0.249,0.338,0.1869,0.238,0.3307,0.1806
13,13180,245,1078,6.1e-05,0.2459,0.3287,0.1851,0.2344,0.3222,0.1802
13,13200,265,1078,6.1e-05,0.2449,0.3385,0.1845,0.2446,0.3354,0.1815
13,13220,285,1078,6.1e-05,0.253,0.4272,0.1896,0.2459,0.4104,0.1824
13,13240,305,1078,6.1e-05,0.1963,0.2872,0.1634,0.1791,0.2671,0.1601
13,13260,325,1078,6.1e-05,0.2009,0.2896,0.165,0.1873,0.2895,0.16
13,13280,345,1078,6.1e-05,0.2168,0.2977,0.1747,0.2093,0.2866,0.1694
13,13300,365,1078,6.1e-05,0.2175,0.3452,0.1729,0.2137,0.3397,0.1685
13,13320,385,1078,6.1e-05,0.2154,0.3413,0.1723,0.2134,0.3333,0.1708
13,13340,405,1078,6.1e-05,0.2524,0.3523,0.1811,0.2369,0.3472,0.1775
13,13360,425,1078,6.1e-05,0.2259,0.3223,0.1748,0.2282,0.317,0.1723
13,13380,445,1078,6.1e-05,0.2578,0.3252,0.1844,0.2456,0.311,0.1771
13,13400,465,1078,6.1e-05,0.2419,0.4005,0.1899,0.2275,0.3907,0.1856
13,13420,485,1078,6.1e-05,0.2733,0.3015,0.1737,0.2375,0.2983,0.1722
13,13440,505,1078,6.1e-05,0.2284,0.4104,0.1847,0.2171,0.415,0.1844
13,13460,525,1078,6.1e-05,0.241,0.291,0.1692,0.2327,0.2869,0.1664
13,13480,545,1078,6.1e-05,0.2465,0.3523,0.1887,0.2327,0.3439,0.1849
13,13500,565,1078,6.1e-05,0.1925,0.3721,0.1885,0.1896,0.3797,0.1899
13,13520,585,1078,6.1e-05,0.2192,0.33,0.1743,0.2225,0.3263,0.1718
13,13540,605,1078,6.1e-05,0.2731,0.363,0.1873,0.2524,0.3628,0.1831
13,13560,625,1078,6.1e-05,0.2294,0.3627,0.1734,0.2246,0.352,0.1698
13,13580,645,1078,6.1e-05,0.2297,0.3832,0.1869,0.2149,0.3709,0.1828
13,13600,665,1078,6.1e-05,0.2681,0.3414,0.1838,0.2625,0.3316,0.1786
13,13620,685,1078,6.1e-05,0.2685,0.3803,0.1901,0.2645,0.3802,0.1854
13,13640,705,1078,6.1e-05,0.2683,0.3168,0.1705,0.2522,0.3142,0.1693
13,13660,725,1078,6.1e-05,0.2281,0.3552,0.1809,0.2295,0.3256,0.1749
13,13680,745,1078,6.1e-05,0.241,0.356,0.1756,0.2276,0.3352,0.1718
13,13700,765,1078,6.1e-05,0.246,0.3232,0.1715,0.2397,0.3196,0.1693
13,13720,785,1078,6.1e-05,0.292,0.3371,0.1725,0.2799,0.3248,0.1683
13,13740,805,1078,6.1e-05,0.2436,0.3504,0.1827,0.2147,0.3272,0.1736
13,13760,825,1078,6.1e-05,0.2437,0.3583,0.1711,0.2316,0.3461,0.1649
13,13780,845,1078,6.1e-05,0.1934,0.3056,0.1695,0.1876,0.3003,0.1667
13,13800,865,1078,6.1e-05,0.2291,0.3173,0.1759,0.2069,0.3162,0.1736
13,13820,885,1078,6.1e-05,0.2483,0.4046,0.1949,0.2405,0.3959,0.193
13,13840,905,1078,6.1e-05,0.2695,0.3526,0.1814,0.2643,0.3444,0.1802
13,13860,925,1078,6.1e-05,0.2241,0.3337,0.168,0.2233,0.3376,0.1666
13,13880,945,1078,6.1e-05,0.2646,0.332,0.1604,0.2543,0.3236,0.1557
13,13900,965,1078,6.1e-05,0.2599,0.374,0.1882,0.255,0.3705,0.1849
13,13920,985,1078,6.1e-05,0.2324,0.2972,0.1749,0.2126,0.287,0.1699
13,13940,1005,1078,6.1e-05,0.2225,0.3203,0.1772,0.2163,0.3101,0.1768
13,13960,1025,1078,6.1e-05,0.2767,0.3381,0.1727,0.2798,0.3295,0.1708
13,13980,1045,1078,6.1e-05,0.2206,0.2579,0.1637,0.2088,0.2614,0.1618
13,14000,1065,1078,6.1e-05,0.2429,0.3292,0.184,0.2345,0.3134,0.1782
14,14020,7,1078,5.95e-05,0.2003,0.337,0.1788,0.1918,0.3271,0.175
14,14040,27,1078,5.95e-05,0.2326,0.3603,0.1964,0.2317,0.3611,0.189
14,14060,47,1078,5.95e-05,0.2138,0.3439,0.1785,0.207,0.3284,0.1706
14,14080,67,1078,5.95e-05,0.2212,0.3253,0.1767,0.2125,0.3125,0.1713
14,14100,87,1078,5.95e-05,0.2392,0.3678,0.1811,0.2381,0.3623,0.1802
14,14120,107,1078,5.95e-05,0.2165,0.3272,0.1807,0.2005,0.3211,0.1761
14,14140,127,1078,5.95e-05,0.2088,0.3675,0.1882,0.2034,0.3619,0.1878
14,14160,147,1078,5.95e-05,0.2091,0.3365,0.1658,0.1973,0.3534,0.1683
14,14180,167,1078,5.95e-05,0.2075,0.3024,0.158,0.2051,0.3004,0.1557
14,14200,187,1078,5.95e-05,0.2556,0.3194,0.1776,0.2449,0.3228,0.1737
14,14220,207,1078,5.95e-05,0.2182,0.3098,0.162,0.21,0.2986,0.159
14,14240,227,1078,5.95e-05,0.183,0.3275,0.1756,0.1719,0.3252,0.1741
14,14260,247,1078,5.95e-05,0.266,0.334,0.183,0.245,0.3154,0.1749
14,14280,267,1078,5.95e-05,0.2637,0.3624,0.1956,0.2595,0.3509,0.1901
14,14300,287,1078,5.95e-05,0.2833,0.3267,0.1718,0.2756,0.3328,0.1721
14,14320,307,1078,5.95e-05,0.1705,0.308,0.1756,0.1572,0.3108,0.1758
14,14340,327,1078,5.95e-05,0.2113,0.3023,0.1669,0.2102,0.3056,0.162
14,14360,347,1078,5.95e-05,0.2425,0.309,0.1725,0.2187,0.2936,0.1662
14,14380,367,1078,5.95e-05,0.235,0.3595,0.1797,0.2173,0.3632,0.1767
14,14400,387,1078,5.95e-05,0.2151,0.403,0.1944,0.2265,0.3901,0.1883
14,14420,407,1078,5.95e-05,0.2627,0.3752,0.1824,0.2568,0.3618,0.178
14,14440,427,1078,5.95e-05,0.1913,0.3127,0.1656,0.1772,0.3029,0.1644
14,14460,447,1078,5.95e-05,0.2118,0.2946,0.1673,0.2016,0.2854,0.1626
14,14480,467,1078,5.95e-05,0.2263,0.3866,0.1771,0.2231,0.3661,0.1728
14,14500,487,1078,5.95e-05,0.2516,0.3766,0.1905,0.2397,0.3618,0.1853
14,14520,507,1078,5.95e-05,0.2358,0.3579,0.183,0.2328,0.34,0.1799
14,14540,527,1078,5.95e-05,0.2037,0.3497,0.1736,0.1989,0.3321,0.1693
14,14560,547,1078,5.95e-05,0.2021,0.3109,0.1762,0.1928,0.3085,0.177
14,14580,567,1078,5.95e-05,0.2398,0.3516,0.1714,0.2455,0.3504,0.1679
14,14600,587,1078,5.95e-05,0.2745,0.3053,0.1802,0.2569,0.3124,0.1801
14,14620,607,1078,5.95e-05,0.2289,0.3107,0.1522,0.2195,0.3103,0.1512
14,14640,627,1078,5.95e-05,0.2439,0.4035,0.1838,0.2305,0.3797,0.1767
14,14660,647,1078,5.95e-05,0.2365,0.3667,0.1757,0.227,0.3505,0.17
14,14680,667,1078,5.95e-05,0.2213,0.2929,0.1729,0.2096,0.2811,0.1678
14,14700,687,1078,5.95e-05,0.2327,0.297,0.1629,0.222,0.2919,0.1597
14,14720,707,1078,5.95e-05,0.2074,0.3108,0.1729,0.2018,0.3021,0.1696
14,14740,727,1078,5.95e-05,0.2696,0.3344,0.1791,0.2592,0.3291,0.1734
14,14760,747,1078,5.95e-05,0.2343,0.3021,0.1688,0.229,0.2964,0.1648
14,14780,767,1078,5.95e-05,0.2074,0.3897,0.182,0.2057,0.3781,0.1752
14,14800,787,1078,5.95e-05,0.2203,0.3051,0.1745,0.207,0.2994,0.1711
14,14820,807,1078,5.95e-05,0.259,0.3461,0.1723,0.2474,0.3193,0.1627
14,14840,827,1078,5.95e-05,0.268,0.3875,0.1896,0.2528,0.3732,0.1854
14,14860,847,1078,5.95e-05,0.2125,0.4001,0.1914,0.2047,0.3798,0.1863
14,14880,867,1078,5.95e-05,0.2346,0.3133,0.1595,0.2278,0.3191,0.159
14,14900,887,1078,5.95e-05,0.2512,0.3243,0.1815,0.2278,0.3153,0.1804
14,14920,907,1078,5.95e-05,0.2337,0.4128,0.2012,0.2356,0.4233,0.2039
14,14940,927,1078,5.95e-05,0.2736,0.3318,0.1873,0.2717,0.3232,0.1892
14,14960,947,1078,5.95e-05,0.2242,0.315,0.1745,0.2141,0.3001,0.1672
14,14980,967,1078,5.95e-05,0.2307,0.3377,0.1751,0.2214,0.3347,0.1742
14,15000,987,1078,5.95e-05,0.2665,0.37,0.1919,0.2555,0.3612,0.1877
14,15020,1007,1078,5.95e-05,0.2686,0.3103,0.1815,0.245,0.3084,0.1796
14,15040,1027,1078,5.95e-05,0.2215,0.3752,0.1806,0.2088,0.3648,0.1769
14,15060,1047,1078,5.95e-05,0.2392,0.3023,0.171,0.2231,0.3006,0.1706
14,15080,1067,1078,5.95e-05,0.2221,0.2788,0.1657,0.218,0.2831,0.1618
15,15100,9,1078,5.79e-05,0.2237,0.3616,0.168,0.2095,0.3507,0.1632
15,15120,29,1078,5.79e-05,0.2541,0.338,0.1856,0.2557,0.3376,0.1828
15,15140,49,1078,5.79e-05,0.2207,0.3449,0.1775,0.2125,0.3317,0.1724
15,15160,69,1078,5.79e-05,0.2242,0.3868,0.1838,0.2118,0.3784,0.1831
15,15180,89,1078,5.79e-05,0.2565,0.3572,0.18,0.2489,0.3391,0.1738
15,15200,109,1078,5.79e-05,0.2225,0.3436,0.1723,0.2085,0.3413,0.1694
15,15220,129,1078,5.79e-05,0.2378,0.3333,0.1756,0.2259,0.3293,0.1731
15,15240,149,1078,5.79e-05,0.2917,0.305,0.1783,0.2894,0.2951,0.1691
15,15260,169,1078,5.79e-05,0.2353,0.3221,0.1711,0.2196,0.3057,0.1649
15,15280,189,1078,5.79e-05,0.2562,0.3274,0.1855,0.2475,0.316,0.1805
15,15300,209,1078,5.79e-05,0.2756,0.3222,0.1828,0.2602,0.3011,0.1787
15,15320,229,1078,5.79e-05,0.2313,0.3464,0.1812,0.2261,0.3482,0.1768
15,15340,249,1078,5.79e-05,0.1872,0.3245,0.1629,0.1821,0.3173,0.1573
15,15360,269,1078,5.79e-05,0.2215,0.337,0.1868,0.2173,0.3422,0.1867
15,15380,289,1078,5.79e-05,0.239,0.3142,0.1721,0.2291,0.2995,0.1656
15,15400,309,1078,5.79e-05,0.2268,0.3445,0.1757,0.2143,0.3411,0.1733
15,15420,329,1078,5.79e-05,0.2625,0.2976,0.1687,0.2293,0.2892,0.1643
15,15440,349,1078,5.79e-05,0.2289,0.2815,0.1624,0.2177,0.287,0.1606
15,15460,369,1078,5.79e-05,0.235,0.3307,0.1767,0.2214,0.3321,0.1737
15,15480,389,1078,5.79e-05,0.2337,0.3494,0.1757,0.2209,0.3347,0.1726
15,15500,409,1078,5.79e-05,0.2524,0.2451,0.1545,0.243,0.2358,0.1515
15,15520,429,1078,5.79e-05,0.3294,0.3195,0.1758,0.3212,0.3209,0.1731
15,15540,449,1078,5.79e-05,0.2203,0.2899,0.1619,0.2,0.2817,0.1613
15,15560,469,1078,5.79e-05,0.2215,0.3503,0.1826,0.2083,0.3431,0.1786
15,15580,489,1078,5.79e-05,0.2419,0.2982,0.1759,0.2553,0.2907,0.1712
15,15600,509,1078,5.79e-05,0.2835,0.3342,0.1776,0.2669,0.3194,0.1739
15,15620,529,1078,5.79e-05,0.2701,0.3826,0.2078,0.2535,0.3674,0.201
15,15640,549,1078,5.79e-05,0.2425,0.3434,0.1867,0.2355,0.3397,0.1838
15,15660,569,1078,5.79e-05,0.2418,0.3783,0.177,0.2347,0.3874,0.1747
15,15680,589,1078,5.79e-05,0.2113,0.3373,0.1651,0.1977,0.3354,0.1629
15,15700,609,1078,5.79e-05,0.2036,0.2926,0.1595,0.2002,0.2893,0.1591
15,15720,629,1078,5.79e-05,0.2251,0.3041,0.1746,0.2109,0.314,0.17
15,15740,649,1078,5.79e-05,0.2513,0.3008,0.1766,0.243,0.2832,0.1703
15,15760,669,1078,5.79e-05,0.2444,0.3223,0.1735,0.2286,0.3226,0.1724
15,15780,689,1078,5.79e-05,0.2171,0.3235,0.1828,0.2127,0.3126,0.1808
15,15800,709,1078,5.79e-05,0.2523,0.3645,0.1842,0.232,0.3509,0.1791
15,15820,729,1078,5.79e-05,0.2157,0.3352,0.169,0.2132,0.329,0.1654
15,15840,749,1078,5.79e-05,0.2093,0.3281,0.1582,0.2055,0.3342,0.1571
15,15860,769,1078,5.79e-05,0.2493,0.3644,0.1798,0.2396,0.3473,0.1733
15,15880,789,1078,5.79e-05,0.2843,0.4045,0.1933,0.2815,0.3882,0.1877
15,15900,809,1078,5.79e-05,0.2392,0.3736,0.194,0.2294,0.3535,0.1881
15,15920,829,1078,5.79e-05,0.2557,0.3492,0.1924,0.2499,0.3356,0.1894
15,15940,849,1078,5.79e-05,0.2617,0.3204,0.1705,0.2522,0.3111,0.1696
15,15960,869,1078,5.79e-05,0.2202,0.3484,0.1729,0.2147,0.3385,0.1684
15,15980,889,1078,5.79e-05,0.1938,0.2908,0.1639,0.1848,0.2751,0.1585
15,16000,909,1078,5.79e-05,0.2379,0.3491,0.1728,0.2328,0.3461,0.1685
15,16020,929,1078,5.79e-05,0.195,0.2967,0.1687,0.182,0.2928,0.1663
15,16040,949,1078,5.79e-05,0.2582,0.3864,0.1765,0.2427,0.3852,0.1727
15,16060,969,1078,5.79e-05,0.33,0.3374,0.1885,0.3334,0.3368,0.189
15,16080,989,1078,5.79e-05,0.2299,0.3104,0.1636,0.223,0.2913,0.1582
15,16100,1009,1078,5.79e-05,0.2324,0.3211,0.1718,0.2212,0.316,0.1671
15,16120,1029,1078,5.79e-05,0.2542,0.3712,0.1804,0.241,0.3641,0.1782
15,16140,1049,1078,5.79e-05,0.277,0.3531,0.1716,0.2728,0.3364,0.1684
15,16160,1069,1078,5.79e-05,0.2291,0.3294,0.1666,0.2145,0.3318,0.1664
16,16180,11,1078,5.63e-05,0.3007,0.3293,0.1652,0.2977,0.3071,0.157
16,16200,31,1078,5.63e-05,0.2271,0.3727,0.1908,0.2224,0.3562,0.1846
16,16220,51,1078,5.63e-05,0.2085,0.3406,0.1714,0.1821,0.3275,0.1686
16,16240,71,1078,5.63e-05,0.2562,0.2968,0.1839,0.2428,0.289,0.1775
16,16260,91,1078,5.63e-05,0.2253,0.355,0.1907,0.2119,0.3364,0.1842
16,16280,111,1078,5.63e-05,0.2479,0.3838,0.1731,0.2324,0.365,0.1672
16,16300,131,1078,5.63e-05,0.3145,0.4005,0.1851,0.3154,0.3928,0.1787
16,16320,151,1078,5.63e-05,0.2311,0.2831,0.1728,0.2335,0.2695,0.1667
16,16340,171,1078,5.63e-05,0.244,0.3873,0.1799,0.2353,0.3662,0.1728
16,16360,191,1078,5.63e-05,0.1901,0.3347,0.1599,0.1798,0.3334,0.1565
16,16380,211,1078,5.63e-05,0.2291,0.365,0.1822,0.2245,0.3605,0.1807
16,16400,231,1078,5.63e-05,0.2417,0.2744,0.1707,0.236,0.2712,0.1676
16,16420,251,1078,5.63e-05,0.247,0.3249,0.1786,0.237,0.321,0.1765
16,16440,271,1078,5.63e-05,0.1956,0.2801,0.1557,0.1818,0.2766,0.1529
16,16460,291,1078,5.63e-05,0.2045,0.3221,0.1703,0.1929,0.3116,0.1651
16,16480,311,1078,5.63e-05,0.2574,0.346,0.1721,0.2515,0.3329,0.1691
16,16500,331,1078,5.63e-05,0.2649,0.3895,0.192,0.266,0.394,0.1939
16,16520,351,1078,5.63e-05,0.2289,0.3288,0.1822,0.2237,0.3221,0.178
16,16540,371,1078,5.63e-05,0.276,0.3524,0.181,0.2704,0.3374,0.1819
16,16560,391,1078,5.63e-05,0.227,0.3627,0.189,0.2186,0.3516,0.1837
16,16580,411,1078,5.63e-05,0.205,0.3742,0.1751,0.2046,0.357,0.1736
16,16600,431,1078,5.63e-05,0.2202,0.3618,0.1728,0.2219,0.3513,0.1662
16,16620,451,1078,5.63e-05,0.2442,0.3869,0.1981,0.2514,0.3796,0.1979
16,16640,471,1078,5.63e-05,0.215,0.3354,0.1798,0.202,0.3326,0.1763
16,16660,491,1078,5.63e-05,0.2006,0.3271,0.1704,0.1863,0.3289,0.1699
16,16680,511,1078,5.63e-05,0.258,0.3376,0.1711,0.2348,0.3245,0.1659
16,16700,531,1078,5.63e-05,0.261,0.3602,0.179,0.2398,0.3343,0.1707
16,16720,551,1078,5.63e-05,0.2499,0.3302,0.1836,0.2277,0.3361,0.1804
16,16740,571,1078,5.63e-05,0.2371,0.3153,0.174,0.2265,0.3013,0.17
16,16760,591,1078,5.63e-05,0.2167,0.2732,0.1643,0.2035,0.2707,0.1571
16,16780,611,1078,5.63e-05,0.2221,0.3236,0.1778,0.2253,0.314,0.1747
16,16800,631,1078,5.63e-05,0.2117,0.3478,0.1787,0.2034,0.3465,0.1749
16,16820,651,1078,5.63e-05,0.2896,0.3527,0.1794,0.2736,0.3439,0.1753
16,16840,671,1078,5.63e-05,0.2663,0.3548,0.1778,0.247,0.3406,0.1727
16,16860,691,1078,5.63e-05,0.2364,0.3691,0.1711,0.2294,0.3428,0.1642
16,16880,711,1078,5.63e-05,0.228,0.4052,0.1807,0.2227,0.3899,0.1777
16,16900,731,1078,5.63e-05,0.2658,0.3129,0.1658,0.2541,0.3093,0.1614
16,16920,751,1078,5.63e-05,0.1847,0.3148,0.1706,0.1748,0.3089,0.1689
16,16940,771,1078,5.63e-05,0.1949,0.3283,0.1807,0.1915,0.3136,0.176
16,16960,791,1078,5.63e-05,0.2505,0.3834,0.1859,0.24,0.3723,0.1823
16,16980,811,1078,5.63e-05,0.245,0.3657,0.1823,0.2261,0.3614,0.1796
16,17000,831,1078,5.63e-05,0.2902,0.3678,0.185,0.2697,0.3701,0.1849
16,17020,851,1078,5.63e-05,0.2318,0.3337,0.1899,0.2229,0.3259,0.1846
16,17040,871,1078,5.63e-05,0.2092,0.2871,0.1638,0.2027,0.2783,0.1603
16,17060,891,1078,5.63e-05,0.2383,0.3589,0.1905,0.2187,0.3469,0.1888
16,17080,911,1078,5.63e-05,0.1864,0.3815,0.1746,0.183,0.3756,0.1703
16,17100,931,1078,5.63e-05,0.2465,0.3446,0.1774,0.2327,0.3262,0.1719
16,17120,951,1078,5.63e-05,0.2439,0.3685,0.1894,0.2319,0.3576,0.1844
16,17140,971,1078,5.63e-05,0.2306,0.3838,0.185,0.2303,0.3668,0.1819
16,17160,991,1078,5.63e-05,0.2575,0.3756,0.1831,0.2542,0.3716,0.1787
16,17180,1011,1078,5.63e-05,0.253,0.4422,0.1833,0.2451,0.4166,0.1773
16,17200,1031,1078,5.63e-05,0.2357,0.3625,0.1818,0.239,0.3568,0.1761
16,17220,1051,1078,5.63e-05,0.2121,0.3902,0.1897,0.2145,0.3828,0.1885
16,17240,1071,1078,5.63e-05,0.2303,0.3265,0.1718,0.2275,0.3258,0.1716
17,17260,13,1078,5.46e-05,0.2256,0.3075,0.1666,0.2117,0.3,0.1641
17,17280,33,1078,5.46e-05,0.2334,0.3595,0.1797,0.2163,0.3519,0.1754
17,17300,53,1078,5.46e-05,0.2563,0.3914,0.1971,0.246,0.3729,0.1899
17,17320,73,1078,5.46e-05,0.2273,0.2868,0.1624,0.2041,0.2628,0.1528
17,17340,93,1078,5.46e-05,0.2506,0.3743,0.183,0.2441,0.3699,0.1812
17,17360,113,1078,5.46e-05,0.2088,0.3378,0.1806,0.2025,0.3215,0.1781
17,17380,133,1078,5.46e-05,0.2673,0.4062,0.1949,0.2596,0.4022,0.193
17,17400,153,1078,5.46e-05,0.2331,0.3726,0.1798,0.233,0.3553,0.1741
17,17420,173,1078,5.46e-05,0.2523,0.324,0.1689,0.2414,0.3157,0.1647
17,17440,193,1078,5.46e-05,0.242,0.3461,0.1804,0.2377,0.3519,0.1807
17,17460,213,1078,5.46e-05,0.2428,0.3387,0.1772,0.2363,0.3525,0.1795
17,17480,233,1078,5.46e-05,0.2318,0.303,0.1654,0.2152,0.298,0.1613
17,17500,253,1078,5.46e-05,0.244,0.3677,0.1866,0.2421,0.3571,0.1755
17,17520,273,1078,5.46e-05,0.2121,0.3133,0.1674,0.2039,0.3096,0.1671
17,17540,293,1078,5.46e-05,0.2414,0.3711,0.1839,0.2372,0.3586,0.1802
17,17560,313,1078,5.46e-05,0.1936,0.3271,0.1812,0.1847,0.3116,0.1795
17,17580,333,1078,5.46e-05,0.2377,0.3899,0.1903,0.229,0.3753,0.1845
17,17600,353,1078,5.46e-05,0.2219,0.2903,0.1664,0.2071,0.2945,0.1654
17,17620,373,1078,5.46e-05,0.2465,0.3354,0.1763,0.2324,0.3266,0.1737
17,17640,393,1078,5.46e-05,0.2406,0.4077,0.1797,0.2442,0.4009,0.1789
17,17660,413,1078,5.46e-05,0.2051,0.353,0.1765,0.1958,0.35,0.1734
17,17680,433,1078,5.46e-05,0.2522,0.2998,0.17,0.2419,0.2971,0.1677
17,17700,453,1078,5.46e-05,0.2336,0.3219,0.1792,0.2271,0.3148,0.1763
17,17720,473,1078,5.46e-05,0.223,0.3301,0.1798,0.2223,0.3246,0.1741
17,17740,493,1078,5.46e-05,0.2221,0.3837,0.1845,0.2099,0.3725,0.1859
17,17760,513,1078,5.46e-05,0.2532,0.3783,0.1868,0.2588,0.3643,0.1805
17,17780,533,1078,5.46e-05,0.1924,0.3469,0.1771,0.1796,0.3369,0.1772
17,17800,553,1078,5.46e-05,0.2184,0.3652,0.1785,0.213,0.344,0.173
17,17820,573,1078,5.46e-05,0.2311,0.3374,0.1684,0.2146,0.339,0.1664
17,17840,593,1078,5.46e-05,0.2313,0.3326,0.1749,0.2194,0.3255,0.1698
17,17860,613,1078,5.46e-05,0.2262,0.3323,0.182,0.2187,0.3287,0.1774
17,17880,633,1078,5.46e-05,0.2731,0.3414,0.1843,0.2797,0.3447,0.1839
17,17900,653,1078,5.46e-05,0.2173,0.3276,0.176,0.2153,0.3108,0.168
17,17920,673,1078,5.46e-05,0.2183,0.3834,0.1869,0.2019,0.3899,0.184
17,17940,693,1078,5.46e-05,0.2256,0.2721,0.172,0.2102,0.2723,0.1721
17,17960,713,1078,5.46e-05,0.2389,0.377,0.186,0.2326,0.3554,0.183
17,17980,733,1078,5.46e-05,0.1974,0.2894,0.1673,0.1961,0.2784,0.1632
17,18000,753,1078,5.46e-05,0.197,0.3801,0.1808,0.2003,0.3723,0.1776
17,18020,773,1078,5.46e-05,0.2264,0.3099,0.1701,0.2239,0.3125,0.1687
17,18040,793,1078,5.46e-05,0.2024,0.2935,0.1691,0.1977,0.2962,0.1646
17,18060,813,1078,5.46e-05,0.2441,0.2966,0.1619,0.2387,0.2809,0.1552
17,18080,833,1078,5.46e-05,0.2498,0.3613,0.1941,0.2388,0.3599,0.1928
17,18100,853,1078,5.46e-05,0.2192,0.3573,0.1731,0.1978,0.3543,0.1713
17,18120,873,1078,5.46e-05,0.2217,0.3728,0.1802,0.2065,0.3619,0.1762
17,18140,893,1078,5.46e-05,0.2229,0.3074,0.1741,0.214,0.2955,0.1692
17,18160,913,1078,5.46e-05,0.2134,0.2999,0.1684,0.1961,0.2949,0.1655
17,18180,933,1078,5.46e-05,0.2154,0.4335,0.1959,0.2073,0.4253,0.192
17,18200,953,1078,5.46e-05,0.2429,0.3236,0.1726,0.2301,0.3217,0.1694
17,18220,973,1078,5.46e-05,0.2122,0.2818,0.1621,0.2025,0.2657,0.1566
17,18240,993,1078,5.46e-05,0.2504,0.3586,0.1813,0.238,0.3602,0.1764
17,18260,1013,1078,5.46e-05,0.2476,0.372,0.1868,0.2402,0.3679,0.1845
17,18280,1033,1078,5.46e-05,0.2376,0.3677,0.1734,0.2346,0.3482,0.1685
17,18300,1053,1078,5.46e-05,0.2527,0.408,0.1938,0.2566,0.4015,0.1931
17,18320,1073,1078,5.46e-05,0.2625,0.2673,0.1647,0.2538,0.2619,0.1612
18,18340,15,1078,5.28e-05,0.2029,0.2966,0.1692,0.1931,0.2968,0.1656
18,18360,35,1078,5.28e-05,0.2313,0.3083,0.1699,0.2207,0.2975,0.165
18,18380,55,1078,5.28e-05,0.2205,0.345,0.1826,0.2107,0.3353,0.1774
18,18400,75,1078,5.28e-05,0.2167,0.3407,0.1857,0.2068,0.335,0.1838
18,18420,95,1078,5.28e-05,0.219,0.3003,0.1783,0.2135,0.2783,0.172
18,18440,115,1078,5.28e-05,0.2471,0.3921,0.2079,0.2405,0.3658,0.2036
18,18460,135,1078,5.28e-05,0.2532,0.2575,0.1687,0.2469,0.2558,0.1665
18,18480,155,1078,5.28e-05,0.2304,0.4128,0.1952,0.2232,0.4033,0.1927
18,18500,175,1078,5.28e-05,0.2168,0.3202,0.1697,0.2195,0.3061,0.1662
18,18520,195,1078,5.28e-05,0.1928,0.3532,0.1664,0.1912,0.3574,0.1636
18,18540,215,1078,5.28e-05,0.2345,0.3579,0.174,0.2243,0.3486,0.1693
18,18560,235,1078,5.28e-05,0.2306,0.2975,0.1681,0.2176,0.2809,0.1624
18,18580,255,1078,5.28e-05,0.2455,0.3862,0.1735,0.2347,0.3817,0.1683
18,18600,275,1078,5.28e-05,0.2036,0.3667,0.1864,0.1901,0.3448,0.1812
18,18620,295,1078,5.28e-05,0.247,0.2876,0.1633,0.246,0.2863,0.1604
18,18640,315,1078,5.28e-05,0.2253,0.273,0.167,0.2092,0.2614,0.1617
18,18660,335,1078,5.28e-05,0.2295,0.3175,0.1737,0.225,0.3153,0.1713
18,18680,355,1078,5.28e-05,0.2134,0.3152,0.1677,0.2097,0.3234,0.1661
18,18700,375,1078,5.28e-05,0.2037,0.3131,0.1685,0.192,0.29,0.1639
18,18720,395,1078,5.28e-05,0.2757,0.3492,0.1796,0.2686,0.3291,0.1726
18,18740,415,1078,5.28e-05,0.2489,0.3288,0.183,0.2449,0.3188,0.181
18,18760,435,1078,5.28e-05,0.2157,0.4134,0.1794,0.2022,0.4106,0.1775
18,18780,455,1078,5.28e-05,0.2229,0.3048,0.1509,0.1993,0.2897,0.1458
18,18800,475,1078,5.28e-05,0.2011,0.3222,0.1653,0.1992,0.3208,0.1667
18,18820,495,1078,5.28e-05,0.2746,0.3098,0.1627,0.2703,0.3046,0.1612
18,18840,515,1078,5.28e-05,0.1819,0.3094,0.1648,0.1662,0.296,0.1616
18,18860,535,1078,5.28e-05,0.2364,0.3872,0.1865,0.2338,0.3705,0.1826
18,18880,555,1078,5.28e-05,0.2012,0.3179,0.1618,0.1963,0.3214,0.1606
18,18900,575,1078,5.28e-05,0.214,0.3256,0.1743,0.2031,0.3061,0.1695
18,18920,595,1078,5.28e-05,0.2217,0.4197,0.1819,0.2087,0.4173,0.1803
18,18940,615,1078,5.28e-05,0.2251,0.3289,0.1821,0.2161,0.3296,0.1814
18,18960,635,1078,5.28e-05,0.194,0.3041,0.1608,0.19,0.277,0.1557
18,18980,655,1078,5.28e-05,0.201,0.3365,0.1755,0.1873,0.3409,0.174
18,19000,675,1078,5.28e-05,0.2574,0.293,0.1728,0.2441,0.2822,0.1659
18,19020,695,1078,5.28e-05,0.256,0.2979,0.1715,0.245,0.2918,0.1666
18,19040,715,1078,5.28e-05,0.2399,0.388,0.1775,0.2317,0.3745,0.1734
18,19060,735,1078,5.28e-05,0.2432,0.327,0.18,0.2402,0.3175,0.1751
18,19080,755,1078,5.28e-05,0.2039,0.3863,0.1831,0.1774,0.3787,0.178
18,19100,775,1078,5.28e-05,0.2222,0.3198,0.1679,0.211,0.3007,0.1601
18,19120,795,1078,5.28e-05,0.2583,0.2773,0.1643,0.249,0.2709,0.1608
18,19140,815,1078,5.28e-05,0.2192,0.3954,0.1939,0.2048,0.3864,0.1898
18,19160,835,1078,5.28e-05,0.246,0.3265,0.1843,0.2301,0.3063,0.1794
18,19180,855,1078,5.28e-05,0.2855,0.3651,0.167,0.2699,0.3388,0.1594
18,19200,875,1078,5.28e-05,0.2246,0.3554,0.1736,0.2176,0.3447,0.1698
18,19220,895,1078,5.28e-05,0.1818,0.342,0.1823,0.172,0.3284,0.1802
18,19240,915,1078,5.28e-05,0.2322,0.2753,0.1568,0.2226,0.269,0.1524
18,19260,935,1078,5.28e-05,0.2548,0.366,0.1832,0.2581,0.3623,0.1779
18,19280,955,1078,5.28e-05,0.2217,0.3122,0.1576,0.2129,0.2871,0.149
18,19300,975,1078,5.28e-05,0.2195,0.3899,0.192,0.2145,0.3663,0.1865
18,19320,995,1078,5.28e-05,0.2142,0.3276,0.1743,0.2014,0.3197,0.1729
18,19340,1015,1078,5.28e-05,0.2091,0.2893,0.1732,0.206,0.2729,0.1697
18,19360,1035,1078,5.28e-05,0.2625,0.373,0.1839,0.2458,0.3684,0.1791
18,19380,1055,1078,5.28e-05,0.2239,0.3748,0.1902,0.2136,0.3573,0.1846
18,19400,1075,1078,5.28e-05,0.2654,0.3536,0.1863,0.2609,0.3568,0.1852
19,19420,17,1078,5.09e-05,0.1912,0.2917,0.1547,0.1617,0.2819,0.1509
19,19440,37,1078,5.09e-05,0.2395,0.3203,0.1582,0.2213,0.3031,0.1523
19,19460,57,1078,5.09e-05,0.2427,0.3843,0.1858,0.2434,0.3709,0.1826
19,19480,77,1078,5.09e-05,0.2521,0.2933,0.1795,0.2341,0.2924,0.1768
19,19500,97,1078,5.09e-05,0.2386,0.3114,0.1737,0.2424,0.2998,0.171
19,19520,117,1078,5.09e-05,0.2813,0.3415,0.1859,0.2747,0.3342,0.185
19,19540,137,1078,5.09e-05,0.2506,0.3168,0.1754,0.2282,0.3041,0.1751
19,19560,157,1078,5.09e-05,0.2238,0.2946,0.1674,0.2125,0.2831,0.1646
19,19580,177,1078,5.09e-05,0.2263,0.3483,0.1692,0.2121,0.3504,0.1691
19,19600,197,1078,5.09e-05,0.2506,0.3631,0.1741,0.2499,0.351,0.1685
19,19620,217,1078,5.09e-05,0.2359,0.288,0.1602,0.2353,0.2724,0.1529
19,19640,237,1078,5.09e-05,0.2491,0.3002,0.1801,0.2338,0.3075,0.1784
19,19660,257,1078,5.09e-05,0.2109,0.374,0.1802,0.205,0.3692,0.1763
19,19680,277,1078,5.09e-05,0.2223,0.2864,0.1587,0.2059,0.2732,0.1563
19,19700,297,1078,5.09e-05,0.2605,0.3078,0.1715,0.2561,0.312,0.1677
19,19720,317,1078,5.09e-05,0.1797,0.2797,0.1628,0.1705,0.2653,0.1607
19,19740,337,1078,5.09e-05,0.2322,0.3373,0.1705,0.2269,0.3158,0.1631
19,19760,357,1078,5.09e-05,0.2447,0.3451,0.1769,0.2383,0.3373,0.172
19,19780,377,1078,5.09e-05,0.2594,0.3347,0.1724,0.2443,0.318,0.1661
19,19800,397,1078,5.09e-05,0.2495,0.3317,0.1741,0.2513,0.332,0.1743
19,19820,417,1078,5.09e-05,0.2352,0.3106,0.1669,0.2289,0.3176,0.1647
19,19840,437,1078,5.09e-05,0.269,0.3466,0.1787,0.2514,0.3323,0.1759
19,19860,457,1078,5.09e-05,0.2244,0.378,0.1806,0.2184,0.3622,0.1745
19,19880,477,1078,5.09e-05,0.2386,0.2984,0.1664,0.2241,0.2869,0.1639
19,19900,497,1078,5.09e-05,0.1903,0.3352,0.1788,0.1739,0.3132,0.1739
19,19920,517,1078,5.09e-05,0.2283,0.3137,0.1758,0.2305,0.2998,0.1727
19,19940,537,1078,5.09e-05,0.2349,0.3249,0.1734,0.2251,0.3047,0.1687
19,19960,557,1078,5.09e-05,0.2036,0.2815,0.1644,0.1948,0.2709,0.1601
19,19980,577,1078,5.09e-05,0.2235,0.3452,0.1786,0.2185,0.3476,0.1763
19,20000,597,1078,5.09e-05,0.2506,0.3145,0.1703,0.2424,0.2983,0.1655
19,20020,617,1078,5.09e-05,0.2502,0.3398,0.1748,0.235,0.3284,0.1688
19,20040,637,1078,5.09e-05,0.2048,0.3367,0.1697,0.2055,0.3143,0.1639
19,20060,657,1078,5.09e-05,0.2549,0.2677,0.1712,0.243,0.2556,0.1656
19,20080,677,1078,5.09e-05,0.2043,0.3094,0.179,0.1938,0.3065,0.1728
19,20100,697,1078,5.09e-05,0.2339,0.3119,0.1731,0.219,0.3035,0.1677
19,20120,717,1078,5.09e-05,0.2341,0.3531,0.1902,0.23,0.3453,0.187
19,20140,737,1078,5.09e-05,0.1831,0.2996,0.163,0.1725,0.2779,0.1613
19,20160,757,1078,5.09e-05,0.2117,0.3275,0.1632,0.2026,0.3161,0.16
19,20180,777,1078,5.09e-05,0.2393,0.3523,0.1717,0.2285,0.3463,0.1688
19,20200,797,1078,5.09e-05,0.1975,0.3302,0.1804,0.194,0.313,0.1752
19,20220,817,1078,5.09e-05,0.2264,0.3413,0.1737,0.2122,0.3344,0.1711
19,20240,837,1078,5.09e-05,0.2254,0.2969,0.1763,0.2083,0.2938,0.1722
19,20260,857,1078,5.09e-05,0.2479,0.3793,0.1904,0.2409,0.3616,0.1837
19,20280,877,1078,5.09e-05,0.2476,0.3404,0.1759,0.2466,0.3381,0.175
19,20300,897,1078,5.09e-05,0.2547,0.3344,0.1789,0.2504,0.3354,0.1767
19,20320,917,1078,5.09e-05,0.2025,0.3566,0.1715,0.1959,0.3621,0.1682
19,20340,937,1078,5.09e-05,0.2031,0.3664,0.1854,0.1858,0.3552,0.1827
19,20360,957,1078,5.09e-05,0.233,0.3178,0.1725,0.2161,0.306,0.1663
19,20380,977,1078,5.09e-05,0.223,0.3581,0.1732,0.2174,0.3493,0.1686
19,20400,997,1078,5.09e-05,0.2467,0.3714,0.1799,0.2318,0.368,0.1773
19,20420,1017,1078,5.09e-05,0.2347,0.3112,0.1741,0.233,0.2996,0.1714
19,20440,1037,1078,5.09e-05,0.2184,0.3573,0.1787,0.2132,0.3531,0.1765
19,20460,1057,1078,5.09e-05,0.2371,0.2946,0.1627,0.2294,0.2895,0.1611
19,20480,1077,1078,5.09e-05,0.2532,0.3904,0.184,0.2368,0.3806,0.1798
20,20500,19,1078,4.9e-05,0.2152,0.3614,0.1756,0.2074,0.3471,0.1707
20,20520,39,1078,4.9e-05,0.2502,0.3418,0.1708,0.2237,0.3188,0.1655
20,20540,59,1078,4.9e-05,0.2241,0.3011,0.1826,0.2137,0.2847,0.1752
20,20560,79,1078,4.9e-05,0.2508,0.3918,0.1924,0.2481,0.3794,0.1908
20,20580,99,1078,4.9e-05,0.2303,0.3452,0.1753,0.2216,0.3333,0.1685
20,20600,119,1078,4.9e-05,0.2294,0.3467,0.1816,0.2122,0.3387,0.1766
20,20620,139,1078,4.9e-05,0.2545,0.2876,0.1728,0.2394,0.2763,0.1689
20,20640,159,1078,4.9e-05,0.2007,0.3615,0.1713,0.1854,0.3499,0.1666
20,20660,179,1078,4.9e-05,0.1802,0.2784,0.1578,0.1663,0.2646,0.1546
20,20680,199,1078,4.9e-05,0.2077,0.3047,0.1679,0.1976,0.2996,0.1638
20,20700,219,1078,4.9e-05,0.216,0.2755,0.1624,0.2045,0.2696,0.1597
20,20720,239,1078,4.9e-05,0.2269,0.3204,0.1648,0.2255,0.3225,0.1617
20,20740,259,1078,4.9e-05,0.1903,0.2613,0.1588,0.1624,0.2414,0.1478
20,20760,279,1078,4.9e-05,0.2572,0.3328,0.1726,0.2416,0.3186,0.1716
20,20780,299,1078,4.9e-05,0.1848,0.3219,0.1681,0.1732,0.3212,0.1661
20,20800,319,1078,4.9e-05,0.2284,0.3239,0.1798,0.2211,0.3238,0.1771
20,20820,339,1078,4.9e-05,0.2787,0.3283,0.1769,0.2609,0.3204,0.1737
20,20840,359,1078,4.9e-05,0.2521,0.3721,0.179,0.2316,0.3555,0.1763
20,20860,379,1078,4.9e-05,0.245,0.3409,0.1684,0.2327,0.3298,0.161
20,20880,399,1078,4.9e-05,0.2587,0.3858,0.1898,0.2477,0.3652,0.1852
20,20900,419,1078,4.9e-05,0.2479,0.362,0.1793,0.2315,0.3532,0.1743
20,20920,439,1078,4.9e-05,0.2411,0.3462,0.1801,0.2425,0.335,0.175
20,20940,459,1078,4.9e-05,0.224,0.3436,0.1708,0.2124,0.3323,0.1671
20,20960,479,1078,4.9e-05,0.2123,0.3397,0.1764,0.2107,0.3293,0.1719
20,20980,499,1078,4.9e-05,0.2101,0.3484,0.1732,0.2087,0.3508,0.1716
20,21000,519,1078,4.9e-05,0.2719,0.3213,0.157,0.2632,0.312,0.1535
20,21020,539,1078,4.9e-05,0.2487,0.3554,0.1753,0.243,0.3432,0.1683
20,21040,559,1078,4.9e-05,0.2127,0.3054,0.1622,0.1919,0.2873,0.1531
20,21060,579,1078,4.9e-05,0.2049,0.3155,0.1701,0.1897,0.3224,0.1694
20,21080,599,1078,4.9e-05,0.2165,0.3499,0.1799,0.205,0.3318,0.1737
20,21100,619,1078,4.9e-05,0.2402,0.3036,0.1726,0.2293,0.2985,0.1733
20,21120,639,1078,4.9e-05,0.2286,0.3635,0.182,0.2246,0.3516,0.1825
20,21140,659,1078,4.9e-05,0.2267,0.2798,0.1705,0.2131,0.2828,0.1691
20,21160,679,1078,4.9e-05,0.2808,0.334,0.181,0.2684,0.313,0.1758
20,21180,699,1078,4.9e-05,0.2467,0.3333,0.1751,0.2381,0.3368,0.1725
20,21200,719,1078,4.9e-05,0.2161,0.3416,0.1746,0.2113,0.3199,0.1688
20,21220,739,1078,4.9e-05,0.3043,0.3755,0.1804,0.2945,0.3794,0.18
20,21240,759,1078,4.9e-05,0.247,0.3367,0.1743,0.2346,0.3345,0.1692
20,21260,779,1078,4.9e-05,0.2494,0.3411,0.1808,0.2455,0.3276,0.1758
20,21280,799,1078,4.9e-05,0.2045,0.3095,0.1743,0.2019,0.313,0.1737
20,21300,819,1078,4.9e-05,0.2523,0.3479,0.1748,0.2575,0.3327,0.1694
20,21320,839,1078,4.9e-05,0.266,0.3619,0.1802,0.2558,0.3519,0.1751
20,21340,859,1078,4.9e-05,0.246,0.2946,0.1865,0.2417,0.277,0.1813
20,21360,879,1078,4.9e-05,0.2497,0.4087,0.1801,0.2403,0.3945,0.1766
20,21380,899,1078,4.9e-05,0.2626,0.2869,0.163,0.2391,0.2553,0.153
20,21400,919,1078,4.9e-05,0.2046,0.3638,0.1731,0.1974,0.3626,0.1699
20,21420,939,1078,4.9e-05,0.1951,0.3384,0.1741,0.1808,0.328,0.172
20,21440,959,1078,4.9e-05,0.218,0.3165,0.1753,0.1987,0.2954,0.1704
20,21460,979,1078,4.9e-05,0.2086,0.3465,0.184,0.2008,0.326,0.1767
20,21480,999,1078,4.9e-05,0.1981,0.3833,0.1862,0.1846,0.3638,0.1877
20,21500,1019,1078,4.9e-05,0.2076,0.3911,0.1807,0.1963,0.3813,0.1812
20,21520,1039,1078,4.9e-05,0.2349,0.3685,0.1805,0.2253,0.3638,0.1774
20,21540,1059,1078,4.9e-05,0.2117,0.3346,0.1727,0.2019,0.3377,0.1691
21,21560,1,1078,4.7e-05,0.2266,0.3003,0.1861,0.2285,0.2933,0.1925
21,21580,21,1078,4.7e-05,0.2091,0.2954,0.169,0.2048,0.297,0.1665
21,21600,41,1078,4.7e-05,0.2521,0.3353,0.1781,0.2352,0.3209,0.1744
21,21620,61,1078,4.7e-05,0.1882,0.3261,0.1778,0.1788,0.3204,0.1755
21,21640,81,1078,4.7e-05,0.2772,0.3267,0.1766,0.2535,0.3118,0.1698
21,21660,101,1078,4.7e-05,0.2145,0.3301,0.1783,0.2057,0.3174,0.1763
21,21680,121,1078,4.7e-05,0.2416,0.3727,0.1675,0.2252,0.361,0.1634
21,21700,141,1078,4.7e-05,0.2255,0.2443,0.1561,0.2119,0.2296,0.151
21,21720,161,1078,4.7e-05,0.26,0.3333,0.1672,0.246,0.3298,0.163
21,21740,181,1078,4.7e-05,0.1961,0.3968,0.1777,0.1939,0.3952,0.1774
21,21760,201,1078,4.7e-05,0.2009,0.378,0.1891,0.1888,0.3651,0.1841
21,21780,221,1078,4.7e-05,0.2114,0.3274,0.1634,0.1941,0.3151,0.1591
21,21800,241,1078,4.7e-05,0.2205,0.2503,0.174,0.2103,0.2394,0.1711
21,21820,261,1078,4.7e-05,0.2277,0.3777,0.1766,0.2189,0.3713,0.1733
21,21840,281,1078,4.7e-05,0.1854,0.2826,0.173,0.1788,0.2762,0.1668
21,21860,301,1078,4.7e-05,0.2753,0.2973,0.1663,0.266,0.288,0.1636
21,21880,321,1078,4.7e-05,0.2231,0.3264,0.1738,0.2154,0.3157,0.1671
21,21900,341,1078,4.7e-05,0.2007,0.3272,0.1731,0.1991,0.3123,0.169
21,21920,361,1078,4.7e-05,0.25,0.2917,0.1699,0.2426,0.2875,0.1644
21,21940,381,1078,4.7e-05,0.2533,0.3194,0.1617,0.2495,0.303,0.1568
21,21960,401,1078,4.7e-05,0.2515,0.358,0.1746,0.2257,0.3463,0.1715
21,21980,421,1078,4.7e-05,0.2327,0.3427,0.1676,0.2313,0.3243,0.1646
21,22000,441,1078,4.7e-05,0.1956,0.2834,0.1628,0.1909,0.2779,0.1592
21,22020,461,1078,4.7e-05,0.2453,0.4339,0.1941,0.2375,0.4285,0.1903
21,22040,481,1078,4.7e-05,0.2497,0.3143,0.1752,0.2385,0.2999,0.169
21,22060,501,1078,4.7e-05,0.1959,0.3125,0.1767,0.189,0.2993,0.173
21,22080,521,1078,4.7e-05,0.2232,0.279,0.159,0.2026,0.2619,0.1569
21,22100,541,1078,4.7e-05,0.2013,0.3313,0.1731,0.1908,0.3255,0.171
21,22120,561,1078,4.7e-05,0.2187,0.3442,0.177,0.2153,0.3272,0.1706
21,22140,581,1078,4.7e-05,0.1885,0.2445,0.1482,0.1723,0.2292,0.1427
21,22160,601,1078,4.7e-05,0.2113,0.3354,0.1906,0.2035,0.3314,0.1886
21,22180,621,1078,4.7e-05,0.173,0.2295,0.155,0.1546,0.2247,0.1518
21,22200,641,1078,4.7e-05,0.2464,0.2547,0.1533,0.2263,0.2299,0.1431
21,22220,661,1078,4.7e-05,0.2348,0.3854,0.1858,0.2273,0.3771,0.1802
21,22240,681,1078,4.7e-05,0.2015,0.2762,0.1683,0.1931,0.2759,0.1659
21,22260,701,1078,4.7e-05,0.2711,0.3273,0.1888,0.2581,0.3214,0.1853
21,22280,721,1078,4.7e-05,0.2325,0.3193,0.1629,0.2275,0.3039,0.158
21,22300,741,1078,4.7e-05,0.2068,0.3018,0.1666,0.2016,0.3007,0.1634
21,22320,761,1078,4.7e-05,0.1922,0.3026,0.1846,0.1807,0.2934,0.182
21,22340,781,1078,4.7e-05,0.2091,0.3336,0.1768,0.2033,0.3204,0.1718
21,22360,801,1078,4.7e-05,0.2056,0.3636,0.1708,0.2024,0.3556,0.1677
21,22380,821,1078,4.7e-05,0.221,0.3337,0.1619,0.2141,0.3325,0.158
21,22400,841,1078,4.7e-05,0.2214,0.3247,0.1724,0.2065,0.3184,0.1687
21,22420,861,1078,4.7e-05,0.2089,0.3526,0.1744,0.2075,0.3402,0.1708
21,22440,881,1078,4.7e-05,0.1752,0.3831,0.1802,0.1749,0.373,0.1792
21,22460,901,1078,4.7e-05,0.194,0.2858,0.1618,0.1795,0.2853,0.1619
21,22480,921,1078,4.7e-05,0.2526,0.361,0.1891,0.2418,0.3557,0.1847
21,22500,941,1078,4.7e-05,0.2228,0.3884,0.1839,0.2183,0.3785,0.1817
21,22520,961,1078,4.7e-05,0.198,0.3704,0.18,0.1862,0.3567,0.1757
21,22540,981,1078,4.7e-05,0.2254,0.3157,0.1815,0.2121,0.3139,0.1786
21,22560,1001,1078,4.7e-05,0.1966,0.3375,0.1827,0.182,0.3222,0.1782
21,22580,1021,1078,4.7e-05,0.232,0.3477,0.1867,0.2161,0.3407,0.183
21,22600,1041,1078,4.7e-05,0.228,0.3409,0.1734,0.2099,0.3442,0.171
21,22620,1061,1078,4.7e-05,0.2218,0.3492,0.1835,0.213,0.3384,0.181
22,22640,3,1078,4.5e-05,0.2184,0.3101,0.1686,0.2108,0.2982,0.1658
22,22660,23,1078,4.5e-05,0.1882,0.3212,0.17,0.1757,0.3152,0.1698
22,22680,43,1078,4.5e-05,0.2296,0.3207,0.1778,0.2083,0.3032,0.1724
22,22700,63,1078,4.5e-05,0.2003,0.3602,0.1673,0.1911,0.3514,0.1647
22,22720,83,1078,4.5e-05,0.2495,0.3737,0.1836,0.2452,0.358,0.1815
22,22740,103,1078,4.5e-05,0.2222,0.3327,0.1685,0.209,0.3208,0.1634
22,22760,123,1078,4.5e-05,0.2545,0.3611,0.1687,0.2425,0.3347,0.1603
22,22780,143,1078,4.5e-05,0.2703,0.392,0.1866,0.2622,0.3759,0.1828
22,22800,163,1078,4.5e-05,0.2639,0.4111,0.1952,0.2597,0.4021,0.1938
22,22820,183,1078,4.5e-05,0.1917,0.2493,0.1504,0.1806,0.2427,0.1445
22,22840,203,1078,4.5e-05,0.198,0.3275,0.1722,0.1874,0.3222,0.1701
22,22860,223,1078,4.5e-05,0.2875,0.366,0.2019,0.2784,0.3481,0.1969
22,22880,243,1078,4.5e-05,0.198,0.3279,0.1755,0.1893,0.3181,0.1704
22,22900,263,1078,4.5e-05,0.216,0.3215,0.1693,0.2116,0.3172,0.1679
22,22920,283,1078,4.5e-05,0.2605,0.3989,0.1825,0.2478,0.3937,0.1819
22,22940,303,1078,4.5e-05,0.236,0.2894,0.1721,0.2273,0.2833,0.1715
22,22960,323,1078,4.5e-05,0.1861,0.3348,0.1801,0.171,0.3214,0.1761
22,22980,343,1078,4.5e-05,0.1846,0.3809,0.1678,0.1723,0.3835,0.1659
22,23000,363,1078,4.5e-05,0.2446,0.3477,0.1793,0.2312,0.3441,0.1741
22,23020,383,1078,4.5e-05,0.2595,0.3721,0.1923,0.2542,0.3638,0.1878
22,23040,403,1078,4.5e-05,0.2666,0.311,0.1746,0.2614,0.2945,0.1686
22,23060,423,1078,4.5e-05,0.19,0.3127,0.1798,0.1833,0.2961,0.173
22,23080,443,1078,4.5e-05,0.2585,0.3054,0.168,0.2394,0.2968,0.1657
22,23100,463,1078,4.5e-05,0.202,0.3224,0.1691,0.1877,0.3076,0.1667
22,23120,483,1078,4.5e-05,0.2164,0.3422,0.1787,0.2072,0.3408,0.1761
22,23140,503,1078,4.5e-05,0.2765,0.3536,0.1764,0.262,0.3483,0.1741
22,23160,523,1078,4.5e-05,0.2728,0.3492,0.1735,0.2526,0.324,0.1653
22,23180,543,1078,4.5e-05,0.2533,0.2634,0.1478,0.2337,0.2683,0.1455
22,23200,563,1078,4.5e-05,0.2214,0.3777,0.1767,0.2105,0.3669,0.1765
22,23220,583,1078,4.5e-05,0.2312,0.3697,0.1815,0.2253,0.3546,0.1759
22,23240,603,1078,4.5e-05,0.2234,0.3009,0.1713,0.2156,0.2853,0.1665
22,23260,623,1078,4.5e-05,0.1991,0.3529,0.181,0.1847,0.3263,0.1732
22,23280,643,1078,4.5e-05,0.2276,0.3858,0.1897,0.2155,0.3762,0.1877
22,23300,663,1078,4.5e-05,0.2283,0.3327,0.1885,0.2244,0.3233,0.1857
22,23320,683,1078,4.5e-05,0.2581,0.3741,0.1749,0.2486,0.3712,0.1709
22,23340,703,1078,4.5e-05,0.2085,0.3204,0.1728,0.2037,0.3113,0.1697
22,23360,723,1078,4.5e-05,0.2379,0.3698,0.1788,0.224,0.36,0.1781
22,23380,743,1078,4.5e-05,0.1768,0.2659,0.1544,0.1612,0.2571,0.1511
22,23400,763,1078,4.5e-05,0.2306,0.3115,0.1698,0.2177,0.3289,0.1695
22,23420,783,1078,4.5e-05,0.2892,0.3482,0.1796,0.2785,0.3311,0.1723
22,23440,803,1078,4.5e-05,0.2147,0.2937,0.1573,0.1959,0.2766,0.1526
22,23460,823,1078,4.5e-05,0.2273,0.307,0.1657,0.2199,0.2955,0.1611
22,23480,843,1078,4.5e-05,0.2078,0.3285,0.1855,0.1972,0.3166,0.1825
22,23500,863,1078,4.5e-05,0.2347,0.327,0.1778,0.2128,0.316,0.1747
22,23520,883,1078,4.5e-05,0.2037,0.3239,0.17,0.1993,0.316,0.1645
22,23540,903,1078,4.5e-05,0.2301,0.3387,0.1746,0.2193,0.3132,0.1682
22,23560,923,1078,4.5e-05,0.2527,0.3251,0.1884,0.2463,0.3282,0.1884
22,23580,943,1078,4.5e-05,0.2053,0.3427,0.1758,0.1878,0.3313,0.1704
22,23600,963,1078,4.5e-05,0.1981,0.326,0.1674,0.1859,0.3183,0.1656
22,23620,983,1078,4.5e-05,0.2279,0.3814,0.1807,0.2243,0.3705,0.1757
22,23640,1003,1078,4.5e-05,0.1917,0.3712,0.183,0.1977,0.35,0.176
22,23660,1023,1078,4.5e-05,0.3099,0.3244,0.1803,0.3031,0.3246,0.1789
22,23680,1043,1078,4.5e-05,0.2213,0.3773,0.1905,0.2189,0.3651,0.1868
22,23700,1063,1078,4.5e-05,0.2258,0.3672,0.1747,0.2143,0.3499,0.169
23,23720,5,1078,4.3e-05,0.2579,0.3611,0.1874,0.2475,0.3415,0.1805
23,23740,25,1078,4.3e-05,0.2321,0.3677,0.1861,0.2307,0.3552,0.1829
23,23760,45,1078,4.3e-05,0.2541,0.3113,0.1763,0.2375,0.3123,0.1754
23,23780,65,1078,4.3e-05,0.205,0.3293,0.171,0.204,0.3237,0.1679
23,23800,85,1078,4.3e-05,0.2584,0.2929,0.1646,0.2293,0.2839,0.1608
23,23820,105,1078,4.3e-05,0.2739,0.3498,0.1875,0.2458,0.3432,0.1838
23,23840,125,1078,4.3e-05,0.2429,0.3495,0.1652,0.2361,0.3299,0.162
23,23860,145,1078,4.3e-05,0.2007,0.2892,0.1634,0.1922,0.2786,0.1601
23,23880,165,1078,4.3e-05,0.2304,0.3097,0.1757,0.2213,0.2938,0.174
23,23900,185,1078,4.3e-05,0.2301,0.304,0.1595,0.2137,0.3007,0.1581
23,23920,205,1078,4.3e-05,0.2369,0.3494,0.1827,0.2372,0.3298,0.1758
23,23940,225,1078,4.3e-05,0.2324,0.354,0.1932,0.2165,0.3344,0.1849
23,23960,245,1078,4.3e-05,0.2591,0.3642,0.194,0.252,0.3557,0.188
23,23980,265,1078,4.3e-05,0.2727,0.3222,0.1832,0.2528,0.3132,0.1783
23,24000,285,1078,4.3e-05,0.1823,0.3317,0.1706,0.1668,0.3181,0.1677
23,24020,305,1078,4.3e-05,0.236,0.3374,0.1784,0.2188,0.3317,0.1774
23,24040,325,1078,4.3e-05,0.2397,0.3607,0.1841,0.2415,0.3485,0.1823
23,24060,345,1078,4.3e-05,0.2171,0.2926,0.1678,0.206,0.2929,0.1662
23,24080,365,1078,4.3e-05,0.1961,0.2776,0.1625,0.1868,0.2793,0.1622
23,24100,385,1078,4.3e-05,0.2624,0.3945,0.1855,0.2659,0.3915,0.1808
23,24120,405,1078,4.3e-05,0.1937,0.3617,0.1747,0.1884,0.3636,0.1768
23,24140,425,1078,4.3e-05,0.2144,0.322,0.1647,0.2114,0.3158,0.1615
23,24160,445,1078,4.3e-05,0.2026,0.2708,0.1675,0.1962,0.2479,0.1639
23,24180,465,1078,4.3e-05,0.2404,0.3377,0.1637,0.2365,0.3099,0.1571
23,24200,485,1078,4.3e-05,0.2141,0.3244,0.1584,0.1993,0.319,0.1546
23,24220,505,1078,4.3e-05,0.2332,0.3266,0.1786,0.2274,0.3141,0.1725
23,24240,525,1078,4.3e-05,0.2092,0.3022,0.1766,0.1933,0.2916,0.1696
23,24260,545,1078,4.3e-05,0.2591,0.4035,0.1925,0.2479,0.3845,0.1886
23,24280,565,1078,4.3e-05,0.2089,0.3416,0.1784,0.207,0.3331,0.1753
23,24300,585,1078,4.3e-05,0.2678,0.3016,0.1792,0.2509,0.3015,0.1761
23,24320,605,1078,4.3e-05,0.21,0.3853,0.1959,0.2055,0.3779,0.1922
23,24340,625,1078,4.3e-05,0.2073,0.346,0.1788,0.1995,0.3374,0.1762
23,24360,645,1078,4.3e-05,0.2601,0.3911,0.1822,0.2451,0.3836,0.1806
23,24380,665,1078,4.3e-05,0.2368,0.3091,0.1735,0.2264,0.3063,0.1693
23,24400,685,1078,4.3e-05,0.1904,0.2978,0.1624,0.1741,0.288,0.1582
23,24420,705,1078,4.3e-05,0.2277,0.3227,0.184,0.2238,0.3148,0.1825
23,24440,725,1078,4.3e-05,0.2032,0.37,0.1791,0.1934,0.3693,0.1752
23,24460,745,1078,4.3e-05,0.2316,0.2795,0.168,0.2149,0.2699,0.1638
23,24480,765,1078,4.3e-05,0.1899,0.3388,0.1753,0.1842,0.3226,0.1698
23,24500,785,1078,4.3e-05,0.2146,0.3543,0.1663,0.2103,0.3342,0.1608
23,24520,805,1078,4.3e-05,0.2628,0.3692,0.1755,0.2586,0.3676,0.1719
23,24540,825,1078,4.3e-05,0.2143,0.2747,0.1671,0.2075,0.2677,0.1648
23,24560,845,1078,4.3e-05,0.2317,0.3226,0.1609,0.2108,0.3158,0.1567
23,24580,865,1078,4.3e-05,0.2748,0.3272,0.1764,0.2603,0.321,0.1736
23,24600,885,1078,4.3e-05,0.2154,0.3008,0.1587,0.1934,0.2904,0.1563
23,24620,905,1078,4.3e-05,0.2531,0.2841,0.1487,0.2525,0.2778,0.1472
23,24640,925,1078,4.3e-05,0.2599,0.3362,0.189,0.2473,0.3211,0.1826
23,24660,945,1078,4.3e-05,0.2271,0.2839,0.1641,0.2195,0.2738,0.1599
23,24680,965,1078,4.3e-05,0.2355,0.3012,0.1714,0.2344,0.294,0.1695
23,24700,985,1078,4.3e-05,0.2482,0.369,0.1827,0.2326,0.3623,0.1803
23,24720,1005,1078,4.3e-05,0.2448,0.2975,0.1639,0.2306,0.2915,0.1596
23,24740,1025,1078,4.3e-05,0.226,0.328,0.1757,0.2141,0.3164,0.169
23,24760,1045,1078,4.3e-05,0.2472,0.338,0.1837,0.2364,0.3342,0.1809
23,24780,1065,1078,4.3e-05,0.2124,0.3345,0.1836,0.1992,0.3009,0.1738
24,24800,7,1078,4.09e-05,0.2002,0.3465,0.1782,0.1783,0.3413,0.1791
24,24820,27,1078,4.09e-05,0.2288,0.321,0.167,0.2256,0.3063,0.1627
24,24840,47,1078,4.09e-05,0.2864,0.4123,0.1869,0.2691,0.3961,0.181
24,24860,67,1078,4.09e-05,0.2052,0.3391,0.1808,0.2005,0.3329,0.1782
24,24880,87,1078,4.09e-05,0.26,0.3185,0.1734,0.2536,0.311,0.1707
24,24900,107,1078,4.09e-05,0.2378,0.304,0.1678,0.2165,0.304,0.1661
24,24920,127,1078,4.09e-05,0.2239,0.3503,0.1729,0.2132,0.3282,0.166
24,24940,147,1078,4.09e-05,0.2186,0.3307,0.1696,0.2088,0.3283,0.1678
24,24960,167,1078,4.09e-05,0.2431,0.3373,0.1766,0.2399,0.3326,0.1695
24,24980,187,1078,4.09e-05,0.1875,0.2739,0.1645,0.1856,0.2637,0.1614
24,25000,207,1078,4.09e-05,0.2223,0.309,0.1705,0.2069,0.2971,0.1674
24,25020,227,1078,4.09e-05,0.2384,0.3141,0.1682,0.2235,0.3119,0.1662
24,25040,247,1078,4.09e-05,0.1922,0.3106,0.1692,0.1731,0.3088,0.1694
24,25060,267,1078,4.09e-05,0.2321,0.3505,0.1769,0.2157,0.328,0.1695
24,25080,287,1078,4.09e-05,0.239,0.3912,0.1848,0.2311,0.3766,0.178
24,25100,307,1078,4.09e-05,0.2146,0.3234,0.1738,0.2046,0.3096,0.1692
24,25120,327,1078,4.09e-05,0.2315,0.3689,0.1862,0.2182,0.3617,0.1835
24,25140,347,1078,4.09e-05,0.2287,0.3537,0.1825,0.2172,0.3421,0.1822
24,25160,367,1078,4.09e-05,0.2103,0.3179,0.1678,0.1915,0.3036,0.1639
24,25180,387,1078,4.09e-05,0.2604,0.3175,0.1741,0.233,0.3199,0.1729
24,25200,407,1078,4.09e-05,0.2565,0.3198,0.1736,0.2369,0.3086,0.1649
24,25220,427,1078,4.09e-05,0.1836,0.31,0.1723,0.1742,0.2998,0.1694
24,25240,447,1078,4.09e-05,0.2285,0.2579,0.1616,0.2161,0.2535,0.1602
24,25260,467,1078,4.09e-05,0.3347,0.3437,0.1822,0.3039,0.3247,0.1778
24,25280,487,1078,4.09e-05,0.2547,0.4572,0.2011,0.2499,0.453,0.1999
24,25300,507,1078,4.09e-05,0.2127,0.3413,0.1706,0.1926,0.3288,0.1656
24,25320,527,1078,4.09e-05,0.2275,0.4187,0.1918,0.23,0.4067,0.1862
24,25340,547,1078,4.09e-05,0.2375,0.293,0.1716,0.2291,0.2813,0.1657
24,25360,567,1078,4.09e-05,0.1955,0.31,0.1643,0.1936,0.3067,0.1624
24,25380,587,1078,4.09e-05,0.2169,0.3639,0.1871,0.2177,0.3476,0.181
24,25400,607,1078,4.09e-05,0.3664,0.2915,0.166,0.3627,0.2698,0.1588
24,25420,627,1078,4.09e-05,0.2757,0.3416,0.1838,0.2668,0.3297,0.1806
24,25440,647,1078,4.09e-05,0.2201,0.3274,0.1749,0.2202,0.3185,0.1718
24,25460,667,1078,4.09e-05,0.2107,0.3296,0.1777,0.2019,0.3131,0.1726
24,25480,687,1078,4.09e-05,0.235,0.3288,0.1781,0.2241,0.3149,0.172
24,25500,707,1078,4.09e-05,0.2169,0.3658,0.1753,0.2215,0.3647,0.1725
24,25520,727,1078,4.09e-05,0.2298,0.3474,0.1699,0.2174,0.3324,0.165
24,25540,747,1078,4.09e-05,0.229,0.2969,0.1747,0.2087,0.2838,0.1705
24,25560,767,1078,4.09e-05,0.275,0.3109,0.1677,0.2575,0.3019,0.1644
24,25580,787,1078,4.09e-05,0.2233,0.3889,0.1824,0.2087,0.3769,0.1766
24,25600,807,1078,4.09e-05,0.2524,0.3332,0.1766,0.239,0.319,0.1721
24,25620,827,1078,4.09e-05,0.2475,0.3148,0.162,0.2496,0.3083,0.1588
24,25640,847,1078,4.09e-05,0.2387,0.3548,0.1773,0.2356,0.3463,0.1729
24,25660,867,1078,4.09e-05,0.2504,0.3712,0.1935,0.2409,0.365,0.1906
24,25680,887,1078,4.09e-05,0.2348,0.395,0.1893,0.2309,0.3815,0.1867
24,25700,907,1078,4.09e-05,0.2417,0.3595,0.1686,0.2329,0.3459,0.1655
24,25720,927,1078,4.09e-05,0.1923,0.3023,0.1667,0.1807,0.3014,0.1665
24,25740,947,1078,4.09e-05,0.2616,0.3554,0.1746,0.2584,0.3513,0.173
24,25760,967,1078,4.09e-05,0.2218,0.3203,0.183,0.2075,0.3143,0.1809
24,25780,987,1078,4.09e-05,0.2016,0.3366,0.1819,0.1866,0.3255,0.1775
24,25800,1007,1078,4.09e-05,0.2096,0.3191,0.1608,0.2169,0.2939,0.1562
24,25820,1027,1078,4.09e-05,0.2383,0.3701,0.1822,0.2415,0.3613,0.1806
24,25840,1047,1078,4.09e-05,0.2328,0.435,0.188,0.2299,0.4217,0.1856
24,25860,1067,1078,4.09e-05,0.2308,0.3015,0.1686,0.2128,0.3025,0.1649
25,25880,9,1078,3.88e-05,0.1723,0.351,0.1652,0.1634,0.3362,0.1603
25,25900,29,1078,3.88e-05,0.2204,0.3052,0.1778,0.212,0.2925,0.1726
25,25920,49,1078,3.88e-05,0.2091,0.3051,0.1677,0.1914,0.2963,0.1634
25,25940,69,1078,3.88e-05,0.2565,0.3324,0.1669,0.2604,0.3202,0.1594
25,25960,89,1078,3.88e-05,0.213,0.334,0.1806,0.2074,0.3187,0.1761
25,25980,109,1078,3.88e-05,0.2326,0.3037,0.1727,0.218,0.2807,0.167
25,26000,129,1078,3.88e-05,0.1827,0.3148,0.1665,0.1706,0.3045,0.1622
25,26020,149,1078,3.88e-05,0.1979,0.2635,0.1598,0.1846,0.269,0.1585
25,26040,169,1078,3.88e-05,0.2024,0.3044,0.1702,0.1959,0.2984,0.1651
25,26060,189,1078,3.88e-05,0.1925,0.2933,0.1653,0.1754,0.2832,0.1624
25,26080,209,1078,3.88e-05,0.2225,0.3625,0.1897,0.2189,0.3578,0.188
25,26100,229,1078,3.88e-05,0.2277,0.304,0.1613,0.2138,0.298,0.1577
25,26120,249,1078,3.88e-05,0.2211,0.3576,0.1822,0.2155,0.3549,0.1812
25,26140,269,1078,3.88e-05,0.2109,0.3545,0.1812,0.2035,0.3408,0.1759
25,26160,289,1078,3.88e-05,0.1953,0.3281,0.1691,0.1871,0.3114,0.1644
25,26180,309,1078,3.88e-05,0.1514,0.3153,0.1705,0.138,0.3058,0.1675
25,26200,329,1078,3.88e-05,0.1798,0.3084,0.1623,0.1627,0.2955,0.1585
25,26220,349,1078,3.88e-05,0.1939,0.3364,0.173,0.1886,0.3238,0.1688
25,26240,369,1078,3.88e-05,0.2664,0.299,0.1726,0.2526,0.2862,0.168
25,26260,389,1078,3.88e-05,0.2137,0.3938,0.1861,0.2093,0.3828,0.1801
25,26280,409,1078,3.88e-05,0.2288,0.3251,0.1749,0.2155,0.3073,0.1687
25,26300,429,1078,3.88e-05,0.2178,0.3473,0.1671,0.2156,0.3361,0.1628
25,26320,449,1078,3.88e-05,0.2057,0.3354,0.1686,0.1923,0.3353,0.1696
25,26340,469,1078,3.88e-05,0.2073,0.3561,0.1757,0.1962,0.361,0.1736
25,26360,489,1078,3.88e-05,0.2445,0.3316,0.1685,0.229,0.3279,0.1649
25,26380,509,1078,3.88e-05,0.2079,0.3046,0.1802,0.1879,0.2965,0.1744
25,26400,529,1078,3.88e-05,0.2082,0.3103,0.1737,0.1959,0.3025,0.1702
25,26420,549,1078,3.88e-05,0.2485,0.362,0.1834,0.2427,0.351,0.1803
25,26440,569,1078,3.88e-05,0.2071,0.2384,0.1442,0.1869,0.2278,0.1411
25,26460,589,1078,3.88e-05,0.2128,0.3067,0.1653,0.2012,0.2968,0.1592
25,26480,609,1078,3.88e-05,0.1926,0.2882,0.1688,0.1798,0.2864,0.1659
25,26500,629,1078,3.88e-05,0.2042,0.2947,0.1636,0.193,0.2874,0.1602
25,26520,649,1078,3.88e-05,0.246,0.3053,0.1764,0.237,0.3092,0.1762
25,26540,669,1078,3.88e-05,0.2557,0.2908,0.1695,0.2463,0.2868,0.168
25,26560,689,1078,3.88e-05,0.2574,0.3416,0.1873,0.2549,0.336,0.1851
25,26580,709,1078,3.88e-05,0.2324,0.3581,0.1857,0.2151,0.3515,0.183
25,26600,729,1078,3.88e-05,0.2495,0.3329,0.1719,0.2405,0.3218,0.1699
25,26620,749,1078,3.88e-05,0.2732,0.3018,0.185,0.2659,0.2861,0.1852
25,26640,769,1078,3.88e-05,0.1907,0.3152,0.1678,0.1808,0.304,0.1633
25,26660,789,1078,3.88e-05,0.2409,0.2942,0.1557,0.2172,0.2896,0.1525
25,26680,809,1078,3.88e-05,0.2299,0.2704,0.1635,0.223,0.2606,0.1582
25,26700,829,1078,3.88e-05,0.2223,0.3444,0.1778,0.2059,0.329,0.1727
25,26720,849,1078,3.88e-05,0.2397,0.3089,0.1693,0.2239,0.2866,0.1634
25,26740,869,1078,3.88e-05,0.241,0.3275,0.1841,0.2253,0.3077,0.1768
25,26760,889,1078,3.88e-05,0.2377,0.319,0.177,0.2341,0.3152,0.1733
25,26780,909,1078,3.88e-05,0.1871,0.3549,0.178,0.175,0.3475,0.1754
25,26800,929,1078,3.88e-05,0.2113,0.3391,0.1728,0.1901,0.3155,0.1643
25,26820,949,1078,3.88e-05,0.2502,0.3602,0.1766,0.2362,0.3555,0.1735
25,26840,969,1078,3.88e-05,0.2718,0.3018,0.1633,0.2527,0.2998,0.1606
25,26860,989,1078,3.88e-05,0.1975,0.305,0.1669,0.192,0.292,0.1615
25,26880,1009,1078,3.88e-05,0.2415,0.2891,0.1729,0.2351,0.2894,0.1699
25,26900,1029,1078,3.88e-05,0.2512,0.3507,0.1733,0.2425,0.354,0.1693
25,26920,1049,1078,3.88e-05,0.211,0.3602,0.1803,0.2009,0.3543,0.18
25,26940,1069,1078,3.88e-05,0.2005,0.3035,0.1653,0.1879,0.3052,0.1661
26,26960,11,1078,3.67e-05,0.2464,0.3233,0.1789,0.2356,0.3153,0.1749
26,26980,31,1078,3.67e-05,0.2098,0.3159,0.1702,0.1988,0.3093,0.1654
26,27000,51,1078,3.67e-05,0.2086,0.3508,0.1823,0.2063,0.3518,0.1812
26,27020,71,1078,3.67e-05,0.211,0.3197,0.1752,0.1935,0.3049,0.1748
26,27040,91,1078,3.67e-05,0.2125,0.3789,0.1901,0.2012,0.3582,0.1817
26,27060,111,1078,3.67e-05,0.2445,0.3188,0.1723,0.231,0.303,0.1653
26,27080,131,1078,3.67e-05,0.2395,0.3259,0.1748,0.2185,0.3209,0.169
26,27100,151,1078,3.67e-05,0.203,0.2607,0.1579,0.1907,0.2544,0.1527
26,27120,171,1078,3.67e-05,0.2187,0.3518,0.18,0.2106,0.3365,0.1768
26,27140,191,1078,3.67e-05,0.2651,0.3373,0.1896,0.2633,0.3192,0.1855
26,27160,211,1078,3.67e-05,0.2142,0.4184,0.1759,0.2085,0.4047,0.1723
26,27180,231,1078,3.67e-05,0.196,0.4178,0.1834,0.1887,0.4066,0.1798
26,27200,251,1078,3.67e-05,0.2294,0.3206,0.1525,0.2214,0.3043,0.1464
26,27220,271,1078,3.67e-05,0.2096,0.3538,0.1863,0.1994,0.3327,0.1804
26,27240,291,1078,3.67e-05,0.227,0.3666,0.1856,0.2246,0.3689,0.186
26,27260,311,1078,3.67e-05,0.2198,0.3021,0.1741,0.2052,0.2908,0.1701
26,27280,331,1078,3.67e-05,0.2454,0.3174,0.1797,0.2329,0.2983,0.1753
26,27300,351,1078,3.67e-05,0.253,0.3823,0.1934,0.2295,0.3614,0.192
26,27320,371,1078,3.67e-05,0.2021,0.2865,0.1739,0.1905,0.2755,0.1675
26,27340,391,1078,3.67e-05,0.2393,0.3228,0.1887,0.2239,0.3094,0.1838
26,27360,411,1078,3.67e-05,0.2047,0.3816,0.166,0.1951,0.3629,0.1607
26,27380,431,1078,3.67e-05,0.2109,0.3248,0.1642,0.2056,0.3161,0.1617
26,27400,451,1078,3.67e-05,0.232,0.3658,0.182,0.2279,0.3509,0.1777
26,27420,471,1078,3.67e-05,0.1904,0.2863,0.1805,0.1754,0.2828,0.1784
26,27440,491,1078,3.67e-05,0.1896,0.3136,0.1772,0.18,0.2948,0.1716
26,27460,511,1078,3.67e-05,0.2257,0.2799,0.1541,0.2119,0.2592,0.146
26,27480,531,1078,3.67e-05,0.2684,0.345,0.1613,0.241,0.3204,0.1561
26,27500,551,1078,3.67e-05,0.1873,0.3012,0.1714,0.1743,0.3005,0.1681
26,27520,571,1078,3.67e-05,0.2776,0.373,0.1796,0.263,0.366,0.1766
26,27540,591,1078,3.67e-05,0.2344,0.3345,0.1808,0.2302,0.3262,0.1777
26,27560,611,1078,3.67e-05,0.2733,0.3245,0.1703,0.2587,0.3136,0.1666
26,27580,631,1078,3.67e-05,0.2069,0.3156,0.1837,0.1877,0.3053,0.179
26,27600,651,1078,3.67e-05,0.2492,0.3207,0.1736,0.2439,0.3094,0.168
26,27620,671,1078,3.67e-05,0.2,0.3135,0.1755,0.1894,0.3022,0.1726
26,27640,691,1078,3.67e-05,0.2251,0.3752,0.1801,0.2195,0.3689,0.1774
26,27660,711,1078,3.67e-05,0.2298,0.2812,0.1772,0.2087,0.286,0.1773
26,27680,731,1078,3.67e-05,0.3086,0.3957,0.1814,0.299,0.3756,0.1731
26,27700,751,1078,3.67e-05,0.2377,0.3675,0.1797,0.2212,0.3596,0.1781
26,27720,771,1078,3.67e-05,0.1888,0.3167,0.1629,0.1776,0.3043,0.1608
26,27740,791,1078,3.67e-05,0.2594,0.3219,0.1733,0.2462,0.3127,0.1705
26,27760,811,1078,3.67e-05,0.2439,0.3543,0.1864,0.2317,0.3397,0.1835
26,27780,831,1078,3.67e-05,0.163,0.325,0.1674,0.1562,0.319,0.1654
26,27800,851,1078,3.67e-05,0.2322,0.3257,0.1774,0.2207,0.324,0.1759
26,27820,871,1078,3.67e-05,0.1959,0.3482,0.1751,0.1829,0.3496,0.1729
26,27840,891,1078,3.67e-05,0.2194,0.3166,0.1729,0.1994,0.2889,0.1656
26,27860,911,1078,3.67e-05,0.2361,0.4128,0.1998,0.2238,0.3849,0.1929
26,27880,931,1078,3.67e-05,0.24,0.3372,0.1843,0.2388,0.3179,0.1799
26,27900,951,1078,3.67e-05,0.2181,0.3289,0.1779,0.2021,0.3086,0.1715
26,27920,971,1078,3.67e-05,0.2085,0.3171,0.1781,0.1954,0.305,0.1737
26,27940,991,1078,3.67e-05,0.205,0.3206,0.1694,0.1838,0.3075,0.1649
26,27960,1011,1078,3.67e-05,0.2975,0.3623,0.2147,0.2709,0.3435,0.2122
26,27980,1031,1078,3.67e-05,0.3009,0.3282,0.1767,0.2713,0.3137,0.1758
26,28000,1051,1078,3.67e-05,0.2215,0.3354,0.1851,0.2028,0.3185,0.178
26,28020,1071,1078,3.67e-05,0.1927,0.2692,0.1577,0.1727,0.2507,0.1522
27,28040,13,1078,3.47e-05,0.2152,0.3438,0.173,0.1904,0.3289,0.1694
27,28060,33,1078,3.47e-05,0.2005,0.2876,0.1681,0.1902,0.2779,0.1642
27,28080,53,1078,3.47e-05,0.2439,0.324,0.1745,0.2341,0.3134,0.1703
27,28100,73,1078,3.47e-05,0.2252,0.3098,0.1653,0.2171,0.2946,0.162
27,28120,93,1078,3.47e-05,0.232,0.2645,0.1729,0.2231,0.2523,0.169
27,28140,113,1078,3.47e-05,0.1925,0.2999,0.1738,0.185,0.2942,0.1718
27,28160,133,1078,3.47e-05,0.1682,0.3045,0.1707,0.1579,0.2904,0.1666
27,28180,153,1078,3.47e-05,0.2275,0.282,0.1604,0.2013,0.2738,0.1546
27,28200,173,1078,3.47e-05,0.2386,0.3545,0.1842,0.2252,0.3426,0.1797
27,28220,193,1078,3.47e-05,0.2406,0.3323,0.1815,0.2325,0.3186,0.174
27,28240,213,1078,3.47e-05,0.2334,0.3367,0.1774,0.2215,0.3335,0.1743
27,28260,233,1078,3.47e-05,0.2106,0.3544,0.1753,0.1929,0.3523,0.1753
27,28280,253,1078,3.47e-05,0.2504,0.3969,0.1901,0.2385,0.3848,0.1869
27,28300,273,1078,3.47e-05,0.2619,0.3158,0.1724,0.2408,0.3169,0.1715
27,28320,293,1078,3.47e-05,0.2459,0.375,0.1869,0.2457,0.3653,0.1844
27,28340,313,1078,3.47e-05,0.196,0.3392,0.1797,0.1777,0.3171,0.1742
27,28360,333,1078,3.47e-05,0.1875,0.3735,0.1825,0.1811,0.3552,0.1805
27,28380,353,1078,3.47e-05,0.2322,0.2839,0.1716,0.2089,0.2907,0.173
27,28400,373,1078,3.47e-05,0.2281,0.3721,0.1745,0.2256,0.3656,0.1697
27,28420,393,1078,3.47e-05,0.2251,0.3613,0.1853,0.207,0.3461,0.1792
27,28440,413,1078,3.47e-05,0.2024,0.4073,0.1841,0.1956,0.3884,0.1787
27,28460,433,1078,3.47e-05,0.2617,0.311,0.1731,0.2602,0.2976,0.1697
27,28480,453,1078,3.47e-05,0.2195,0.3433,0.1749,0.2122,0.3411,0.1714
27,28500,473,1078,3.47e-05,0.2124,0.3766,0.1693,0.1942,0.3536,0.165
27,28520,493,1078,3.47e-05,0.2479,0.3381,0.1804,0.2362,0.3301,0.1773
27,28540,513,1078,3.47e-05,0.1718,0.2571,0.1576,0.1543,0.261,0.1545
27,28560,533,1078,3.47e-05,0.2118,0.385,0.1768,0.2044,0.3728,0.1726
27,28580,553,1078,3.47e-05,0.2584,0.3176,0.1611,0.2409,0.293,0.1571
27,28600,573,1078,3.47e-05,0.2982,0.3604,0.1895,0.2846,0.3488,0.1819
27,28620,593,1078,3.47e-05,0.3143,0.3026,0.1651,0.2936,0.2894,0.1608
27,28640,613,1078,3.47e-05,0.1763,0.3189,0.1593,0.1712,0.3174,0.1553
27,28660,633,1078,3.47e-05,0.2156,0.3669,0.1791,0.2036,0.3589,0.1743
27,28680,653,1078,3.47e-05,0.2144,0.2958,0.1576,0.2097,0.2961,0.1547
27,28700,673,1078,3.47e-05,0.1731,0.2691,0.1528,0.1608,0.267,0.1522
27,28720,693,1078,3.47e-05,0.2179,0.2898,0.1712,0.2074,0.279,0.169
27,28740,713,1078,3.47e-05,0.2043,0.2938,0.1659,0.1917,0.2838,0.1639
27,28760,733,1078,3.47e-05,0.2244,0.2814,0.1594,0.2104,0.2777,0.1561
27,28780,753,1078,3.47e-05,0.2319,0.2998,0.1679,0.2151,0.291,0.1661
27,28800,773,1078,3.47e-05,0.2333,0.3256,0.1782,0.2201,0.3078,0.1722
27,28820,793,1078,3.47e-05,0.2238,0.2229,0.1512,0.1981,0.2255,0.15
27,28840,813,1078,3.47e-05,0.2358,0.3545,0.1819,0.2262,0.3377,0.1773
27,28860,833,1078,3.47e-05,0.2335,0.3253,0.177,0.2174,0.3125,0.1717
27,28880,853,1078,3.47e-05,0.2314,0.3209,0.1731,0.2178,0.3028,0.1682
27,28900,873,1078,3.47e-05,0.1889,0.3647,0.1639,0.1777,0.3509,0.1589
27,28920,893,1078,3.47e-05,0.2029,0.2895,0.1704,0.2,0.2796,0.1657
27,28940,913,1078,3.47e-05,0.2193,0.4161,0.1901,0.2197,0.4042,0.1844
27,28960,933,1078,3.47e-05,0.2223,0.3659,0.1837,0.2196,0.3596,0.1827
27,28980,953,1078,3.47e-05,0.2255,0.3445,0.1783,0.2082,0.3336,0.1766
27,29000,973,1078,3.47e-05,0.2403,0.2679,0.1688,0.2285,0.2687,0.1632
27,29020,993,1078,3.47e-05,0.2424,0.3502,0.1797,0.2276,0.3304,0.1734
27,29040,1013,1078,3.47e-05,0.1746,0.3137,0.169,0.1656,0.2959,0.164
27,29060,1033,1078,3.47e-05,0.2831,0.3454,0.1772,0.2759,0.3377,0.1721
27,29080,1053,1078,3.47e-05,0.1947,0.3276,0.1706,0.181,0.318,0.1685
27,29100,1073,1078,3.47e-05,0.2395,0.3056,0.1674,0.2297,0.2912,0.1618
28,29120,15,1078,3.26e-05,0.2107,0.2898,0.1664,0.195,0.2812,0.1617
28,29140,35,1078,3.26e-05,0.2343,0.2976,0.1573,0.2189,0.2937,0.155
28,29160,55,1078,3.26e-05,0.2018,0.2941,0.1616,0.198,0.2802,0.1589
28,29180,75,1078,3.26e-05,0.2059,0.299,0.1618,0.1864,0.292,0.1622
28,29200,95,1078,3.26e-05,0.2163,0.3305,0.1697,0.1963,0.317,0.1657
28,29220,115,1078,3.26e-05,0.2105,0.3066,0.1732,0.1947,0.309,0.1715
28,29240,135,1078,3.26e-05,0.2436,0.2801,0.1613,0.2173,0.2738,0.1553
28,29260,155,1078,3.26e-05,0.2039,0.3491,0.1683,0.1857,0.3356,0.1623
28,29280,175,1078,3.26e-05,0.1893,0.3187,0.1522,0.1943,0.334,0.1521
28,29300,195,1078,3.26e-05,0.2225,0.3386,0.177,0.2169,0.3242,0.171
28,29320,215,1078,3.26e-05,0.1771,0.3243,0.1779,0.1659,0.3086,0.174
28,29340,235,1078,3.26e-05,0.2047,0.3603,0.1882,0.194,0.3472,0.1854
28,29360,255,1078,3.26e-05,0.2374,0.3451,0.1842,0.2173,0.3391,0.1828
28,29380,275,1078,3.26e-05,0.2822,0.3411,0.1818,0.2735,0.3309,0.1793
28,29400,295,1078,3.26e-05,0.2115,0.3056,0.1787,0.199,0.303,0.1732
28,29420,315,1078,3.26e-05,0.201,0.3564,0.1853,0.1929,0.3493,0.1814
28,29440,335,1078,3.26e-05,0.1933,0.2687,0.16,0.1736,0.2607,0.1585
28,29460,355,1078,3.26e-05,0.2102,0.3613,0.1771,0.1964,0.3407,0.1702
28,29480,375,1078,3.26e-05,0.2312,0.3166,0.1752,0.213,0.3142,0.1716
28,29500,395,1078,3.26e-05,0.2408,0.3639,0.1794,0.2306,0.3448,0.1738
28,29520,415,1078,3.26e-05,0.1957,0.3434,0.1823,0.1778,0.3381,0.1782
28,29540,435,1078,3.26e-05,0.1933,0.3603,0.1819,0.1743,0.3469,0.1803
28,29560,455,1078,3.26e-05,0.2013,0.2723,0.1545,0.1939,0.2666,0.1499
28,29580,475,1078,3.26e-05,0.2399,0.3247,0.168,0.2286,0.3193,0.1636
28,29600,495,1078,3.26e-05,0.1982,0.2734,0.1632,0.1886,0.2627,0.1586
28,29620,515,1078,3.26e-05,0.2502,0.2704,0.1614,0.2428,0.2662,0.1593
28,29640,535,1078,3.26e-05,0.2051,0.3079,0.1728,0.1952,0.2998,0.1674
28,29660,555,1078,3.26e-05,0.2308,0.3466,0.165,0.2005,0.3251,0.1601
28,29680,575,1078,3.26e-05,0.2183,0.2721,0.1613,0.2067,0.2546,0.1593
28,29700,595,1078,3.26e-05,0.2257,0.2723,0.1452,0.2138,0.24,0.1365
28,29720,615,1078,3.26e-05,0.2366,0.3278,0.1761,0.2238,0.3259,0.1742
28,29740,635,1078,3.26e-05,0.2493,0.3969,0.2008,0.2362,0.3853,0.1963
28,29760,655,1078,3.26e-05,0.2493,0.3502,0.1828,0.2246,0.3419,0.1777
28,29780,675,1078,3.26e-05,0.1976,0.303,0.1587,0.1788,0.2967,0.1552
28,29800,695,1078,3.26e-05,0.2445,0.2833,0.1559,0.2315,0.2722,0.1519
28,29820,715,1078,3.26e-05,0.2449,0.3626,0.187,0.2387,0.3533,0.1811
28,29840,735,1078,3.26e-05,0.2341,0.356,0.1687,0.2281,0.3379,0.1632
28,29860,755,1078,3.26e-05,0.2594,0.3967,0.184,0.2455,0.3801,0.1761
28,29880,775,1078,3.26e-05,0.2108,0.3572,0.1669,0.1962,0.3508,0.1628
28,29900,795,1078,3.26e-05,0.1989,0.2404,0.164,0.1842,0.2256,0.1597
28,29920,815,1078,3.26e-05,0.2204,0.27,0.1709,0.2048,0.2635,0.169
28,29940,835,1078,3.26e-05,0.218,0.3425,0.1869,0.2117,0.3395,0.1858
28,29960,855,1078,3.26e-05,0.2518,0.4168,0.1851,0.2406,0.4034,0.1824
28,29980,875,1078,3.26e-05,0.2145,0.3592,0.1788,0.2062,0.356,0.177
28,30000,895,1078,3.26e-05,0.2546,0.3583,0.1733,0.252,0.3418,0.1674
28,30020,915,1078,3.26e-05,0.2111,0.3536,0.1851,0.1938,0.3402,0.1795
28,30040,935,1078,3.26e-05,0.236,0.3336,0.1759,0.2205,0.3239,0.1723
28,30060,955,1078,3.26e-05,0.2151,0.3428,0.1762,0.1931,0.3188,0.1734
28,30080,975,1078,3.26e-05,0.1949,0.3273,0.1768,0.1815,0.3149,0.1693
28,30100,995,1078,3.26e-05,0.2374,0.3202,0.1722,0.2292,0.3108,0.1687
28,30120,1015,1078,3.26e-05,0.2006,0.2493,0.1548,0.1994,0.247,0.1522
28,30140,1035,1078,3.26e-05,0.2204,0.31,0.1674,0.2075,0.2954,0.1635
28,30160,1055,1078,3.26e-05,0.2123,0.3456,0.1815,0.2015,0.3486,0.1814
28,30180,1075,1078,3.26e-05,0.2286,0.3693,0.1869,0.2264,0.3554,0.1874
29,30200,17,1078,3.05e-05,0.2385,0.315,0.1538,0.218,0.2926,0.1466
29,30220,37,1078,3.05e-05,0.206,0.3299,0.1695,0.1967,0.3116,0.1625
29,30240,57,1078,3.05e-05,0.2433,0.3383,0.1812,0.2195,0.3188,0.1762
29,30260,77,1078,3.05e-05,0.2296,0.3233,0.1553,0.2169,0.3114,0.1502
29,30280,97,1078,3.05e-05,0.2063,0.3239,0.1602,0.1962,0.311,0.1568
29,30300,117,1078,3.05e-05,0.2548,0.2635,0.1561,0.2259,0.2584,0.1553
29,30320,137,1078,3.05e-05,0.2297,0.333,0.1684,0.2203,0.3116,0.162
29,30340,157,1078,3.05e-05,0.1958,0.3362,0.1826,0.1826,0.3222,0.1784
29,30360,177,1078,3.05e-05,0.2197,0.3486,0.1803,0.2092,0.332,0.1751
29,30380,197,1078,3.05e-05,0.2091,0.326,0.173,0.1937,0.3105,0.1697
29,30400,217,1078,3.05e-05,0.2211,0.3622,0.1836,0.2082,0.3425,0.1756
29,30420,237,1078,3.05e-05,0.2103,0.3567,0.1764,0.2084,0.342,0.1725
29,30440,257,1078,3.05e-05,0.2714,0.3622,0.1816,0.2607,0.3442,0.177
29,30460,277,1078,3.05e-05,0.2118,0.276,0.1589,0.1963,0.2678,0.1562
29,30480,297,1078,3.05e-05,0.2409,0.3147,0.1719,0.2232,0.3033,0.1672
29,30500,317,1078,3.05e-05,0.2189,0.3172,0.164,0.2056,0.3118,0.1592
29,30520,337,1078,3.05e-05,0.2275,0.354,0.1827,0.2153,0.3467,0.1805
29,30540,357,1078,3.05e-05,0.2588,0.2744,0.1519,0.2408,0.2736,0.1523
29,30560,377,1078,3.05e-05,0.2042,0.3178,0.1783,0.2005,0.3096,0.1746
29,30580,397,1078,3.05e-05,0.2695,0.3362,0.1723,0.2551,0.3206,0.171
29,30600,417,1078,3.05e-05,0.2025,0.2822,0.1693,0.1852,0.2733,0.1655
29,30620,437,1078,3.05e-05,0.2273,0.3619,0.1753,0.2116,0.354,0.1728
29,30640,457,1078,3.05e-05,0.2388,0.3453,0.1855,0.2263,0.3281,0.1839
29,30660,477,1078,3.05e-05,0.2276,0.2818,0.168,0.2193,0.2916,0.1647
29,30680,497,1078,3.05e-05,0.1461,0.2553,0.1526,0.1336,0.2441,0.149
29,30700,517,1078,3.05e-05,0.2127,0.3405,0.1716,0.1959,0.3299,0.167
29,30720,537,1078,3.05e-05,0.2268,0.3357,0.1674,0.2166,0.3182,0.1594
29,30740,557,1078,3.05e-05,0.1902,0.3237,0.1883,0.1717,0.313,0.1861
29,30760,577,1078,3.05e-05,0.211,0.3648,0.1775,0.1981,0.3581,0.1721
29,30780,597,1078,3.05e-05,0.2284,0.3186,0.1781,0.2128,0.3089,0.1753
29,30800,617,1078,3.05e-05,0.2105,0.3377,0.1706,0.1987,0.3291,0.1694
29,30820,637,1078,3.05e-05,0.2099,0.3748,0.1922,0.196,0.3634,0.1858
29,30840,657,1078,3.05e-05,0.2192,0.3551,0.1898,0.209,0.3445,0.1865
29,30860,677,1078,3.05e-05,0.1959,0.2822,0.1641,0.1871,0.272,0.1643
29,30880,697,1078,3.05e-05,0.2483,0.3952,0.1889,0.2325,0.3783,0.1838
29,30900,717,1078,3.05e-05,0.2264,0.3468,0.1671,0.207,0.3373,0.163
29,30920,737,1078,3.05e-05,0.2545,0.3685,0.1823,0.2486,0.3489,0.175
29,30940,757,1078,3.05e-05,0.2032,0.339,0.1678,0.1956,0.337,0.1675
29,30960,777,1078,3.05e-05,0.294,0.3158,0.179,0.2759,0.3129,0.1738
29,30980,797,1078,3.05e-05,0.2458,0.3011,0.1717,0.2277,0.2842,0.1664
29,31000,817,1078,3.05e-05,0.2106,0.235,0.1533,0.1979,0.2222,0.1502
29,31020,837,1078,3.05e-05,0.2083,0.2954,0.1728,0.2,0.2912,0.1697
29,31040,857,1078,3.05e-05,0.2146,0.3001,0.1771,0.1947,0.2904,0.1712
29,31060,877,1078,3.05e-05,0.2571,0.3552,0.1701,0.2481,0.3446,0.1645
29,31080,897,1078,3.05e-05,0.2439,0.3382,0.165,0.2206,0.3384,0.1666
29,31100,917,1078,3.05e-05,0.2551,0.2945,0.1655,0.2402,0.2835,0.1585
29,31120,937,1078,3.05e-05,0.2496,0.3698,0.1773,0.2337,0.3537,0.1729
29,31140,957,1078,3.05e-05,0.1747,0.2652,0.1565,0.1687,0.2528,0.1501
29,31160,977,1078,3.05e-05,0.2082,0.331,0.1697,0.2103,0.3136,0.1658
29,31180,997,1078,3.05e-05,0.2326,0.4303,0.1977,0.2284,0.4117,0.1926
29,31200,1017,1078,3.05e-05,0.222,0.352,0.1835,0.2124,0.3301,0.1765
29,31220,1037,1078,3.05e-05,0.2234,0.4184,0.1925,0.2126,0.3836,0.1843
29,31240,1057,1078,3.05e-05,0.2039,0.3491,0.1757,0.1954,0.341,0.1742
29,31260,1077,1078,3.05e-05,0.2164,0.3446,0.1704,0.2126,0.3344,0.1672
30,31280,19,1078,2.85e-05,0.1774,0.3285,0.1618,0.1671,0.328,0.16
30,31300,39,1078,2.85e-05,0.1865,0.2884,0.1611,0.1631,0.279,0.1579
30,31320,59,1078,2.85e-05,0.1713,0.2888,0.1666,0.159,0.2744,0.1623
30,31340,79,1078,2.85e-05,0.2029,0.2916,0.1695,0.1918,0.2814,0.1644
30,31360,99,1078,2.85e-05,0.2293,0.3221,0.1783,0.2295,0.3104,0.1737
30,31380,119,1078,2.85e-05,0.2,0.371,0.1861,0.1882,0.3644,0.1845
30,31400,139,1078,2.85e-05,0.2095,0.2907,0.1792,0.1923,0.2803,0.1755
30,31420,159,1078,2.85e-05,0.1979,0.2865,0.1649,0.1805,0.2809,0.162
30,31440,179,1078,2.85e-05,0.1717,0.2949,0.1601,0.1537,0.2951,0.1598
30,31460,199,1078,2.85e-05,0.2913,0.3964,0.1828,0.2884,0.3874,0.1787
30,31480,219,1078,2.85e-05,0.209,0.306,0.17,0.1984,0.2985,0.1666
30,31500,239,1078,2.85e-05,0.1977,0.3602,0.1749,0.1931,0.3476,0.1706
30,31520,259,1078,2.85e-05,0.2223,0.3225,0.1649,0.2058,0.3071,0.1626
30,31540,279,1078,2.85e-05,0.2339,0.2781,0.1706,0.2154,0.2733,0.1659
30,31560,299,1078,2.85e-05,0.2605,0.3474,0.1861,0.2646,0.3343,0.1823
30,31580,319,1078,2.85e-05,0.1952,0.304,0.1677,0.1805,0.2952,0.1643
30,31600,339,1078,2.85e-05,0.2246,0.373,0.1847,0.2107,0.3619,0.182
30,31620,359,1078,2.85e-05,0.1854,0.2882,0.162,0.1789,0.2781,0.1596
30,31640,379,1078,2.85e-05,0.172,0.2946,0.158,0.168,0.2748,0.1528
30,31660,399,1078,2.85e-05,0.2013,0.3415,0.1665,0.1957,0.3294,0.1667
30,31680,419,1078,2.85e-05,0.1862,0.332,0.1769,0.1797,0.3257,0.1731
30,31700,439,1078,2.85e-05,0.2665,0.3183,0.1794,0.2405,0.3097,0.1744
30,31720,459,1078,2.85e-05,0.1929,0.3384,0.1809,0.1741,0.3337,0.1782
30,31740,479,1078,2.85e-05,0.1987,0.2932,0.1556,0.1804,0.2743,0.1511
30,31760,499,1078,2.85e-05,0.2137,0.3427,0.156,0.1959,0.3366,0.1525
30,31780,519,1078,2.85e-05,0.2163,0.3511,0.1738,0.2026,0.3461,0.1697
30,31800,539,1078,2.85e-05,0.2036,0.3478,0.1813,0.1945,0.3391,0.1766
30,31820,559,1078,2.85e-05,0.2108,0.3688,0.1802,0.199,0.3555,0.1766
30,31840,579,1078,2.85e-05,0.2527,0.349,0.1705,0.2465,0.3398,0.1662
30,31860,599,1078,2.85e-05,0.2192,0.3608,0.1858,0.2024,0.3462,0.1829
30,31880,619,1078,2.85e-05,0.1955,0.3173,0.1602,0.1895,0.3059,0.1589
30,31900,639,1078,2.85e-05,0.1643,0.3056,0.1654,0.1505,0.2836,0.1601
30,31920,659,1078,2.85e-05,0.2356,0.311,0.168,0.2245,0.2962,0.1645
30,31940,679,1078,2.85e-05,0.217,0.2954,0.166,0.1998,0.2863,0.1617
30,31960,699,1078,2.85e-05,0.1941,0.295,0.1628,0.1671,0.2876,0.1549
30,31980,719,1078,2.85e-05,0.2964,0.371,0.1916,0.2893,0.3513,0.1873
30,32000,739,1078,2.85e-05,0.1799,0.235,0.1519,0.1807,0.2238,0.1468
30,32020,759,1078,2.85e-05,0.2357,0.3036,0.1663,0.212,0.2891,0.1636
30,32040,779,1078,2.85e-05,0.1681,0.3105,0.1599,0.1679,0.2982,0.1586
30,32060,799,1078,2.85e-05,0.2329,0.3359,0.1762,0.2168,0.3262,0.1723
30,32080,819,1078,2.85e-05,0.2412,0.3155,0.1759,0.228,0.306,0.169
30,32100,839,1078,2.85e-05,0.1832,0.281,0.161,0.1732,0.2669,0.1567
30,32120,859,1078,2.85e-05,0.2111,0.2918,0.1749,0.1972,0.2915,0.1739
30,32140,879,1078,2.85e-05,0.2084,0.3467,0.1779,0.1971,0.3343,0.1728
30,32160,899,1078,2.85e-05,0.199,0.3041,0.1631,0.197,0.2928,0.1617
30,32180,919,1078,2.85e-05,0.2167,0.3319,0.1722,0.2208,0.3293,0.1686
30,32200,939,1078,2.85e-05,0.1907,0.3084,0.1512,0.1809,0.2876,0.1479
30,32220,959,1078,2.85e-05,0.2386,0.295,0.1742,0.2199,0.2854,0.1685
30,32240,979,1078,2.85e-05,0.2224,0.2782,0.1648,0.2098,0.2639,0.1584
30,32260,999,1078,2.85e-05,0.2022,0.3479,0.1723,0.196,0.3374,0.1702
30,32280,1019,1078,2.85e-05,0.2197,0.3747,0.1895,0.2059,0.3598,0.1843
30,32300,1039,1078,2.85e-05,0.265,0.331,0.1782,0.2644,0.3156,0.1792
30,32320,1059,1078,2.85e-05,0.2577,0.2486,0.1611,0.2499,0.2397,0.1558
31,32340,1,1078,2.65e-05,0.2299,0.3306,0.1774,0.2128,0.3138,0.1718
31,32360,21,1078,2.65e-05,0.2379,0.3038,0.1729,0.224,0.286,0.1673
31,32380,41,1078,2.65e-05,0.2951,0.3479,0.1863,0.2679,0.3305,0.1841
31,32400,61,1078,2.65e-05,0.2653,0.3299,0.1707,0.2356,0.3136,0.1636
31,32420,81,1078,2.65e-05,0.2623,0.3469,0.1666,0.2477,0.3253,0.1611
31,32440,101,1078,2.65e-05,0.2877,0.3102,0.1785,0.2737,0.2964,0.1718
31,32460,121,1078,2.65e-05,0.1718,0.2965,0.1683,0.1598,0.2991,0.1695
31,32480,141,1078,2.65e-05,0.193,0.282,0.1619,0.1781,0.2696,0.1597
31,32500,161,1078,2.65e-05,0.2432,0.3072,0.1766,0.2181,0.2976,0.1714
31,32520,181,1078,2.65e-05,0.2077,0.3319,0.169,0.1962,0.3228,0.166
31,32540,201,1078,2.65e-05,0.2141,0.2954,0.1669,0.1919,0.2814,0.1633
31,32560,221,1078,2.65e-05,0.1885,0.2969,0.1622,0.1842,0.2848,0.1587
31,32580,241,1078,2.65e-05,0.1705,0.305,0.1627,0.1562,0.2933,0.1587
31,32600,261,1078,2.65e-05,0.2255,0.3194,0.1704,0.2122,0.301,0.1664
31,32620,281,1078,2.65e-05,0.2121,0.3588,0.177,0.2123,0.3478,0.1717
31,32640,301,1078,2.65e-05,0.2558,0.3501,0.1842,0.24,0.3379,0.1826
31,32660,321,1078,2.65e-05,0.239,0.429,0.1953,0.2182,0.4277,0.1933
31,32680,341,1078,2.65e-05,0.1987,0.3474,0.1907,0.1875,0.3447,0.1904
31,32700,361,1078,2.65e-05,0.2425,0.3535,0.1823,0.2258,0.3447,0.1799
31,32720,381,1078,2.65e-05,0.2313,0.3674,0.1807,0.2171,0.3539,0.1786
31,32740,401,1078,2.65e-05,0.1977,0.3113,0.1703,0.1736,0.3007,0.1644
31,32760,421,1078,2.65e-05,0.2048,0.3783,0.1812,0.191,0.3601,0.1786
31,32780,441,1078,2.65e-05,0.2128,0.3455,0.168,0.2048,0.3232,0.1635
31,32800,461,1078,2.65e-05,0.2023,0.2963,0.1764,0.1988,0.2786,0.1697
31,32820,481,1078,2.65e-05,0.2147,0.275,0.1675,0.2117,0.2575,0.1578
31,32840,501,1078,2.65e-05,0.1767,0.3378,0.1677,0.1645,0.3216,0.1631
31,32860,521,1078,2.65e-05,0.1886,0.3918,0.1903,0.181,0.3721,0.1834
31,32880,541,1078,2.65e-05,0.2061,0.3241,0.1577,0.1933,0.3178,0.1545
31,32900,561,1078,2.65e-05,0.2251,0.2908,0.1637,0.2121,0.2879,0.1632
31,32920,581,1078,2.65e-05,0.244,0.3578,0.1766,0.2287,0.348,0.1732
31,32940,601,1078,2.65e-05,0.2167,0.3091,0.1731,0.2,0.2968,0.1683
31,32960,621,1078,2.65e-05,0.2628,0.2962,0.165,0.2536,0.2817,0.1612
31,32980,641,1078,2.65e-05,0.2354,0.3262,0.1747,0.2274,0.3242,0.171
31,33000,661,1078,2.65e-05,0.2358,0.2463,0.1641,0.2243,0.2374,0.1589
31,33020,681,1078,2.65e-05,0.2352,0.3781,0.1744,0.2219,0.3627,0.168
31,33040,701,1078,2.65e-05,0.1778,0.2815,0.1554,0.1676,0.2739,0.1525
31,33060,721,1078,2.65e-05,0.2212,0.3905,0.1867,0.2013,0.3787,0.1851
31,33080,741,1078,2.65e-05,0.2369,0.3728,0.1806,0.2246,0.3579,0.1771
31,33100,761,1078,2.65e-05,0.2,0.3122,0.17,0.1771,0.3025,0.1662
31,33120,781,1078,2.65e-05,0.1968,0.3063,0.166,0.1835,0.2949,0.1639
31,33140,801,1078,2.65e-05,0.1894,0.286,0.1546,0.1818,0.2843,0.1513
31,33160,821,1078,2.65e-05,0.2553,0.3954,0.1834,0.2362,0.3838,0.1795
31,33180,841,1078,2.65e-05,0.222,0.3982,0.186,0.2104,0.3811,0.1819
31,33200,861,1078,2.65e-05,0.2559,0.3101,0.1845,0.2345,0.291,0.1799
31,33220,881,1078,2.65e-05,0.2153,0.3454,0.1744,0.2048,0.3405,0.1702
31,33240,901,1078,2.65e-05,0.2081,0.3463,0.177,0.2029,0.3437,0.1784
31,33260,921,1078,2.65e-05,0.2306,0.3204,0.179,0.2279,0.3065,0.1766
31,33280,941,1078,2.65e-05,0.2193,0.3656,0.1882,0.2113,0.3523,0.1859
31,33300,961,1078,2.65e-05,0.2492,0.2799,0.1687,0.2309,0.2627,0.1646
31,33320,981,1078,2.65e-05,0.2434,0.2812,0.1755,0.2256,0.2699,0.1683
31,33340,1001,1078,2.65e-05,0.1986,0.3284,0.1608,0.1878,0.3138,0.1553
31,33360,1021,1078,2.65e-05,0.208,0.3018,0.1704,0.1951,0.2797,0.1638
31,33380,1041,1078,2.65e-05,0.1922,0.2879,0.1664,0.1772,0.2835,0.164
31,33400,1061,1078,2.65e-05,0.2479,0.2628,0.1522,0.2141,0.2472,0.1448
32,33420,3,1078,2.45e-05,0.2344,0.3544,0.1774,0.2169,0.341,0.1716
32,33440,23,1078,2.45e-05,0.2576,0.3449,0.1756,0.2401,0.3233,0.1696
32,33460,43,1078,2.45e-05,0.2215,0.2762,0.1599,0.2029,0.2516,0.1521
32,33480,63,1078,2.45e-05,0.2096,0.2913,0.1664,0.1909,0.2825,0.16
32,33500,83,1078,2.45e-05,0.1959,0.2785,0.1663,0.1813,0.2644,0.1637
32,33520,103,1078,2.45e-05,0.2685,0.3715,0.1938,0.2489,0.3644,0.1919
32,33540,123,1078,2.45e-05,0.2036,0.3172,0.1681,0.182,0.3047,0.1646
32,33560,143,1078,2.45e-05,0.1882,0.3481,0.1723,0.1719,0.3361,0.1706
32,33580,163,1078,2.45e-05,0.251,0.2724,0.1522,0.2252,0.2742,0.1526
32,33600,183,1078,2.45e-05,0.261,0.3777,0.1918,0.2441,0.3658,0.1892
32,33620,203,1078,2.45e-05,0.1801,0.2818,0.1702,0.1668,0.2735,0.1633
32,33640,223,1078,2.45e-05,0.2,0.2879,0.1714,0.1825,0.2704,0.1656
32,33660,243,1078,2.45e-05,0.2138,0.2881,0.1586,0.1988,0.2705,0.1529
32,33680,263,1078,2.45e-05,0.2115,0.3428,0.171,0.1989,0.3299,0.1648
32,33700,283,1078,2.45e-05,0.2195,0.3483,0.1822,0.2097,0.3309,0.1762
32,33720,303,1078,2.45e-05,0.1901,0.3533,0.1703,0.175,0.3508,0.1675
32,33740,323,1078,2.45e-05,0.1762,0.3265,0.1905,0.1544,0.3111,0.1847
32,33760,343,1078,2.45e-05,0.2308,0.3547,0.1688,0.2052,0.3426,0.1667
32,33780,363,1078,2.45e-05,0.2107,0.314,0.1719,0.2044,0.2977,0.166
32,33800,383,1078,2.45e-05,0.2139,0.3009,0.1674,0.2064,0.3004,0.1647
32,33820,403,1078,2.45e-05,0.2065,0.3076,0.1504,0.1817,0.2868,0.1456
32,33840,423,1078,2.45e-05,0.2462,0.3705,0.1713,0.2313,0.3514,0.1653
32,33860,443,1078,2.45e-05,0.1992,0.2916,0.1645,0.1854,0.2792,0.1609
32,33880,463,1078,2.45e-05,0.2262,0.3226,0.1784,0.2057,0.3101,0.1731
32,33900,483,1078,2.45e-05,0.3183,0.3682,0.1875,0.3038,0.3514,0.1814
32,33920,503,1078,2.45e-05,0.1997,0.3684,0.1783,0.1899,0.3505,0.1729
32,33940,523,1078,2.45e-05,0.2764,0.3054,0.1592,0.2406,0.2989,0.1568
32,33960,543,1078,2.45e-05,0.2529,0.4038,0.1993,0.2412,0.3877,0.1948
32,33980,563,1078,2.45e-05,0.2075,0.2811,0.1557,0.1758,0.2637,0.151
32,34000,583,1078,2.45e-05,0.3077,0.2883,0.1616,0.2868,0.2662,0.1546
32,34020,603,1078,2.45e-05,0.2326,0.2786,0.1446,0.2008,0.26,0.1377
32,34040,623,1078,2.45e-05,0.3025,0.3073,0.1615,0.2841,0.2941,0.1558
32,34060,643,1078,2.45e-05,0.2052,0.294,0.1752,0.1813,0.2779,0.1707
32,34080,663,1078,2.45e-05,0.2375,0.3331,0.1641,0.2172,0.3159,0.1591
32,34100,683,1078,2.45e-05,0.2268,0.2985,0.1813,0.203,0.2791,0.1769
32,34120,703,1078,2.45e-05,0.2036,0.3549,0.1853,0.1925,0.3418,0.1778
32,34140,723,1078,2.45e-05,0.19,0.368,0.1717,0.1835,0.3674,0.1685
32,34160,743,1078,2.45e-05,0.2142,0.3196,0.1681,0.1942,0.2991,0.1628
32,34180,763,1078,2.45e-05,0.2461,0.3645,0.1776,0.2393,0.3538,0.1744
32,34200,783,1078,2.45e-05,0.2399,0.384,0.1791,0.2328,0.3685,0.1748
32,34220,803,1078,2.45e-05,0.2297,0.3314,0.1691,0.2088,0.3157,0.1646
32,34240,823,1078,2.45e-05,0.2226,0.3587,0.1728,0.2091,0.3493,0.1684
32,34260,843,1078,2.45e-05,0.1985,0.3494,0.1675,0.1857,0.3383,0.1643
32,34280,863,1078,2.45e-05,0.2347,0.3268,0.1757,0.2147,0.318,0.1741
32,34300,883,1078,2.45e-05,0.1527,0.2838,0.1556,0.1457,0.2709,0.152
32,34320,903,1078,2.45e-05,0.1824,0.3177,0.1766,0.1647,0.3006,0.1736
32,34340,923,1078,2.45e-05,0.203,0.2898,0.1584,0.1892,0.2854,0.1565
32,34360,943,1078,2.45e-05,0.1969,0.3177,0.1621,0.1838,0.3069,0.1579
32,34380,963,1078,2.45e-05,0.2085,0.349,0.1817,0.1925,0.3358,0.177
32,34400,983,1078,2.45e-05,0.1715,0.2931,0.1663,0.1561,0.2797,0.1614
32,34420,1003,1078,2.45e-05,0.1935,0.2891,0.1623,0.1739,0.2774,0.1597
32,34440,1023,1078,2.45e-05,0.1937,0.2799,0.1552,0.1816,0.2695,0.152
32,34460,1043,1078,2.45e-05,0.1933,0.2625,0.1511,0.1807,0.2598,0.143
32,34480,1063,1078,2.45e-05,0.1934,0.3544,0.1648,0.1914,0.3417,0.1608
33,34500,5,1078,2.26e-05,0.21,0.3162,0.1662,0.1949,0.3001,0.1629
33,34520,25,1078,2.26e-05,0.2474,0.3883,0.1981,0.2292,0.3639,0.1878
33,34540,45,1078,2.26e-05,0.285,0.3541,0.1886,0.2737,0.3306,0.1822
33,34560,65,1078,2.26e-05,0.2132,0.2793,0.1589,0.1985,0.2675,0.1545
33,34580,85,1078,2.26e-05,0.2321,0.3441,0.1736,0.2197,0.3281,0.1676
33,34600,105,1078,2.26e-05,0.2063,0.3491,0.18,0.1921,0.3408,0.1789
33,34620,125,1078,2.26e-05,0.2233,0.3195,0.1766,0.2113,0.3086,0.1714
33,34640,145,1078,2.26e-05,0.2146,0.2982,0.1655,0.1965,0.2817,0.1597
33,34660,165,1078,2.26e-05,0.2649,0.3401,0.1716,0.2474,0.3282,0.1671
33,34680,185,1078,2.26e-05,0.2002,0.2998,0.1672,0.1912,0.2957,0.1651
33,34700,205,1078,2.26e-05,0.2591,0.3784,0.1859,0.2268,0.3593,0.1772
33,34720,225,1078,2.26e-05,0.2221,0.3619,0.1848,0.2101,0.351,0.182
33,34740,245,1078,2.26e-05,0.2303,0.3375,0.1631,0.2092,0.3287,0.1599
33,34760,265,1078,2.26e-05,0.1691,0.3015,0.1609,0.1678,0.2839,0.1562
33,34780,285,1078,2.26e-05,0.2075,0.3349,0.1813,0.1916,0.3152,0.1745
33,34800,305,1078,2.26e-05,0.2195,0.3505,0.1869,0.196,0.3489,0.1836
33,34820,325,1078,2.26e-05,0.2168,0.3311,0.1611,0.2124,0.3148,0.1565
33,34840,345,1078,2.26e-05,0.2043,0.3149,0.1595,0.1772,0.2989,0.1549
33,34860,365,1078,2.26e-05,0.1977,0.2696,0.1632,0.1818,0.2593,0.1594
33,34880,385,1078,2.26e-05,0.221,0.387,0.1781,0.2115,0.366,0.1725
33,34900,405,1078,2.26e-05,0.1912,0.3161,0.1745,0.1824,0.3097,0.1719
33,34920,425,1078,2.26e-05,0.239,0.3224,0.163,0.2198,0.3097,0.157
33,34940,445,1078,2.26e-05,0.2104,0.3183,0.1792,0.1912,0.2975,0.1701
33,34960,465,1078,2.26e-05,0.2158,0.3654,0.1825,0.2006,0.3516,0.1773
33,34980,485,1078,2.26e-05,0.1954,0.3265,0.181,0.1818,0.3115,0.1762
33,35000,505,1078,2.26e-05,0.1937,0.257,0.1577,0.1705,0.2514,0.1537
33,35020,525,1078,2.26e-05,0.2103,0.3484,0.168,0.1935,0.3324,0.1641
33,35040,545,1078,2.26e-05,0.2158,0.2749,0.1502,0.1893,0.2674,0.1489
33,35060,565,1078,2.26e-05,0.2248,0.3705,0.1858,0.2153,0.3471,0.1824
33,35080,585,1078,2.26e-05,0.2382,0.378,0.1837,0.2203,0.3574,0.1805
33,35100,605,1078,2.26e-05,0.2218,0.3268,0.1779,0.2102,0.323,0.174
33,35120,625,1078,2.26e-05,0.2083,0.2973,0.1683,0.1978,0.2867,0.1607
33,35140,645,1078,2.26e-05,0.2231,0.2961,0.1669,0.2001,0.2762,0.1619
33,35160,665,1078,2.26e-05,0.2363,0.3724,0.1737,0.211,0.3517,0.1704
33,35180,685,1078,2.26e-05,0.2127,0.3034,0.1735,0.1955,0.2908,0.1682
33,35200,705,1078,2.26e-05,0.2458,0.3552,0.1752,0.2437,0.3312,0.1687
33,35220,725,1078,2.26e-05,0.2089,0.3303,0.1627,0.1922,0.3045,0.1575
33,35240,745,1078,2.26e-05,0.2234,0.3163,0.1777,0.2076,0.3024,0.1724
33,35260,765,1078,2.26e-05,0.2196,0.2963,0.1698,0.2051,0.2991,0.169
33,35280,785,1078,2.26e-05,0.1864,0.2819,0.1603,0.1627,0.267,0.1554
33,35300,805,1078,2.26e-05,0.2302,0.327,0.1657,0.2175,0.3144,0.1598
33,35320,825,1078,2.26e-05,0.2005,0.2999,0.1722,0.1755,0.2829,0.1659
33,35340,845,1078,2.26e-05,0.1883,0.3437,0.1803,0.178,0.3354,0.1782
33,35360,865,1078,2.26e-05,0.2245,0.3865,0.1837,0.2128,0.3732,0.1801
33,35380,885,1078,2.26e-05,0.205,0.3216,0.1737,0.1954,0.3123,0.1707
33,35400,905,1078,2.26e-05,0.2312,0.3499,0.1729,0.2115,0.3392,0.1681
33,35420,925,1078,2.26e-05,0.1958,0.3334,0.1622,0.1867,0.3237,0.1596
33,35440,945,1078,2.26e-05,0.1697,0.3518,0.1689,0.1521,0.3474,0.1674
33,35460,965,1078,2.26e-05,0.2247,0.2934,0.1617,0.2096,0.28,0.1575
33,35480,985,1078,2.26e-05,0.2173,0.2707,0.1573,0.1902,0.2555,0.1514
33,35500,1005,1078,2.26e-05,0.204,0.2642,0.1574,0.1798,0.2427,0.1494
33,35520,1025,1078,2.26e-05,0.2294,0.3887,0.1899,0.2114,0.3738,0.1838
33,35540,1045,1078,2.26e-05,0.2176,0.3648,0.1767,0.2041,0.3516,0.1717
33,35560,1065,1078,2.26e-05,0.2426,0.336,0.1712,0.2328,0.3185,0.1656
34,35580,7,1078,2.07e-05,0.209,0.3254,0.1697,0.1991,0.3226,0.1665
34,35600,27,1078,2.07e-05,0.1924,0.2959,0.1592,0.179,0.2874,0.1554
34,35620,47,1078,2.07e-05,0.2444,0.2469,0.1505,0.2138,0.2328,0.1478
34,35640,67,1078,2.07e-05,0.1969,0.3137,0.1699,0.1801,0.3047,0.1657
34,35660,87,1078,2.07e-05,0.2155,0.3562,0.1704,0.1966,0.3365,0.1641
34,35680,107,1078,2.07e-05,0.2291,0.3599,0.1885,0.2167,0.3449,0.1858
34,35700,127,1078,2.07e-05,0.21,0.2586,0.1612,0.1903,0.2514,0.1602
34,35720,147,1078,2.07e-05,0.2031,0.2808,0.1606,0.1917,0.2592,0.154
34,35740,167,1078,2.07e-05,0.2525,0.304,0.1768,0.2345,0.2994,0.1738
34,35760,187,1078,2.07e-05,0.2249,0.3232,0.1686,0.2057,0.3192,0.1647
34,35780,207,1078,2.07e-05,0.2483,0.3423,0.1791,0.2382,0.3222,0.1752
34,35800,227,1078,2.07e-05,0.225,0.3417,0.1881,0.2179,0.3307,0.188
34,35820,247,1078,2.07e-05,0.1986,0.3077,0.1736,0.1738,0.2909,0.1692
34,35840,267,1078,2.07e-05,0.2212,0.3188,0.1749,0.2005,0.3059,0.1737
34,35860,287,1078,2.07e-05,0.2316,0.3971,0.191,0.2163,0.3733,0.1847
34,35880,307,1078,2.07e-05,0.2533,0.3043,0.1762,0.2295,0.288,0.1695
34,35900,327,1078,2.07e-05,0.2265,0.3158,0.1777,0.2029,0.3016,0.1736
34,35920,347,1078,2.07e-05,0.2294,0.3181,0.1749,0.2108,0.3078,0.1701
34,35940,367,1078,2.07e-05,0.1988,0.2976,0.1691,0.182,0.2776,0.1641
34,35960,387,1078,2.07e-05,0.2377,0.3261,0.1745,0.2301,0.309,0.171
34,35980,407,1078,2.07e-05,0.2148,0.358,0.176,0.2047,0.3505,0.1729
34,36000,427,1078,2.07e-05,0.2389,0.3299,0.1665,0.2269,0.3212,0.1643
34,36020,447,1078,2.07e-05,0.2128,0.2964,0.1607,0.2111,0.2757,0.1541
34,36040,467,1078,2.07e-05,0.2112,0.3354,0.1731,0.2039,0.3196,0.1686
34,36060,487,1078,2.07e-05,0.2282,0.3394,0.1715,0.2026,0.3347,0.1685
34,36080,507,1078,2.07e-05,0.2215,0.3272,0.171,0.2072,0.3164,0.1683
34,36100,527,1078,2.07e-05,0.1625,0.2899,0.1714,0.1479,0.2907,0.1715
34,36120,547,1078,2.07e-05,0.2335,0.3396,0.1856,0.2153,0.3303,0.1866
34,36140,567,1078,2.07e-05,0.216,0.3177,0.1714,0.2076,0.3003,0.167
34,36160,587,1078,2.07e-05,0.2068,0.3368,0.1712,0.1885,0.3136,0.1631
34,36180,607,1078,2.07e-05,0.2838,0.3284,0.1812,0.2431,0.3128,0.1783
34,36200,627,1078,2.07e-05,0.2038,0.3027,0.1812,0.1883,0.2853,0.1762
34,36220,647,1078,2.07e-05,0.2404,0.2955,0.1788,0.2245,0.2864,0.1724
34,36240,667,1078,2.07e-05,0.242,0.3111,0.1742,0.2167,0.2997,0.1692
34,36260,687,1078,2.07e-05,0.1804,0.3163,0.1568,0.1652,0.3046,0.1527
34,36280,707,1078,2.07e-05,0.246,0.3698,0.1719,0.232,0.3591,0.1686
34,36300,727,1078,2.07e-05,0.1935,0.2954,0.1639,0.1769,0.2763,0.1593
34,36320,747,1078,2.07e-05,0.2213,0.318,0.1528,0.2082,0.2989,0.1505
34,36340,767,1078,2.07e-05,0.2007,0.3208,0.1608,0.1804,0.3097,0.1589
34,36360,787,1078,2.07e-05,0.2151,0.2556,0.1601,0.2055,0.2478,0.1581
34,36380,807,1078,2.07e-05,0.209,0.276,0.1608,0.2,0.2736,0.1587
34,36400,827,1078,2.07e-05,0.2331,0.356,0.1754,0.2289,0.3547,0.1719
34,36420,847,1078,2.07e-05,0.2206,0.3213,0.1638,0.1974,0.2967,0.1579
34,36440,867,1078,2.07e-05,0.2407,0.3218,0.1732,0.2258,0.322,0.1714
34,36460,887,1078,2.07e-05,0.2473,0.3116,0.1661,0.2307,0.2958,0.1626
34,36480,907,1078,2.07e-05,0.192,0.3538,0.187,0.1792,0.3412,0.1822
34,36500,927,1078,2.07e-05,0.2154,0.35,0.1625,0.2045,0.3302,0.1586
34,36520,947,1078,2.07e-05,0.1888,0.2483,0.165,0.1805,0.2449,0.1623
34,36540,967,1078,2.07e-05,0.2601,0.34,0.1724,0.2375,0.3305,0.1689
34,36560,987,1078,2.07e-05,0.1998,0.2862,0.1656,0.1838,0.2727,0.1612
34,36580,1007,1078,2.07e-05,0.2278,0.2785,0.1647,0.208,0.2679,0.1606
34,36600,1027,1078,2.07e-05,0.2151,0.3764,0.1798,0.2099,0.3643,0.1739
34,36620,1047,1078,2.07e-05,0.2169,0.3569,0.187,0.2095,0.3381,0.184
34,36640,1067,1078,2.07e-05,0.2137,0.3229,0.1682,0.1911,0.3253,0.1659
35,36660,9,1078,1.89e-05,0.2325,0.352,0.2004,0.2197,0.3346,0.198
35,36680,29,1078,1.89e-05,0.2404,0.3492,0.1786,0.2226,0.3298,0.1706
35,36700,49,1078,1.89e-05,0.2129,0.3382,0.1751,0.1956,0.3268,0.1715
35,36720,69,1078,1.89e-05,0.2319,0.2915,0.1557,0.2137,0.2678,0.1499
35,36740,89,1078,1.89e-05,0.203,0.3454,0.1767,0.188,0.3355,0.1738
35,36760,109,1078,1.89e-05,0.162,0.3073,0.1669,0.1549,0.2873,0.1637
35,36780,129,1078,1.89e-05,0.2055,0.3391,0.1718,0.1934,0.3192,0.1666
35,36800,149,1078,1.89e-05,0.226,0.3397,0.1729,0.2138,0.3225,0.1695
35,36820,169,1078,1.89e-05,0.1982,0.2971,0.1607,0.1828,0.2784,0.1531
35,36840,189,1078,1.89e-05,0.1911,0.2966,0.1652,0.172,0.2748,0.1582
35,36860,209,1078,1.89e-05,0.2263,0.3352,0.1838,0.2126,0.3211,0.1793
35,36880,229,1078,1.89e-05,0.2119,0.2835,0.155,0.1943,0.2705,0.151
35,36900,249,1078,1.89e-05,0.2233,0.3633,0.1748,0.1999,0.3507,0.1715
35,36920,269,1078,1.89e-05,0.1903,0.3227,0.1808,0.1746,0.3036,0.1773
35,36940,289,1078,1.89e-05,0.2083,0.2796,0.1827,0.1915,0.2726,0.18
35,36960,309,1078,1.89e-05,0.1969,0.3568,0.1811,0.1779,0.3494,0.1788
35,36980,329,1078,1.89e-05,0.2214,0.3306,0.168,0.2024,0.3101,0.1626
35,37000,349,1078,1.89e-05,0.2131,0.3457,0.1854,0.2035,0.3274,0.1806
35,37020,369,1078,1.89e-05,0.21,0.373,0.1915,0.1987,0.3437,0.1812
35,37040,389,1078,1.89e-05,0.2338,0.3406,0.1645,0.211,0.3118,0.1574
35,37060,409,1078,1.89e-05,0.1957,0.2454,0.1511,0.175,0.2307,0.1456
35,37080,429,1078,1.89e-05,0.2269,0.3333,0.1741,0.2203,0.3274,0.1746
35,37100,449,1078,1.89e-05,0.2138,0.3277,0.1619,0.1892,0.3106,0.1577
35,37120,469,1078,1.89e-05,0.2566,0.3401,0.1701,0.2356,0.3324,0.1654
35,37140,489,1078,1.89e-05,0.2133,0.3669,0.1836,0.2061,0.3615,0.1824
35,37160,509,1078,1.89e-05,0.2262,0.3456,0.1667,0.2134,0.3288,0.1608
35,37180,529,1078,1.89e-05,0.1882,0.3627,0.1785,0.1823,0.3401,0.1746
35,37200,549,1078,1.89e-05,0.1729,0.2974,0.1716,0.1587,0.2805,0.1651
35,37220,569,1078,1.89e-05,0.2328,0.3237,0.1671,0.2218,0.3035,0.1609
35,37240,589,1078,1.89e-05,0.2109,0.3095,0.168,0.1949,0.2884,0.1615
35,37260,609,1078,1.89e-05,0.2057,0.3281,0.1734,0.1934,0.312,0.1692
35,37280,629,1078,1.89e-05,0.2947,0.3249,0.1849,0.2832,0.3171,0.18
35,37300,649,1078,1.89e-05,0.2179,0.3758,0.18,0.2049,0.3699,0.1779
35,37320,669,1078,1.89e-05,0.2092,0.3474,0.1733,0.1893,0.3239,0.1652
35,37340,689,1078,1.89e-05,0.2509,0.3518,0.1686,0.2291,0.3369,0.1623
35,37360,709,1078,1.89e-05,0.2325,0.3303,0.1704,0.2117,0.3228,0.1758
35,37380,729,1078,1.89e-05,0.1972,0.3203,0.1668,0.1946,0.3106,0.1607
35,37400,749,1078,1.89e-05,0.1844,0.2389,0.1649,0.1595,0.2351,0.1614
35,37420,769,1078,1.89e-05,0.2555,0.3619,0.1929,0.2365,0.3459,0.1873
35,37440,789,1078,1.89e-05,0.2016,0.3779,0.1786,0.1898,0.3582,0.1746
35,37460,809,1078,1.89e-05,0.216,0.3367,0.1713,0.1968,0.3249,0.1686
35,37480,829,1078,1.89e-05,0.2226,0.3365,0.1886,0.2047,0.3208,0.1851
35,37500,849,1078,1.89e-05,0.2219,0.3173,0.1706,0.2105,0.3101,0.1672
35,37520,869,1078,1.89e-05,0.2299,0.3755,0.183,0.226,0.3536,0.1762
35,37540,889,1078,1.89e-05,0.2595,0.2704,0.1635,0.2338,0.2428,0.1527
35,37560,909,1078,1.89e-05,0.2542,0.3845,0.1906,0.2409,0.3645,0.1855
35,37580,929,1078,1.89e-05,0.2395,0.3706,0.1788,0.2334,0.3559,0.1754
35,37600,949,1078,1.89e-05,0.2357,0.3705,0.1874,0.2374,0.3581,0.1867
35,37620,969,1078,1.89e-05,0.2713,0.4031,0.1803,0.2553,0.3888,0.1779
35,37640,989,1078,1.89e-05,0.1787,0.3167,0.1702,0.1698,0.297,0.1648
35,37660,1009,1078,1.89e-05,0.2007,0.2878,0.1767,0.1794,0.2762,0.1723
35,37680,1029,1078,1.89e-05,0.1839,0.3059,0.1759,0.1607,0.2872,0.1713
35,37700,1049,1078,1.89e-05,0.1996,0.2919,0.1727,0.1852,0.2792,0.1714
35,37720,1069,1078,1.89e-05,0.2305,0.3247,0.1721,0.2198,0.3052,0.1658
36,37740,11,1078,1.72e-05,0.2409,0.3212,0.1754,0.2165,0.3088,0.1702
36,37760,31,1078,1.72e-05,0.2034,0.3726,0.1821,0.1879,0.359,0.178
36,37780,51,1078,1.72e-05,0.2201,0.2242,0.1499,0.1963,0.2096,0.1451
36,37800,71,1078,1.72e-05,0.2449,0.3672,0.1837,0.2247,0.3555,0.1773
36,37820,91,1078,1.72e-05,0.2174,0.3128,0.1828,0.2092,0.2942,0.1831
36,37840,111,1078,1.72e-05,0.2297,0.3249,0.1627,0.2122,0.2989,0.1564
36,37860,131,1078,1.72e-05,0.1804,0.2891,0.1664,0.1694,0.2719,0.1634
36,37880,151,1078,1.72e-05,0.1647,0.2272,0.1522,0.1479,0.2129,0.1474
36,37900,171,1078,1.72e-05,0.1938,0.329,0.1588,0.1834,0.3153,0.1554
36,37920,191,1078,1.72e-05,0.2307,0.3527,0.1774,0.2125,0.3337,0.1708
36,37940,211,1078,1.72e-05,0.1884,0.3517,0.1875,0.1694,0.3441,0.1848
36,37960,231,1078,1.72e-05,0.2202,0.3471,0.1671,0.2084,0.3322,0.1636
36,37980,251,1078,1.72e-05,0.2174,0.2761,0.1614,0.1925,0.2656,0.1577
36,38000,271,1078,1.72e-05,0.1777,0.2853,0.1634,0.1486,0.2758,0.1583
36,38020,291,1078,1.72e-05,0.2499,0.3338,0.1612,0.2382,0.3204,0.1564
36,38040,311,1078,1.72e-05,0.2197,0.3574,0.1755,0.2071,0.3362,0.1699
36,38060,331,1078,1.72e-05,0.1746,0.2764,0.1565,0.1568,0.2578,0.1506
36,38080,351,1078,1.72e-05,0.2293,0.3906,0.1645,0.21,0.3737,0.1623
36,38100,371,1078,1.72e-05,0.2384,0.315,0.1726,0.2323,0.3011,0.1677
36,38120,391,1078,1.72e-05,0.2398,0.3119,0.1656,0.2073,0.2919,0.1553
36,38140,411,1078,1.72e-05,0.2067,0.3196,0.1618,0.1948,0.3121,0.1572
36,38160,431,1078,1.72e-05,0.2139,0.311,0.1725,0.2054,0.293,0.169
36,38180,451,1078,1.72e-05,0.1647,0.2351,0.1498,0.1497,0.2225,0.1454
36,38200,471,1078,1.72e-05,0.2314,0.3165,0.1801,0.2172,0.3125,0.1764
36,38220,491,1078,1.72e-05,0.2238,0.3058,0.1663,0.2094,0.2994,0.1618
36,38240,511,1078,1.72e-05,0.2083,0.3217,0.1804,0.1887,0.31,0.1746
36,38260,531,1078,1.72e-05,0.2653,0.3309,0.1717,0.2519,0.3093,0.1661
36,38280,551,1078,1.72e-05,0.2411,0.3804,0.1782,0.2232,0.364,0.1706
36,38300,571,1078,1.72e-05,0.2363,0.3153,0.1777,0.2207,0.3032,0.1718
36,38320,591,1078,1.72e-05,0.1948,0.3241,0.1611,0.1712,0.3066,0.1575
36,38340,611,1078,1.72e-05,0.2885,0.3477,0.1917,0.2729,0.335,0.187
36,38360,631,1078,1.72e-05,0.2785,0.3935,0.1937,0.2717,0.3819,0.1912
36,38380,651,1078,1.72e-05,0.218,0.2656,0.1528,0.2011,0.238,0.1448
36,38400,671,1078,1.72e-05,0.2009,0.3556,0.1722,0.1857,0.329,0.1671
36,38420,691,1078,1.72e-05,0.2096,0.2847,0.1608,0.1988,0.2768,0.1571
36,38440,711,1078,1.72e-05,0.225,0.2982,0.1662,0.1997,0.2853,0.1596
36,38460,731,1078,1.72e-05,0.2124,0.2793,0.16,0.1957,0.2677,0.1586
36,38480,751,1078,1.72e-05,0.2093,0.3255,0.176,0.1865,0.3228,0.1732
36,38500,771,1078,1.72e-05,0.2219,0.3064,0.1719,0.2028,0.2928,0.1684
36,38520,791,1078,1.72e-05,0.1933,0.3077,0.1684,0.1784,0.2887,0.1647
36,38540,811,1078,1.72e-05,0.2023,0.3208,0.1742,0.1845,0.3085,0.1686
36,38560,831,1078,1.72e-05,0.1993,0.3275,0.167,0.1875,0.3211,0.1639
36,38580,851,1078,1.72e-05,0.2238,0.3155,0.165,0.2054,0.291,0.1594
36,38600,871,1078,1.72e-05,0.1705,0.3643,0.1745,0.1617,0.3453,0.1711
36,38620,891,1078,1.72e-05,0.2241,0.3048,0.1708,0.2069,0.2902,0.1675
36,38640,911,1078,1.72e-05,0.1997,0.3141,0.1672,0.1879,0.3011,0.1596
36,38660,931,1078,1.72e-05,0.2344,0.3001,0.1722,0.2232,0.292,0.1662
36,38680,951,1078,1.72e-05,0.2608,0.3499,0.1828,0.2362,0.3427,0.1791
36,38700,971,1078,1.72e-05,0.1851,0.2859,0.1646,0.1715,0.2702,0.1592
36,38720,991,1078,1.72e-05,0.2323,0.3147,0.1672,0.2201,0.3009,0.1653
36,38740,1011,1078,1.72e-05,0.2285,0.3752,0.1802,0.2133,0.3543,0.1734
36,38760,1031,1078,1.72e-05,0.2779,0.362,0.1792,0.2646,0.3411,0.176
36,38780,1051,1078,1.72e-05,0.2191,0.3428,0.1784,0.1978,0.327,0.1715
36,38800,1071,1078,1.72e-05,0.1636,0.2985,0.171,0.1514,0.2771,0.1651
37,38820,13,1078,1.56e-05,0.2126,0.3064,0.176,0.2007,0.2873,0.1702
37,38840,33,1078,1.56e-05,0.2062,0.3344,0.1764,0.1994,0.3144,0.1725
37,38860,53,1078,1.56e-05,0.2228,0.2707,0.1587,0.2059,0.2587,0.1537
37,38880,73,1078,1.56e-05,0.2254,0.3181,0.1855,0.2042,0.3027,0.1811
37,38900,93,1078,1.56e-05,0.292,0.3383,0.1825,0.28,0.3195,0.1762
37,38920,113,1078,1.56e-05,0.254,0.3704,0.176,0.243,0.3669,0.1736
37,38940,133,1078,1.56e-05,0.2119,0.3454,0.1822,0.205,0.3374,0.1794
37,38960,153,1078,1.56e-05,0.2768,0.3852,0.1834,0.2634,0.3673,0.1776
37,38980,173,1078,1.56e-05,0.1694,0.281,0.1614,0.1568,0.2737,0.1563
37,39000,193,1078,1.56e-05,0.2644,0.3252,0.1794,0.2487,0.3138,0.1773
37,39020,213,1078,1.56e-05,0.2205,0.3329,0.1798,0.2031,0.3125,0.1741
37,39040,233,1078,1.56e-05,0.1802,0.3625,0.1762,0.1768,0.3496,0.173
37,39060,253,1078,1.56e-05,0.2141,0.3406,0.1852,0.1987,0.3098,0.1781
37,39080,273,1078,1.56e-05,0.2104,0.3606,0.1756,0.2021,0.3411,0.1722
37,39100,293,1078,1.56e-05,0.211,0.2905,0.1678,0.1972,0.2793,0.1639
37,39120,313,1078,1.56e-05,0.201,0.3212,0.166,0.1852,0.3121,0.1618
37,39140,333,1078,1.56e-05,0.2743,0.3337,0.1786,0.2582,0.3201,0.1701
37,39160,353,1078,1.56e-05,0.2035,0.3148,0.1663,0.1911,0.2998,0.1599
37,39180,373,1078,1.56e-05,0.2408,0.3547,0.1758,0.2261,0.337,0.1718
37,39200,393,1078,1.56e-05,0.2357,0.4048,0.1857,0.2152,0.3809,0.1793
37,39220,413,1078,1.56e-05,0.1887,0.3312,0.1812,0.1774,0.3204,0.1754
37,39240,433,1078,1.56e-05,0.2079,0.3509,0.1841,0.1974,0.3486,0.1852
37,39260,453,1078,1.56e-05,0.1922,0.3119,0.174,0.1761,0.2962,0.1713
37,39280,473,1078,1.56e-05,0.2054,0.3144,0.1803,0.1896,0.2987,0.1804
37,39300,493,1078,1.56e-05,0.1836,0.3407,0.1738,0.168,0.3178,0.1654
37,39320,513,1078,1.56e-05,0.2097,0.3439,0.178,0.1951,0.3262,0.1735
37,39340,533,1078,1.56e-05,0.1851,0.3169,0.1602,0.1591,0.2904,0.1517
37,39360,553,1078,1.56e-05,0.2284,0.3718,0.1767,0.2082,0.3539,0.1743
37,39380,573,1078,1.56e-05,0.224,0.4006,0.1785,0.2079,0.383,0.1759
37,39400,593,1078,1.56e-05,0.1956,0.3398,0.171,0.1814,0.3187,0.165
37,39420,613,1078,1.56e-05,0.2023,0.322,0.1805,0.1989,0.3173,0.1775
37,39440,633,1078,1.56e-05,0.1953,0.3542,0.1748,0.1903,0.3333,0.1694
37,39460,653,1078,1.56e-05,0.2679,0.3421,0.1797,0.2457,0.3176,0.1722
37,39480,673,1078,1.56e-05,0.1871,0.3415,0.1752,0.1762,0.3332,0.1751
37,39500,693,1078,1.56e-05,0.1528,0.2853,0.1689,0.1421,0.2737,0.1675
37,39520,713,1078,1.56e-05,0.2016,0.359,0.1741,0.1867,0.3408,0.1691
37,39540,733,1078,1.56e-05,0.2081,0.3228,0.179,0.1901,0.3051,0.1748
37,39560,753,1078,1.56e-05,0.1932,0.3044,0.1689,0.1802,0.2949,0.1657
37,39580,773,1078,1.56e-05,0.194,0.2733,0.1784,0.1706,0.2557,0.1742
37,39600,793,1078,1.56e-05,0.2098,0.3427,0.1751,0.1973,0.3267,0.1718
37,39620,813,1078,1.56e-05,0.213,0.3961,0.1782,0.1952,0.3822,0.1759
37,39640,833,1078,1.56e-05,0.2421,0.3244,0.177,0.2293,0.3036,0.17
37,39660,853,1078,1.56e-05,0.1881,0.2912,0.1577,0.1661,0.2803,0.154
37,39680,873,1078,1.56e-05,0.2305,0.3533,0.1744,0.2216,0.3433,0.1704
37,39700,893,1078,1.56e-05,0.2151,0.2979,0.186,0.2051,0.2839,0.1818
37,39720,913,1078,1.56e-05,0.2624,0.3398,0.1732,0.2504,0.3188,0.1659
37,39740,933,1078,1.56e-05,0.1954,0.271,0.1616,0.1729,0.2538,0.1596
37,39760,953,1078,1.56e-05,0.207,0.303,0.1744,0.1828,0.292,0.1707
37,39780,973,1078,1.56e-05,0.27,0.3705,0.1893,0.25,0.3523,0.1833
37,39800,993,1078,1.56e-05,0.1848,0.2913,0.1587,0.1649,0.2698,0.1535
37,39820,1013,1078,1.56e-05,0.2107,0.2981,0.1628,0.2029,0.2838,0.1616
37,39840,1033,1078,1.56e-05,0.1885,0.2807,0.1541,0.1701,0.266,0.1499
37,39860,1053,1078,1.56e-05,0.2231,0.2784,0.1628,0.2056,0.264,0.1578
37,39880,1073,1078,1.56e-05,0.1933,0.3103,0.1663,0.1796,0.312,0.1642
38,39900,15,1078,1.4e-05,0.2552,0.375,0.1911,0.2347,0.3553,0.1827
38,39920,35,1078,1.4e-05,0.1818,0.3443,0.1831,0.1744,0.3318,0.1792
38,39940,55,1078,1.4e-05,0.2222,0.3827,0.189,0.2222,0.3652,0.1873
38,39960,75,1078,1.4e-05,0.1789,0.3139,0.169,0.1706,0.2997,0.1635
38,39980,95,1078,1.4e-05,0.2341,0.3447,0.1701,0.2282,0.3325,0.1671
38,40000,115,1078,1.4e-05,0.1789,0.3396,0.1815,0.1591,0.3196,0.1743
38,40020,135,1078,1.4e-05,0.2218,0.3074,0.1691,0.2074,0.2972,0.1671
38,40040,155,1078,1.4e-05,0.2809,0.38,0.1787,0.2601,0.3618,0.1716
38,40060,175,1078,1.4e-05,0.2088,0.324,0.1741,0.1998,0.3059,0.1704
38,40080,195,1078,1.4e-05,0.2224,0.3285,0.1816,0.2098,0.3201,0.1815
38,40100,215,1078,1.4e-05,0.1982,0.3694,0.1774,0.1866,0.3448,0.171
38,40120,235,1078,1.4e-05,0.2,0.3327,0.1793,0.1875,0.3189,0.1733
38,40140,255,1078,1.4e-05,0.1862,0.2856,0.1769,0.1613,0.2768,0.173
38,40160,275,1078,1.4e-05,0.2332,0.3574,0.1768,0.2165,0.3425,0.1717
38,40180,295,1078,1.4e-05,0.1901,0.294,0.1577,0.1694,0.2862,0.1524
38,40200,315,1078,1.4e-05,0.2114,0.3218,0.173,0.202,0.3092,0.1678
38,40220,335,1078,1.4e-05,0.2062,0.3235,0.1679,0.2027,0.313,0.1663
38,40240,355,1078,1.4e-05,0.1895,0.2513,0.1553,0.1747,0.2313,0.1473
38,40260,375,1078,1.4e-05,0.2621,0.3756,0.1881,0.2562,0.3618,0.1811
38,40280,395,1078,1.4e-05,0.2281,0.3387,0.1632,0.2196,0.3252,0.1589
38,40300,415,1078,1.4e-05,0.2126,0.2724,0.1661,0.1971,0.273,0.1648
38,40320,435,1078,1.4e-05,0.2009,0.2718,0.1686,0.1789,0.2562,0.1621
38,40340,455,1078,1.4e-05,0.2047,0.2757,0.1577,0.187,0.2648,0.1524
38,40360,475,1078,1.4e-05,0.2723,0.3815,0.1889,0.2576,0.3688,0.1835
38,40380,495,1078,1.4e-05,0.223,0.3439,0.1803,0.2119,0.3189,0.1728
38,40400,515,1078,1.4e-05,0.2106,0.4151,0.1836,0.1936,0.3901,0.1798
38,40420,535,1078,1.4e-05,0.2078,0.3097,0.1713,0.1917,0.2999,0.1683
38,40440,555,1078,1.4e-05,0.1996,0.3223,0.1694,0.1867,0.3107,0.167
38,40460,575,1078,1.4e-05,0.2101,0.3041,0.1728,0.1935,0.2896,0.1696
38,40480,595,1078,1.4e-05,0.2127,0.3314,0.1775,0.1956,0.3062,0.1718
38,40500,615,1078,1.4e-05,0.2166,0.3023,0.1719,0.2068,0.2963,0.1664
38,40520,635,1078,1.4e-05,0.1913,0.3229,0.1754,0.1698,0.312,0.1727
38,40540,655,1078,1.4e-05,0.2263,0.3262,0.1724,0.2062,0.2985,0.1621
38,40560,675,1078,1.4e-05,0.1837,0.3305,0.1716,0.1699,0.3192,0.1665
38,40580,695,1078,1.4e-05,0.2163,0.3271,0.1662,0.2022,0.3045,0.1607
38,40600,715,1078,1.4e-05,0.2224,0.3226,0.1824,0.2063,0.3196,0.182
38,40620,735,1078,1.4e-05,0.213,0.3329,0.17,0.1991,0.3193,0.1658
38,40640,755,1078,1.4e-05,0.2264,0.3191,0.1657,0.2126,0.3041,0.1605
38,40660,775,1078,1.4e-05,0.2745,0.3055,0.1677,0.2553,0.2876,0.1608
38,40680,795,1078,1.4e-05,0.2401,0.3476,0.1613,0.2378,0.3293,0.1573
38,40700,815,1078,1.4e-05,0.2666,0.305,0.1703,0.2463,0.2864,0.1651
38,40720,835,1078,1.4e-05,0.1999,0.2684,0.158,0.1811,0.2533,0.1538
38,40740,855,1078,1.4e-05,0.2133,0.3265,0.1645,0.1936,0.3222,0.1615
38,40760,875,1078,1.4e-05,0.212,0.279,0.1553,0.1988,0.2672,0.1534
38,40780,895,1078,1.4e-05,0.1982,0.2971,0.1614,0.1815,0.2887,0.1587
38,40800,915,1078,1.4e-05,0.2158,0.3611,0.1764,0.2071,0.3483,0.1746
38,40820,935,1078,1.4e-05,0.1697,0.3033,0.1732,0.1591,0.3004,0.1715
38,40840,955,1078,1.4e-05,0.2351,0.3443,0.1686,0.2184,0.3349,0.1635
38,40860,975,1078,1.4e-05,0.2135,0.335,0.1721,0.1984,0.3189,0.1691
38,40880,995,1078,1.4e-05,0.2292,0.3121,0.1738,0.2099,0.2914,0.168
38,40900,1015,1078,1.4e-05,0.2042,0.3004,0.1735,0.191,0.2858,0.1678
38,40920,1035,1078,1.4e-05,0.2078,0.3097,0.1574,0.1919,0.2873,0.1509
38,40940,1055,1078,1.4e-05,0.2148,0.3675,0.1783,0.1946,0.34,0.1723
38,40960,1075,1078,1.4e-05,0.2212,0.2613,0.1494,0.2095,0.2547,0.147
39,40980,17,1078,1.25e-05,0.2073,0.3199,0.1601,0.1857,0.3048,0.1548
39,41000,37,1078,1.25e-05,0.2009,0.3765,0.185,0.1877,0.3588,0.183
39,41020,57,1078,1.25e-05,0.2304,0.3067,0.166,0.219,0.2917,0.1629
39,41040,77,1078,1.25e-05,0.2349,0.3112,0.1686,0.2213,0.2956,0.1622
39,41060,97,1078,1.25e-05,0.2616,0.2844,0.1679,0.2489,0.2653,0.1591
39,41080,117,1078,1.25e-05,0.2162,0.3481,0.1729,0.2002,0.3312,0.1682
39,41100,137,1078,1.25e-05,0.2318,0.3093,0.1742,0.2123,0.305,0.1716
39,41120,157,1078,1.25e-05,0.216,0.3837,0.1865,0.2126,0.3643,0.18
39,41140,177,1078,1.25e-05,0.22,0.3325,0.1714,0.2066,0.3293,0.1681
39,41160,197,1078,1.25e-05,0.2095,0.3155,0.1861,0.1878,0.3013,0.1832
39,41180,217,1078,1.25e-05,0.2342,0.3007,0.1633,0.2245,0.2986,0.1614
39,41200,237,1078,1.25e-05,0.2119,0.346,0.1772,0.2042,0.3424,0.1762
39,41220,257,1078,1.25e-05,0.2298,0.2742,0.1643,0.2159,0.2603,0.1582
39,41240,277,1078,1.25e-05,0.1967,0.368,0.1861,0.1868,0.3544,0.1816
39,41260,297,1078,1.25e-05,0.1977,0.3889,0.1816,0.1884,0.3678,0.173
39,41280,317,1078,1.25e-05,0.1736,0.2929,0.1686,0.1632,0.2887,0.1665
39,41300,337,1078,1.25e-05,0.2345,0.3005,0.164,0.2251,0.2807,0.1594
39,41320,357,1078,1.25e-05,0.2189,0.3375,0.1867,0.2111,0.319,0.1827
39,41340,377,1078,1.25e-05,0.214,0.3545,0.1884,0.1994,0.3292,0.1822
39,41360,397,1078,1.25e-05,0.2143,0.3419,0.1688,0.2077,0.3182,0.1651
39,41380,417,1078,1.25e-05,0.177,0.3185,0.1713,0.158,0.3084,0.1674
39,41400,437,1078,1.25e-05,0.2195,0.3306,0.17,0.1986,0.3057,0.1634
39,41420,457,1078,1.25e-05,0.2126,0.2727,0.1697,0.1904,0.2621,0.1643
39,41440,477,1078,1.25e-05,0.2057,0.2637,0.1634,0.1834,0.2487,0.1571
39,41460,497,1078,1.25e-05,0.1898,0.2782,0.171,0.1728,0.2688,0.1698
39,41480,517,1078,1.25e-05,0.2981,0.3943,0.1936,0.2922,0.3798,0.1882
39,41500,537,1078,1.25e-05,0.213,0.3809,0.1909,0.1909,0.3551,0.1845
39,41520,557,1078,1.25e-05,0.1779,0.3137,0.1666,0.1714,0.3037,0.16
39,41540,577,1078,1.25e-05,0.1985,0.2911,0.1666,0.187,0.2794,0.1639
39,41560,597,1078,1.25e-05,0.2116,0.2387,0.1609,0.1996,0.2402,0.1602
39,41580,617,1078,1.25e-05,0.1942,0.3355,0.1731,0.1817,0.32,0.1696
39,41600,637,1078,1.25e-05,0.2518,0.3193,0.1766,0.2342,0.2971,0.169
39,41620,657,1078,1.25e-05,0.2266,0.2859,0.1656,0.2146,0.2755,0.1609
39,41640,677,1078,1.25e-05,0.1946,0.3102,0.1783,0.1746,0.3039,0.1748
39,41660,697,1078,1.25e-05,0.1741,0.2999,0.1606,0.1696,0.2904,0.1557
39,41680,717,1078,1.25e-05,0.2728,0.3028,0.1663,0.2588,0.2884,0.1622
39,41700,737,1078,1.25e-05,0.2171,0.3546,0.1739,0.2027,0.3434,0.1682
39,41720,757,1078,1.25e-05,0.2342,0.3025,0.1726,0.2158,0.2826,0.1676
39,41740,777,1078,1.25e-05,0.2104,0.3012,0.1626,0.193,0.2913,0.1641
39,41760,797,1078,1.25e-05,0.2277,0.3226,0.1777,0.2147,0.3218,0.1715
39,41780,817,1078,1.25e-05,0.2356,0.3126,0.1746,0.2142,0.3071,0.1711
39,41800,837,1078,1.25e-05,0.2135,0.3392,0.178,0.2025,0.3171,0.1677
39,41820,857,1078,1.25e-05,0.2148,0.3675,0.1848,0.2061,0.3596,0.1831
39,41840,877,1078,1.25e-05,0.1925,0.2867,0.1686,0.1718,0.2732,0.1631
39,41860,897,1078,1.25e-05,0.2219,0.2839,0.1715,0.1963,0.2701,0.1645
39,41880,917,1078,1.25e-05,0.2302,0.3519,0.1812,0.2169,0.3329,0.1742
39,41900,937,1078,1.25e-05,0.2466,0.3041,0.1769,0.2239,0.2895,0.1734
39,41920,957,1078,1.25e-05,0.1861,0.3037,0.1658,0.1736,0.2823,0.1607
39,41940,977,1078,1.25e-05,0.2526,0.3451,0.1668,0.2404,0.3381,0.1658
39,41960,997,1078,1.25e-05,0.2058,0.2961,0.1592,0.1916,0.2833,0.1557
39,41980,1017,1078,1.25e-05,0.1904,0.2713,0.1677,0.1685,0.2592,0.1642
39,42000,1037,1078,1.25e-05,0.1923,0.3573,0.1707,0.1835,0.3354,0.1651
39,42020,1057,1078,1.25e-05,0.212,0.3726,0.1772,0.2,0.3597,0.1724
39,42040,1077,1078,1.25e-05,0.2009,0.3079,0.1598,0.1801,0.2777,0.151
40,42060,19,1078,1.11e-05,0.2129,0.3404,0.1916,0.1906,0.3251,0.1867
40,42080,39,1078,1.11e-05,0.237,0.2856,0.1684,0.2187,0.2712,0.1626
40,42100,59,1078,1.11e-05,0.2137,0.3336,0.1829,0.1973,0.3267,0.1804
40,42120,79,1078,1.11e-05,0.2187,0.3271,0.1717,0.2035,0.3079,0.1645
40,42140,99,1078,1.11e-05,0.1856,0.2986,0.1737,0.1717,0.2878,0.1694
40,42160,119,1078,1.11e-05,0.2033,0.2918,0.1686,0.1909,0.2768,0.1655
40,42180,139,1078,1.11e-05,0.2148,0.3501,0.1835,0.2053,0.3285,0.1769
40,42200,159,1078,1.11e-05,0.2089,0.3083,0.1696,0.1898,0.2998,0.1647
40,42220,179,1078,1.11e-05,0.1976,0.3453,0.1793,0.1839,0.3339,0.1762
40,42240,199,1078,1.11e-05,0.188,0.3107,0.1562,0.17,0.3069,0.1541
40,42260,219,1078,1.11e-05,0.2203,0.3288,0.1752,0.2022,0.3222,0.1718
40,42280,239,1078,1.11e-05,0.2193,0.3141,0.1807,0.2054,0.2968,0.1769
40,42300,259,1078,1.11e-05,0.1701,0.3183,0.1672,0.1536,0.2903,0.1605
40,42320,279,1078,1.11e-05,0.2521,0.3011,0.168,0.2287,0.2888,0.1636
40,42340,299,1078,1.11e-05,0.2405,0.3041,0.1743,0.2193,0.2924,0.1686
40,42360,319,1078,1.11e-05,0.2181,0.3566,0.1748,0.1999,0.3385,0.1711
40,42380,339,1078,1.11e-05,0.2864,0.3578,0.1834,0.2698,0.3501,0.18
40,42400,359,1078,1.11e-05,0.2307,0.324,0.1713,0.2145,0.3121,0.1661
40,42420,379,1078,1.11e-05,0.1987,0.3409,0.1854,0.1755,0.3202,0.1798
40,42440,399,1078,1.11e-05,0.1764,0.3436,0.1737,0.1663,0.3251,0.1732
40,42460,419,1078,1.11e-05,0.1651,0.2534,0.1535,0.1454,0.2521,0.1503
40,42480,439,1078,1.11e-05,0.195,0.2837,0.1662,0.1798,0.267,0.16
40,42500,459,1078,1.11e-05,0.2228,0.3067,0.1738,0.2055,0.2851,0.1684
40,42520,479,1078,1.11e-05,0.2233,0.2963,0.1645,0.1997,0.2741,0.155
40,42540,499,1078,1.11e-05,0.1979,0.2901,0.1649,0.1744,0.274,0.1584
40,42560,519,1078,1.11e-05,0.1992,0.2812,0.1573,0.1791,0.2691,0.1545
40,42580,539,1078,1.11e-05,0.1931,0.378,0.1835,0.1755,0.3681,0.1804
40,42600,559,1078,1.11e-05,0.2151,0.2983,0.1682,0.2015,0.2833,0.1637
40,42620,579,1078,1.11e-05,0.2184,0.3358,0.1638,0.1933,0.3126,0.1578
40,42640,599,1078,1.11e-05,0.2449,0.3304,0.1758,0.2303,0.3158,0.1712
40,42660,619,1078,1.11e-05,0.2218,0.3432,0.1671,0.2055,0.3219,0.1622
40,42680,639,1078,1.11e-05,0.2217,0.3282,0.1693,0.2202,0.3129,0.1641
40,42700,659,1078,1.11e-05,0.2404,0.3625,0.1757,0.2321,0.3391,0.1688
40,42720,679,1078,1.11e-05,0.2322,0.2825,0.1564,0.2137,0.2723,0.1518
40,42740,699,1078,1.11e-05,0.2145,0.359,0.1798,0.1886,0.3429,0.1762
40,42760,719,1078,1.11e-05,0.1591,0.2879,0.1593,0.1484,0.2726,0.1572
40,42780,739,1078,1.11e-05,0.2095,0.3411,0.1698,0.1983,0.3323,0.1673
40,42800,759,1078,1.11e-05,0.1934,0.3378,0.1608,0.1788,0.3355,0.1561
40,42820,779,1078,1.11e-05,0.2205,0.3422,0.1828,0.2178,0.3241,0.179
40,42840,799,1078,1.11e-05,0.2675,0.3335,0.1738,0.2598,0.3122,0.1666
40,42860,819,1078,1.11e-05,0.2024,0.2797,0.1706,0.1846,0.2653,0.1649
40,42880,839,1078,1.11e-05,0.2049,0.3458,0.1783,0.1852,0.3236,0.1729
40,42900,859,1078,1.11e-05,0.2141,0.3505,0.1863,0.1931,0.3275,0.1821
40,42920,879,1078,1.11e-05,0.226,0.3785,0.1773,0.2101,0.3627,0.1716
40,42940,899,1078,1.11e-05,0.1929,0.3625,0.1835,0.1867,0.3452,0.1777
40,42960,919,1078,1.11e-05,0.176,0.2673,0.1715,0.1583,0.2545,0.1678
40,42980,939,1078,1.11e-05,0.1528,0.2878,0.1602,0.1413,0.2691,0.1537
40,43000,959,1078,1.11e-05,0.2633,0.2986,0.1747,0.2509,0.2703,0.1678
40,43020,979,1078,1.11e-05,0.2025,0.3108,0.1654,0.1895,0.297,0.1599
40,43040,999,1078,1.11e-05,0.201,0.2962,0.1622,0.1777,0.2871,0.1578
40,43060,1019,1078,1.11e-05,0.222,0.2872,0.1629,0.2102,0.273,0.1553
40,43080,1039,1078,1.11e-05,0.2537,0.3823,0.1825,0.2351,0.3674,0.1765
40,43100,1059,1078,1.11e-05,0.2114,0.3114,0.1755,0.1913,0.2975,0.1699
41,43120,1,1078,9.85e-06,0.2235,0.3096,0.1705,0.2225,0.3015,0.1675
41,43140,21,1078,9.85e-06,0.2132,0.311,0.1695,0.1947,0.3009,0.1658
41,43160,41,1078,9.85e-06,0.2053,0.2666,0.1524,0.2062,0.2613,0.1515
41,43180,61,1078,9.85e-06,0.231,0.3175,0.1643,0.2129,0.3033,0.1591
41,43200,81,1078,9.85e-06,0.2186,0.3534,0.1621,0.2002,0.3274,0.1543
41,43220,101,1078,9.85e-06,0.175,0.2742,0.1745,0.158,0.2653,0.1707
41,43240,121,1078,9.85e-06,0.2486,0.302,0.181,0.2319,0.295,0.1762
41,43260,141,1078,9.85e-06,0.1856,0.3166,0.1663,0.1737,0.3126,0.1651
41,43280,161,1078,9.85e-06,0.2409,0.3997,0.1783,0.2213,0.3769,0.1726
41,43300,181,1078,9.85e-06,0.183,0.2773,0.1638,0.1668,0.2609,0.1599
41,43320,201,1078,9.85e-06,0.2319,0.332,0.1743,0.2069,0.3118,0.1683
41,43340,221,1078,9.85e-06,0.2381,0.3722,0.1797,0.2182,0.3521,0.175
41,43360,241,1078,9.85e-06,0.1937,0.3098,0.1719,0.18,0.2912,0.1681
41,43380,261,1078,9.85e-06,0.1692,0.2865,0.1573,0.1501,0.2674,0.1505
41,43400,281,1078,9.85e-06,0.1903,0.2989,0.1756,0.1778,0.2978,0.1745
41,43420,301,1078,9.85e-06,0.2375,0.3168,0.1788,0.2123,0.2929,0.1735
41,43440,321,1078,9.85e-06,0.2535,0.3419,0.1809,0.236,0.322,0.1729
41,43460,341,1078,9.85e-06,0.177,0.2626,0.1637,0.1659,0.2407,0.1588
41,43480,361,1078,9.85e-06,0.1962,0.3086,0.1655,0.1826,0.3002,0.1636
41,43500,381,1078,9.85e-06,0.233,0.2803,0.1604,0.2164,0.273,0.1571
41,43520,401,1078,9.85e-06,0.2617,0.3679,0.1808,0.2467,0.3421,0.174
41,43540,421,1078,9.85e-06,0.1922,0.3236,0.1779,0.1774,0.2969,0.17
41,43560,441,1078,9.85e-06,0.2216,0.3032,0.1678,0.1906,0.2939,0.162
41,43580,461,1078,9.85e-06,0.2339,0.3097,0.178,0.2151,0.2821,0.1714
41,43600,481,1078,9.85e-06,0.2984,0.322,0.1752,0.2716,0.3117,0.1714
41,43620,501,1078,9.85e-06,0.2735,0.3761,0.1791,0.2546,0.3558,0.1732
41,43640,521,1078,9.85e-06,0.1936,0.306,0.1801,0.1744,0.2912,0.1774
41,43660,541,1078,9.85e-06,0.2233,0.3707,0.1888,0.215,0.3575,0.1846
41,43680,561,1078,9.85e-06,0.192,0.3016,0.1605,0.1768,0.2894,0.1582
41,43700,581,1078,9.85e-06,0.243,0.3196,0.178,0.2337,0.3021,0.1735
41,43720,601,1078,9.85e-06,0.215,0.2893,0.1682,0.1983,0.279,0.1634
41,43740,621,1078,9.85e-06,0.1941,0.3254,0.1758,0.1733,0.308,0.1701
41,43760,641,1078,9.85e-06,0.2415,0.2943,0.1633,0.2222,0.283,0.1607
41,43780,661,1078,9.85e-06,0.208,0.3295,0.1713,0.1966,0.3264,0.1691
41,43800,681,1078,9.85e-06,0.237,0.3751,0.1749,0.2202,0.3556,0.1697
41,43820,701,1078,9.85e-06,0.1844,0.2973,0.1797,0.1746,0.271,0.1745
41,43840,721,1078,9.85e-06,0.1981,0.2571,0.1597,0.1787,0.2422,0.1585
41,43860,741,1078,9.85e-06,0.2249,0.2589,0.1541,0.1987,0.2444,0.1495
41,43880,761,1078,9.85e-06,0.2182,0.3289,0.1756,0.199,0.3117,0.1715
41,43900,781,1078,9.85e-06,0.1722,0.2675,0.1619,0.1539,0.253,0.1557
41,43920,801,1078,9.85e-06,0.2387,0.3458,0.1794,0.2211,0.3257,0.1735
41,43940,821,1078,9.85e-06,0.2062,0.3621,0.1781,0.1917,0.3379,0.172
41,43960,841,1078,9.85e-06,0.259,0.3291,0.1823,0.2295,0.3088,0.1775
41,43980,861,1078,9.85e-06,0.2244,0.3411,0.1708,0.2067,0.3246,0.1673
41,44000,881,1078,9.85e-06,0.206,0.3663,0.1788,0.1918,0.3531,0.1732
41,44020,901,1078,9.85e-06,0.2341,0.3086,0.1879,0.2071,0.3006,0.1839
41,44040,921,1078,9.85e-06,0.1622,0.2317,0.1677,0.1388,0.2276,0.1651
41,44060,941,1078,9.85e-06,0.1928,0.3551,0.189,0.1725,0.3258,0.1779
41,44080,961,1078,9.85e-06,0.243,0.3366,0.1852,0.2092,0.3158,0.1794
41,44100,981,1078,9.85e-06,0.1976,0.3226,0.1752,0.1874,0.3153,0.1715
41,44120,1001,1078,9.85e-06,0.2198,0.3164,0.1681,0.2104,0.2892,0.1594
41,44140,1021,1078,9.85e-06,0.191,0.3063,0.1626,0.1778,0.2944,0.1589
41,44160,1041,1078,9.85e-06,0.2564,0.378,0.17,0.2362,0.3503,0.1638
41,44180,1061,1078,9.85e-06,0.1804,0.2914,0.168,0.1626,0.2749,0.16
42,44200,3,1078,8.68e-06,0.1961,0.3647,0.1784,0.1831,0.3614,0.1757
42,44220,23,1078,8.68e-06,0.2777,0.3626,0.1776,0.2623,0.3435,0.1743
42,44240,43,1078,8.68e-06,0.2534,0.365,0.1825,0.242,0.3424,0.1741
42,44260,63,1078,8.68e-06,0.2028,0.2976,0.1708,0.1831,0.2931,0.1696
42,44280,83,1078,8.68e-06,0.229,0.3554,0.1729,0.2159,0.3403,0.1671
42,44300,103,1078,8.68e-06,0.2222,0.3163,0.1667,0.1936,0.2975,0.1639
42,44320,123,1078,8.68e-06,0.2039,0.3817,0.1894,0.1925,0.3678,0.1848
42,44340,143,1078,8.68e-06,0.2167,0.381,0.1769,0.2033,0.3557,0.171
42,44360,163,1078,8.68e-06,0.1899,0.3062,0.1697,0.1702,0.291,0.1639
42,44380,183,1078,8.68e-06,0.2082,0.291,0.1626,0.1919,0.2779,0.1582
42,44400,203,1078,8.68e-06,0.2265,0.3153,0.1854,0.2128,0.2936,0.1838
42,44420,223,1078,8.68e-06,0.198,0.332,0.1724,0.1817,0.323,0.1702
42,44440,243,1078,8.68e-06,0.2064,0.3433,0.1706,0.1917,0.3304,0.1672
42,44460,263,1078,8.68e-06,0.2539,0.3611,0.1749,0.2264,0.3413,0.1687
42,44480,283,1078,8.68e-06,0.1963,0.3281,0.1737,0.1814,0.3079,0.1689
42,44500,303,1078,8.68e-06,0.2209,0.3526,0.1876,0.1981,0.3415,0.1863
42,44520,323,1078,8.68e-06,0.1911,0.2666,0.1574,0.1733,0.2503,0.1534
42,44540,343,1078,8.68e-06,0.183,0.3279,0.1649,0.1692,0.3169,0.1632
42,44560,363,1078,8.68e-06,0.2638,0.361,0.1831,0.2465,0.3448,0.1772
42,44580,383,1078,8.68e-06,0.2341,0.3374,0.1811,0.2279,0.316,0.177
42,44600,403,1078,8.68e-06,0.1433,0.3193,0.1702,0.137,0.3025,0.1655
42,44620,423,1078,8.68e-06,0.1877,0.3906,0.1832,0.175,0.3814,0.1806
42,44640,443,1078,8.68e-06,0.2271,0.385,0.1794,0.2153,0.3607,0.1745
42,44660,463,1078,8.68e-06,0.2588,0.2957,0.1685,0.2358,0.2741,0.1618
42,44680,483,1078,8.68e-06,0.1996,0.327,0.1749,0.1888,0.312,0.172
42,44700,503,1078,8.68e-06,0.1749,0.292,0.1593,0.1612,0.2823,0.1542
42,44720,523,1078,8.68e-06,0.2309,0.3566,0.185,0.2058,0.332,0.1759
42,44740,543,1078,8.68e-06,0.1874,0.2997,0.1684,0.179,0.295,0.1666
42,44760,563,1078,8.68e-06,0.2913,0.3472,0.1543,0.2754,0.3363,0.153
42,44780,583,1078,8.68e-06,0.2074,0.2297,0.1527,0.2009,0.2225,0.1501
42,44800,603,1078,8.68e-06,0.2242,0.3652,0.1726,0.2111,0.3464,0.1674
42,44820,623,1078,8.68e-06,0.2457,0.3039,0.1741,0.2285,0.2882,0.1677
42,44840,643,1078,8.68e-06,0.1976,0.2945,0.1618,0.1819,0.2755,0.157
42,44860,663,1078,8.68e-06,0.2007,0.3916,0.1868,0.1876,0.3712,0.1834
42,44880,683,1078,8.68e-06,0.2061,0.292,0.1666,0.1831,0.282,0.1632
42,44900,703,1078,8.68e-06,0.2065,0.3461,0.1693,0.1882,0.3321,0.1646
42,44920,723,1078,8.68e-06,0.2193,0.3069,0.167,0.1954,0.2854,0.1621
42,44940,743,1078,8.68e-06,0.215,0.3674,0.1782,0.1957,0.3545,0.1757
42,44960,763,1078,8.68e-06,0.19,0.3666,0.1669,0.1735,0.3473,0.1633
42,44980,783,1078,8.68e-06,0.2085,0.2565,0.1519,0.1892,0.2443,0.1489
42,45000,803,1078,8.68e-06,0.2107,0.3295,0.1773,0.1867,0.3108,0.1688
42,45020,823,1078,8.68e-06,0.2082,0.3486,0.1728,0.2028,0.3352,0.1673
42,45040,843,1078,8.68e-06,0.1964,0.3371,0.1684,0.1819,0.3235,0.163
42,45060,863,1078,8.68e-06,0.2175,0.3479,0.1648,0.1913,0.3298,0.1622
42,45080,883,1078,8.68e-06,0.1905,0.2836,0.1545,0.1684,0.2633,0.1512
42,45100,903,1078,8.68e-06,0.1951,0.2835,0.1482,0.1695,0.2596,0.1404
42,45120,923,1078,8.68e-06,0.2444,0.3184,0.1668,0.2229,0.3056,0.1622
42,45140,943,1078,8.68e-06,0.1948,0.3461,0.1771,0.186,0.3269,0.1694
42,45160,963,1078,8.68e-06,0.1893,0.3072,0.1742,0.1744,0.2985,0.1697
42,45180,983,1078,8.68e-06,0.2471,0.2911,0.1657,0.2287,0.2815,0.1627
42,45200,1003,1078,8.68e-06,0.1782,0.2468,0.1681,0.1548,0.2321,0.1629
42,45220,1023,1078,8.68e-06,0.2117,0.3134,0.1662,0.1944,0.3049,0.1618
42,45240,1043,1078,8.68e-06,0.2178,0.2627,0.1553,0.1937,0.2518,0.15
42,45260,1063,1078,8.68e-06,0.2302,0.3435,0.1736,0.2189,0.3354,0.1703
43,45280,5,1078,7.61e-06,0.1981,0.2995,0.1528,0.1938,0.2821,0.1491
43,45300,25,1078,7.61e-06,0.2255,0.2793,0.1714,0.2176,0.2581,0.165
43,45320,45,1078,7.61e-06,0.216,0.3564,0.1837,0.2013,0.3445,0.178
43,45340,65,1078,7.61e-06,0.2082,0.3102,0.1628,0.1977,0.2851,0.1562
43,45360,85,1078,7.61e-06,0.2164,0.3485,0.1682,0.202,0.3403,0.1647
43,45380,105,1078,7.61e-06,0.235,0.3767,0.1612,0.2246,0.3549,0.1554
43,45400,125,1078,7.61e-06,0.2151,0.3291,0.1743,0.2044,0.3142,0.1703
43,45420,145,1078,7.61e-06,0.2077,0.3321,0.1881,0.1949,0.3163,0.1845
43,45440,165,1078,7.61e-06,0.2768,0.3591,0.1778,0.2646,0.3366,0.175
43,45460,185,1078,7.61e-06,0.233,0.358,0.174,0.2315,0.3379,0.1657
43,45480,205,1078,7.61e-06,0.2474,0.2755,0.163,0.222,0.246,0.1555
43,45500,225,1078,7.61e-06,0.2525,0.3355,0.1846,0.2301,0.3111,0.1778
43,45520,245,1078,7.61e-06,0.2534,0.3328,0.1868,0.2447,0.3226,0.1852
43,45540,265,1078,7.61e-06,0.2405,0.3856,0.1817,0.2278,0.3642,0.1766
43,45560,285,1078,7.61e-06,0.1912,0.2829,0.1687,0.1723,0.2645,0.1619
43,45580,305,1078,7.61e-06,0.1826,0.2849,0.164,0.1569,0.262,0.1595
43,45600,325,1078,7.61e-06,0.1757,0.3317,0.1704,0.1734,0.3165,0.1653
43,45620,345,1078,7.61e-06,0.2118,0.3119,0.1752,0.1955,0.305,0.1719
43,45640,365,1078,7.61e-06,0.2268,0.3155,0.1679,0.2103,0.2903,0.1617
43,45660,385,1078,7.61e-06,0.2097,0.2645,0.159,0.1771,0.2367,0.1539
43,45680,405,1078,7.61e-06,0.1886,0.3402,0.1689,0.1692,0.3318,0.1664
43,45700,425,1078,7.61e-06,0.2424,0.3425,0.1787,0.2229,0.3238,0.1739
43,45720,445,1078,7.61e-06,0.2219,0.3029,0.1664,0.2033,0.2942,0.1622
43,45740,465,1078,7.61e-06,0.2358,0.2909,0.1626,0.2267,0.2772,0.1568
43,45760,485,1078,7.61e-06,0.2451,0.2934,0.1591,0.2173,0.2885,0.1549
43,45780,505,1078,7.61e-06,0.2141,0.325,0.1725,0.1956,0.3111,0.1692
43,45800,525,1078,7.61e-06,0.2642,0.3533,0.1853,0.2466,0.3365,0.1811
43,45820,545,1078,7.61e-06,0.2156,0.3262,0.1752,0.1902,0.3052,0.1691
43,45840,565,1078,7.61e-06,0.2043,0.3141,0.1664,0.1829,0.3021,0.1616
43,45860,585,1078,7.61e-06,0.1664,0.3114,0.1735,0.1558,0.3037,0.1712
43,45880,605,1078,7.61e-06,0.2381,0.3517,0.1784,0.2332,0.3395,0.1737
43,45900,625,1078,7.61e-06,0.234,0.3236,0.1696,0.2214,0.2994,0.1644
43,45920,645,1078,7.61e-06,0.2302,0.3413,0.1784,0.2223,0.3272,0.1755
43,45940,665,1078,7.61e-06,0.1721,0.3772,0.1827,0.1619,0.3587,0.1778
43,45960,685,1078,7.61e-06,0.2009,0.307,0.1609,0.188,0.2952,0.1563
43,45980,705,1078,7.61e-06,0.2033,0.3108,0.165,0.1784,0.3011,0.1608
43,46000,725,1078,7.61e-06,0.2034,0.3521,0.1727,0.1872,0.3356,0.1686
43,46020,745,1078,7.61e-06,0.2129,0.3582,0.1805,0.1976,0.3355,0.1758
43,46040,765,1078,7.61e-06,0.2784,0.4043,0.2006,0.2591,0.3858,0.1945
43,46060,785,1078,7.61e-06,0.275,0.3385,0.1779,0.2573,0.3207,0.1694
43,46080,805,1078,7.61e-06,0.1859,0.2594,0.1619,0.1628,0.2427,0.1575
43,46100,825,1078,7.61e-06,0.2394,0.3396,0.1603,0.2304,0.3284,0.1549
43,46120,845,1078,7.61e-06,0.1968,0.292,0.1615,0.1793,0.2672,0.1569
43,46140,865,1078,7.61e-06,0.1577,0.2506,0.1648,0.1378,0.238,0.1601
43,46160,885,1078,7.61e-06,0.2194,0.2749,0.1519,0.1973,0.2516,0.1456
43,46180,905,1078,7.61e-06,0.2728,0.2983,0.1652,0.2557,0.2808,0.16
43,46200,925,1078,7.61e-06,0.2199,0.333,0.1697,0.2041,0.3129,0.1665
43,46220,945,1078,7.61e-06,0.1887,0.324,0.1641,0.1682,0.3178,0.1596
43,46240,965,1078,7.61e-06,0.2181,0.2754,0.1628,0.1923,0.2734,0.1624
43,46260,985,1078,7.61e-06,0.2382,0.3147,0.1671,0.2284,0.2989,0.1637
43,46280,1005,1078,7.61e-06,0.2822,0.3475,0.1736,0.2592,0.3418,0.1706
43,46300,1025,1078,7.61e-06,0.1684,0.2787,0.1677,0.1469,0.2679,0.165
43,46320,1045,1078,7.61e-06,0.2011,0.2916,0.1677,0.1851,0.2731,0.1596
43,46340,1065,1078,7.61e-06,0.1831,0.3099,0.1705,0.1682,0.2938,0.1646
44,46360,7,1078,6.66e-06,0.2595,0.2954,0.1655,0.2413,0.2634,0.157
44,46380,27,1078,6.66e-06,0.2135,0.257,0.152,0.1907,0.2415,0.1478
44,46400,47,1078,6.66e-06,0.2171,0.3209,0.1649,0.2047,0.3065,0.1628
44,46420,67,1078,6.66e-06,0.2208,0.369,0.1692,0.2102,0.3639,0.1665
44,46440,87,1078,6.66e-06,0.1995,0.2424,0.169,0.176,0.2247,0.1616
44,46460,107,1078,6.66e-06,0.225,0.3131,0.1824,0.203,0.2966,0.1768
44,46480,127,1078,6.66e-06,0.2502,0.3822,0.1899,0.2362,0.3705,0.185
44,46500,147,1078,6.66e-06,0.2295,0.3362,0.1605,0.2141,0.3261,0.1567
44,46520,167,1078,6.66e-06,0.1678,0.3153,0.1695,0.1545,0.2983,0.1675
44,46540,187,1078,6.66e-06,0.2072,0.3449,0.1699,0.1985,0.3266,0.1659
44,46560,207,1078,6.66e-06,0.1961,0.3006,0.1643,0.1786,0.2904,0.1604
44,46580,227,1078,6.66e-06,0.2135,0.3617,0.1894,0.1917,0.3368,0.1834
44,46600,247,1078,6.66e-06,0.1785,0.304,0.1695,0.164,0.2841,0.1642
44,46620,267,1078,6.66e-06,0.2515,0.4227,0.1961,0.2277,0.4094,0.1927
44,46640,287,1078,6.66e-06,0.2233,0.3289,0.1731,0.2109,0.3152,0.1682
44,46660,307,1078,6.66e-06,0.2383,0.3326,0.1786,0.2215,0.319,0.1741
44,46680,327,1078,6.66e-06,0.1876,0.2717,0.1491,0.173,0.25,0.1443
44,46700,347,1078,6.66e-06,0.2162,0.2785,0.1646,0.2049,0.264,0.159
44,46720,367,1078,6.66e-06,0.2895,0.3164,0.1776,0.2717,0.2964,0.1708
44,46740,387,1078,6.66e-06,0.2263,0.308,0.1672,0.2141,0.2951,0.1651
44,46760,407,1078,6.66e-06,0.1956,0.2695,0.1609,0.1879,0.2547,0.1552
44,46780,427,1078,6.66e-06,0.2147,0.2921,0.1689,0.2004,0.2822,0.1625
44,46800,447,1078,6.66e-06,0.2105,0.3088,0.1691,0.1998,0.2922,0.1613
44,46820,467,1078,6.66e-06,0.2557,0.3352,0.1726,0.2364,0.3156,0.1693
44,46840,487,1078,6.66e-06,0.2033,0.3546,0.1806,0.1896,0.3323,0.1708
44,46860,507,1078,6.66e-06,0.2246,0.3378,0.1891,0.2082,0.3126,0.1834
44,46880,527,1078,6.66e-06,0.2367,0.3938,0.2072,0.2267,0.3563,0.1961
44,46900,547,1078,6.66e-06,0.2072,0.2897,0.1593,0.1859,0.2807,0.1548
44,46920,567,1078,6.66e-06,0.2725,0.3463,0.1771,0.2466,0.3119,0.1688
44,46940,587,1078,6.66e-06,0.2416,0.3605,0.1901,0.226,0.3388,0.1837
44,46960,607,1078,6.66e-06,0.2347,0.4038,0.1981,0.216,0.3806,0.1924
44,46980,627,1078,6.66e-06,0.2324,0.2675,0.1616,0.1997,0.2532,0.156
44,47000,647,1078,6.66e-06,0.226,0.2494,0.1527,0.1938,0.2392,0.1483
44,47020,667,1078,6.66e-06,0.1861,0.27,0.1631,0.1699,0.2584,0.1602
44,47040,687,1078,6.66e-06,0.1729,0.3218,0.1579,0.1576,0.3037,0.1538
44,47060,707,1078,6.66e-06,0.1762,0.2782,0.1671,0.1595,0.2693,0.1624
44,47080,727,1078,6.66e-06,0.2251,0.3454,0.1828,0.2114,0.3197,0.1755
44,47100,747,1078,6.66e-06,0.1881,0.3689,0.1624,0.1764,0.3422,0.1574
44,47120,767,1078,6.66e-06,0.2008,0.3046,0.1742,0.1815,0.2856,0.1691
44,47140,787,1078,6.66e-06,0.2279,0.3782,0.1928,0.2037,0.3572,0.1911
44,47160,807,1078,6.66e-06,0.2646,0.3289,0.1811,0.2528,0.3138,0.178
44,47180,827,1078,6.66e-06,0.2544,0.2735,0.1616,0.2215,0.2583,0.157
44,47200,847,1078,6.66e-06,0.242,0.3755,0.1955,0.2162,0.3496,0.1896
44,47220,867,1078,6.66e-06,0.2501,0.3481,0.1718,0.2348,0.3161,0.1649
44,47240,887,1078,6.66e-06,0.2134,0.3151,0.1656,0.2033,0.2932,0.1611
44,47260,907,1078,6.66e-06,0.2247,0.3225,0.1632,0.2096,0.3143,0.1597
44,47280,927,1078,6.66e-06,0.1943,0.38,0.171,0.1781,0.3609,0.1655
44,47300,947,1078,6.66e-06,0.2178,0.2842,0.1662,0.1996,0.2688,0.1606
44,47320,967,1078,6.66e-06,0.2134,0.2958,0.1578,0.202,0.2825,0.1541
44,47340,987,1078,6.66e-06,0.2577,0.2986,0.1785,0.2218,0.2811,0.1732
44,47360,1007,1078,6.66e-06,0.1928,0.3534,0.1775,0.1791,0.3425,0.1733
44,47380,1027,1078,6.66e-06,0.2086,0.2877,0.1743,0.1891,0.2691,0.1697
44,47400,1047,1078,6.66e-06,0.1975,0.2984,0.1608,0.1735,0.2782,0.1554
44,47420,1067,1078,6.66e-06,0.1866,0.2646,0.1638,0.1748,0.2491,0.1587
45,47440,9,1078,5.83e-06,0.2563,0.3556,0.166,0.2364,0.3464,0.1626
45,47460,29,1078,5.83e-06,0.2439,0.391,0.1741,0.2326,0.3744,0.1707
45,47480,49,1078,5.83e-06,0.1767,0.3096,0.1686,0.1556,0.2881,0.1629
45,47500,69,1078,5.83e-06,0.2297,0.2918,0.1618,0.1965,0.2787,0.1577
45,47520,89,1078,5.83e-06,0.231,0.3394,0.1857,0.207,0.3279,0.1799
45,47540,109,1078,5.83e-06,0.1869,0.3206,0.1781,0.1785,0.3022,0.1742
45,47560,129,1078,5.83e-06,0.2544,0.3782,0.1774,0.2391,0.3722,0.1745
45,47580,149,1078,5.83e-06,0.2164,0.2977,0.1735,0.2012,0.2802,0.1707
45,47600,169,1078,5.83e-06,0.2037,0.3305,0.181,0.2122,0.3246,0.1811
45,47620,189,1078,5.83e-06,0.2208,0.3323,0.1628,0.2008,0.3205,0.1563
45,47640,209,1078,5.83e-06,0.2073,0.3036,0.1718,0.1949,0.2901,0.1679
45,47660,229,1078,5.83e-06,0.1888,0.3163,0.1692,0.1709,0.2909,0.1657
45,47680,249,1078,5.83e-06,0.237,0.3475,0.1744,0.2299,0.3228,0.1681
45,47700,269,1078,5.83e-06,0.219,0.3728,0.1827,0.2013,0.3431,0.1722
45,47720,289,1078,5.83e-06,0.2385,0.3451,0.1662,0.2249,0.3112,0.1576
45,47740,309,1078,5.83e-06,0.2321,0.3129,0.1658,0.2185,0.2937,0.1623
45,47760,329,1078,5.83e-06,0.2071,0.2924,0.1624,0.1925,0.2789,0.1589
45,47780,349,1078,5.83e-06,0.2046,0.3674,0.1809,0.1904,0.3534,0.1759
45,47800,369,1078,5.83e-06,0.2511,0.3586,0.1858,0.2437,0.3515,0.185
45,47820,389,1078,5.83e-06,0.2162,0.2454,0.1578,0.1863,0.2322,0.1527
45,47840,409,1078,5.83e-06,0.2622,0.2978,0.1801,0.2328,0.2792,0.1721
45,47860,429,1078,5.83e-06,0.1735,0.3309,0.1723,0.1548,0.3125,0.1677
45,47880,449,1078,5.83e-06,0.2024,0.3373,0.172,0.191,0.3296,0.1696
45,47900,469,1078,5.83e-06,0.2265,0.2358,0.1524,0.1954,0.2141,0.1459
45,47920,489,1078,5.83e-06,0.2187,0.3963,0.186,0.2041,0.3809,0.1828
45,47940,509,1078,5.83e-06,0.2114,0.2858,0.1653,0.1896,0.2718,0.1602
45,47960,529,1078,5.83e-06,0.2646,0.3005,0.175,0.2412,0.2886,0.1715
45,47980,549,1078,5.83e-06,0.2265,0.2871,0.16,0.2065,0.2677,0.1545
45,48000,569,1078,5.83e-06,0.1975,0.2796,0.1645,0.1808,0.2675,0.1596
45,48020,589,1078,5.83e-06,0.1912,0.291,0.1602,0.182,0.282,0.158
45,48040,609,1078,5.83e-06,0.2032,0.3337,0.1788,0.1848,0.319,0.1749
45,48060,629,1078,5.83e-06,0.2287,0.34,0.1758,0.2193,0.3257,0.1734
45,48080,649,1078,5.83e-06,0.2052,0.3331,0.1624,0.1845,0.3056,0.1556
45,48100,669,1078,5.83e-06,0.2296,0.3284,0.1767,0.2083,0.3242,0.1743
45,48120,689,1078,5.83e-06,0.2547,0.293,0.1686,0.2247,0.2681,0.1613
45,48140,709,1078,5.83e-06,0.2,0.3181,0.1725,0.1819,0.3005,0.1673
45,48160,729,1078,5.83e-06,0.1933,0.3374,0.1796,0.187,0.3153,0.1725
45,48180,749,1078,5.83e-06,0.2199,0.3162,0.1627,0.2012,0.2998,0.1576
45,48200,769,1078,5.83e-06,0.2269,0.3379,0.1718,0.2096,0.3287,0.1705
45,48220,789,1078,5.83e-06,0.2055,0.3374,0.1685,0.1879,0.3243,0.164
45,48240,809,1078,5.83e-06,0.1815,0.3397,0.161,0.1642,0.3211,0.1576
45,48260,829,1078,5.83e-06,0.2161,0.3616,0.1755,0.2056,0.3457,0.1707
45,48280,849,1078,5.83e-06,0.2443,0.3267,0.175,0.2379,0.3157,0.1705
45,48300,869,1078,5.83e-06,0.2849,0.3069,0.171,0.2525,0.2896,0.1642
45,48320,889,1078,5.83e-06,0.2219,0.296,0.1738,0.1956,0.2763,0.1671
45,48340,909,1078,5.83e-06,0.2146,0.3334,0.1759,0.1912,0.3172,0.1748
45,48360,929,1078,5.83e-06,0.2508,0.2956,0.1597,0.2255,0.2815,0.1539
45,48380,949,1078,5.83e-06,0.2317,0.2875,0.1707,0.2073,0.2592,0.1641
45,48400,969,1078,5.83e-06,0.2035,0.2927,0.1611,0.1863,0.274,0.1597
45,48420,989,1078,5.83e-06,0.1868,0.3332,0.1705,0.1741,0.3201,0.1671
45,48440,1009,1078,5.83e-06,0.1792,0.2778,0.1664,0.1642,0.2709,0.1626
45,48460,1029,1078,5.83e-06,0.1904,0.3277,0.1808,0.1762,0.3163,0.1771
45,48480,1049,1078,5.83e-06,0.2004,0.3334,0.1651,0.188,0.3186,0.1614
45,48500,1069,1078,5.83e-06,0.2462,0.3421,0.1829,0.2145,0.3117,0.1748
46,48520,11,1078,5.13e-06,0.1834,0.2703,0.1573,0.1706,0.2596,0.1513
46,48540,31,1078,5.13e-06,0.2163,0.3346,0.1863,0.1939,0.3273,0.1852
46,48560,51,1078,5.13e-06,0.1905,0.3121,0.1572,0.18,0.3054,0.1556
46,48580,71,1078,5.13e-06,0.2098,0.2474,0.1607,0.1965,0.2386,0.1567
46,48600,91,1078,5.13e-06,0.2247,0.3298,0.177,0.215,0.3096,0.1726
46,48620,111,1078,5.13e-06,0.2022,0.3308,0.1706,0.1897,0.3197,0.1667
46,48640,131,1078,5.13e-06,0.2002,0.4053,0.1924,0.1866,0.3871,0.1865
46,48660,151,1078,5.13e-06,0.2132,0.2843,0.1638,0.2037,0.2634,0.1564
46,48680,171,1078,5.13e-06,0.2192,0.3396,0.1802,0.2076,0.3147,0.175
46,48700,191,1078,5.13e-06,0.2039,0.3091,0.1709,0.1976,0.2988,0.1692
46,48720,211,1078,5.13e-06,0.1842,0.3164,0.1768,0.1648,0.306,0.1701
46,48740,231,1078,5.13e-06,0.2678,0.324,0.1729,0.2575,0.3045,0.1672
46,48760,251,1078,5.13e-06,0.2246,0.3101,0.1673,0.1976,0.2869,0.1592
46,48780,271,1078,5.13e-06,0.2291,0.3164,0.1789,0.2033,0.2962,0.1718
46,48800,291,1078,5.13e-06,0.2468,0.2712,0.1615,0.2324,0.2435,0.1533
46,48820,311,1078,5.13e-06,0.2078,0.3344,0.1805,0.1957,0.3156,0.1758
46,48840,331,1078,5.13e-06,0.185,0.3281,0.1659,0.1759,0.3211,0.1636
46,48860,351,1078,5.13e-06,0.2532,0.2817,0.1728,0.2451,0.2606,0.1662
46,48880,371,1078,5.13e-06,0.1794,0.2851,0.1716,0.156,0.2727,0.1696
46,48900,391,1078,5.13e-06,0.2508,0.3841,0.1948,0.2297,0.3657,0.1886
46,48920,411,1078,5.13e-06,0.2365,0.2943,0.1733,0.2287,0.2834,0.1681
46,48940,431,1078,5.13e-06,0.2122,0.355,0.1645,0.196,0.3281,0.1585
46,48960,451,1078,5.13e-06,0.2,0.3443,0.1739,0.1926,0.3196,0.1683
46,48980,471,1078,5.13e-06,0.1988,0.3442,0.1944,0.1815,0.3197,0.1892
46,49000,491,1078,5.13e-06,0.1985,0.2946,0.157,0.1755,0.2697,0.1502
46,49020,511,1078,5.13e-06,0.1916,0.3243,0.1639,0.1754,0.3112,0.1594
46,49040,531,1078,5.13e-06,0.2307,0.3021,0.1637,0.2205,0.2916,0.1584
46,49060,551,1078,5.13e-06,0.2665,0.3509,0.1977,0.2421,0.3343,0.1982
46,49080,571,1078,5.13e-06,0.2464,0.3245,0.1695,0.2358,0.3068,0.165
46,49100,591,1078,5.13e-06,0.1915,0.3182,0.1637,0.1662,0.2966,0.1574
46,49120,611,1078,5.13e-06,0.2032,0.307,0.1708,0.1857,0.2899,0.1649
46,49140,631,1078,5.13e-06,0.236,0.2694,0.1591,0.2197,0.2521,0.1544
46,49160,651,1078,5.13e-06,0.2336,0.3253,0.1712,0.2235,0.3102,0.1663
46,49180,671,1078,5.13e-06,0.2057,0.3154,0.1655,0.1972,0.295,0.1609
46,49200,691,1078,5.13e-06,0.2351,0.275,0.1647,0.2,0.252,0.156
46,49220,711,1078,5.13e-06,0.1907,0.2783,0.1642,0.1729,0.271,0.159
46,49240,731,1078,5.13e-06,0.1872,0.2525,0.1528,0.1691,0.2392,0.1492
46,49260,751,1078,5.13e-06,0.1946,0.3153,0.1725,0.173,0.2959,0.1677
46,49280,771,1078,5.13e-06,0.1981,0.3432,0.1783,0.184,0.3219,0.1716
46,49300,791,1078,5.13e-06,0.2548,0.3403,0.1742,0.2347,0.3205,0.167
46,49320,811,1078,5.13e-06,0.2049,0.28,0.1555,0.1834,0.2634,0.1487
46,49340,831,1078,5.13e-06,0.2258,0.3358,0.17,0.2094,0.3136,0.1639
46,49360,851,1078,5.13e-06,0.1976,0.2957,0.1598,0.1895,0.287,0.1564
46,49380,871,1078,5.13e-06,0.232,0.307,0.168,0.2046,0.2876,0.1612
46,49400,891,1078,5.13e-06,0.247,0.4026,0.1859,0.2349,0.3802,0.1791
46,49420,911,1078,5.13e-06,0.2531,0.2873,0.1703,0.2307,0.2615,0.1615
46,49440,931,1078,5.13e-06,0.2351,0.3309,0.1911,0.2255,0.3192,0.1872
46,49460,951,1078,5.13e-06,0.2442,0.3138,0.1693,0.2349,0.2933,0.1639
46,49480,971,1078,5.13e-06,0.1988,0.3353,0.17,0.1923,0.3163,0.1636
46,49500,991,1078,5.13e-06,0.2039,0.3576,0.169,0.1923,0.3381,0.1658
46,49520,1011,1078,5.13e-06,0.2159,0.3547,0.1828,0.2084,0.3335,0.181
46,49540,1031,1078,5.13e-06,0.2293,0.357,0.185,0.2142,0.3379,0.1799
46,49560,1051,1078,5.13e-06,0.2468,0.3493,0.1693,0.2155,0.3407,0.1668
46,49580,1071,1078,5.13e-06,0.2195,0.3672,0.2004,0.205,0.3408,0.1918
47,49600,13,1078,4.54e-06,0.2204,0.3731,0.176,0.2097,0.3621,0.1716
47,49620,33,1078,4.54e-06,0.2063,0.3463,0.1717,0.1863,0.3205,0.1651
47,49640,53,1078,4.54e-06,0.2749,0.3556,0.1734,0.2532,0.3489,0.1686
47,49660,73,1078,4.54e-06,0.2166,0.3277,0.1732,0.1953,0.3024,0.1647
47,49680,93,1078,4.54e-06,0.199,0.3437,0.1793,0.1883,0.3302,0.1745
47,49700,113,1078,4.54e-06,0.2687,0.2672,0.1588,0.2264,0.2572,0.1561
47,49720,133,1078,4.54e-06,0.2094,0.3236,0.1598,0.1967,0.295,0.1524
47,49740,153,1078,4.54e-06,0.2076,0.3301,0.1698,0.1954,0.3108,0.1646
47,49760,173,1078,4.54e-06,0.1895,0.3237,0.1766,0.1737,0.3151,0.1749
47,49780,193,1078,4.54e-06,0.223,0.3337,0.1732,0.2192,0.2954,0.1617
47,49800,213,1078,4.54e-06,0.2405,0.2777,0.157,0.2271,0.2706,0.1541
47,49820,233,1078,4.54e-06,0.2034,0.301,0.1704,0.1887,0.2818,0.166
47,49840,253,1078,4.54e-06,0.1921,0.2812,0.1653,0.1807,0.269,0.1615
47,49860,273,1078,4.54e-06,0.1937,0.3235,0.1778,0.1786,0.3088,0.1731
47,49880,293,1078,4.54e-06,0.2175,0.2981,0.1759,0.2043,0.2836,0.1721
47,49900,313,1078,4.54e-06,0.2593,0.3145,0.1759,0.2379,0.2982,0.1711
47,49920,333,1078,4.54e-06,0.2005,0.2637,0.1575,0.181,0.2535,0.1527
47,49940,353,1078,4.54e-06,0.2269,0.3185,0.1763,0.2083,0.3053,0.1726
47,49960,373,1078,4.54e-06,0.2061,0.3033,0.161,0.1841,0.2904,0.1563
47,49980,393,1078,4.54e-06,0.2053,0.2805,0.1652,0.1908,0.2746,0.1647
47,50000,413,1078,4.54e-06,0.2088,0.3041,0.1668,0.1892,0.2938,0.1627
47,50020,433,1078,4.54e-06,0.2176,0.3987,0.1862,0.1956,0.3705,0.1773
47,50040,453,1078,4.54e-06,0.2159,0.3259,0.17,0.1977,0.3117,0.1647
47,50060,473,1078,4.54e-06,0.2327,0.3331,0.1725,0.2086,0.3153,0.1709
47,50080,493,1078,4.54e-06,0.2162,0.2703,0.1631,0.1914,0.2549,0.1558
47,50100,513,1078,4.54e-06,0.2038,0.3476,0.1753,0.1912,0.3287,0.1676
47,50120,533,1078,4.54e-06,0.1919,0.3051,0.1744,0.1736,0.289,0.1689
47,50140,553,1078,4.54e-06,0.2388,0.2981,0.1756,0.2222,0.2766,0.1694
47,50160,573,1078,4.54e-06,0.2699,0.3154,0.1582,0.26,0.3097,0.1549
47,50180,593,1078,4.54e-06,0.2162,0.3225,0.1762,0.2012,0.3078,0.1724
47,50200,613,1078,4.54e-06,0.2431,0.3603,0.1844,0.2321,0.3457,0.1807
47,50220,633,1078,4.54e-06,0.2278,0.3113,0.1649,0.2099,0.285,0.1577
47,50240,653,1078,4.54e-06,0.189,0.3405,0.1678,0.1771,0.3139,0.1619
47,50260,673,1078,4.54e-06,0.2304,0.3257,0.1751,0.2117,0.3068,0.1681
47,50280,693,1078,4.54e-06,0.1988,0.3132,0.171,0.1788,0.3027,0.1706
47,50300,713,1078,4.54e-06,0.234,0.3187,0.1797,0.2279,0.3189,0.1792
47,50320,733,1078,4.54e-06,0.1917,0.2882,0.1807,0.1716,0.2841,0.178
47,50340,753,1078,4.54e-06,0.1712,0.2733,0.1639,0.1524,0.2625,0.1614
47,50360,773,1078,4.54e-06,0.2245,0.2899,0.1629,0.2081,0.2722,0.1588
47,50380,793,1078,4.54e-06,0.1956,0.3294,0.1719,0.1808,0.3171,0.1691
47,50400,813,1078,4.54e-06,0.2257,0.318,0.1675,0.2123,0.3001,0.1622
47,50420,833,1078,4.54e-06,0.1778,0.3177,0.1609,0.1595,0.2999,0.1556
47,50440,853,1078,4.54e-06,0.1801,0.333,0.1583,0.1603,0.3099,0.1542
47,50460,873,1078,4.54e-06,0.228,0.3038,0.1788,0.2161,0.284,0.1719
47,50480,893,1078,4.54e-06,0.2074,0.3118,0.1705,0.1909,0.296,0.1666
47,50500,913,1078,4.54e-06,0.2094,0.3615,0.1752,0.1993,0.3419,0.1687
47,50520,933,1078,4.54e-06,0.1917,0.3384,0.1709,0.1812,0.3161,0.1671
47,50540,953,1078,4.54e-06,0.2175,0.4482,0.1839,0.2017,0.4327,0.1832
47,50560,973,1078,4.54e-06,0.2196,0.3035,0.1671,0.2015,0.2917,0.1623
47,50580,993,1078,4.54e-06,0.2019,0.3289,0.169,0.1906,0.3149,0.1647
47,50600,1013,1078,4.54e-06,0.2093,0.3027,0.1617,0.1882,0.2877,0.1552
47,50620,1033,1078,4.54e-06,0.1828,0.3214,0.1585,0.1677,0.3085,0.1544
47,50640,1053,1078,4.54e-06,0.2371,0.3321,0.1829,0.2267,0.3168,0.1803
47,50660,1073,1078,4.54e-06,0.2402,0.3414,0.1759,0.2345,0.3191,0.1726
48,50680,15,1078,4.09e-06,0.1558,0.2818,0.1566,0.1371,0.2798,0.1563
48,50700,35,1078,4.09e-06,0.1868,0.2995,0.1587,0.173,0.2825,0.1524
48,50720,55,1078,4.09e-06,0.2178,0.3102,0.167,0.21,0.2976,0.1641
48,50740,75,1078,4.09e-06,0.2314,0.2872,0.1645,0.2132,0.2572,0.1565
48,50760,95,1078,4.09e-06,0.1757,0.2792,0.173,0.1569,0.2684,0.1693
48,50780,115,1078,4.09e-06,0.2134,0.299,0.1697,0.2069,0.2838,0.1636
48,50800,135,1078,4.09e-06,0.1912,0.3477,0.1773,0.1795,0.3455,0.1736
48,50820,155,1078,4.09e-06,0.2026,0.3527,0.1758,0.1829,0.3367,0.1702
48,50840,175,1078,4.09e-06,0.2357,0.3078,0.1584,0.2105,0.303,0.1561
48,50860,195,1078,4.09e-06,0.1645,0.2854,0.1644,0.1419,0.2727,0.1609
48,50880,215,1078,4.09e-06,0.1948,0.3472,0.178,0.1789,0.3313,0.1743
48,50900,235,1078,4.09e-06,0.174,0.2615,0.1643,0.1567,0.2434,0.1608
48,50920,255,1078,4.09e-06,0.1832,0.3193,0.1593,0.1681,0.3059,0.1561
48,50940,275,1078,4.09e-06,0.2166,0.3777,0.1793,0.2102,0.3639,0.1744
48,50960,295,1078,4.09e-06,0.2452,0.3145,0.1805,0.2231,0.3008,0.177
48,50980,315,1078,4.09e-06,0.2075,0.3402,0.1742,0.187,0.3272,0.1684
48,51000,335,1078,4.09e-06,0.2222,0.3167,0.1771,0.2163,0.2932,0.1706
48,51020,355,1078,4.09e-06,0.2329,0.3097,0.1569,0.2187,0.2927,0.1502
48,51040,375,1078,4.09e-06,0.1984,0.3621,0.1735,0.1881,0.3372,0.169
48,51060,395,1078,4.09e-06,0.2355,0.3769,0.1785,0.2176,0.3722,0.1768
48,51080,415,1078,4.09e-06,0.1812,0.2834,0.1606,0.1553,0.2768,0.1572
48,51100,435,1078,4.09e-06,0.1679,0.2926,0.163,0.148,0.2806,0.1574
48,51120,455,1078,4.09e-06,0.2234,0.3559,0.1746,0.2031,0.3372,0.1683
48,51140,475,1078,4.09e-06,0.1927,0.3021,0.1681,0.1678,0.2832,0.1628
48,51160,495,1078,4.09e-06,0.2253,0.3881,0.1815,0.2077,0.3613,0.1777
48,51180,515,1078,4.09e-06,0.3245,0.3267,0.1889,0.2882,0.3018,0.1807
48,51200,535,1078,4.09e-06,0.231,0.3738,0.1766,0.2251,0.3599,0.172
48,51220,555,1078,4.09e-06,0.1959,0.2999,0.1795,0.185,0.2925,0.1763
48,51240,575,1078,4.09e-06,0.1832,0.3439,0.1763,0.1665,0.334,0.1737
48,51260,595,1078,4.09e-06,0.2054,0.2473,0.1573,0.1817,0.2328,0.153
48,51280,615,1078,4.09e-06,0.237,0.3487,0.1739,0.2201,0.3346,0.1701
48,51300,635,1078,4.09e-06,0.2859,0.3057,0.178,0.2702,0.2836,0.1682
48,51320,655,1078,4.09e-06,0.1893,0.4033,0.1919,0.1728,0.3887,0.1851
48,51340,675,1078,4.09e-06,0.2187,0.3482,0.1812,0.2103,0.3288,0.1764
48,51360,695,1078,4.09e-06,0.2141,0.2983,0.1757,0.191,0.274,0.1702
48,51380,715,1078,4.09e-06,0.1755,0.3244,0.1615,0.1643,0.3106,0.1601
48,51400,735,1078,4.09e-06,0.1946,0.298,0.171,0.1811,0.286,0.1654
48,51420,755,1078,4.09e-06,0.2409,0.3355,0.1756,0.2224,0.3229,0.1724
48,51440,775,1078,4.09e-06,0.2385,0.3287,0.177,0.2056,0.306,0.1706
48,51460,795,1078,4.09e-06,0.2219,0.3033,0.1605,0.199,0.2941,0.1565
48,51480,815,1078,4.09e-06,0.2525,0.4187,0.1773,0.2364,0.4008,0.1733
48,51500,835,1078,4.09e-06,0.224,0.2652,0.1749,0.2051,0.2546,0.1709
48,51520,855,1078,4.09e-06,0.2015,0.3046,0.1649,0.182,0.2913,0.1568
48,51540,875,1078,4.09e-06,0.2069,0.355,0.1743,0.1948,0.3401,0.1696
48,51560,895,1078,4.09e-06,0.2266,0.3201,0.1724,0.2131,0.3004,0.1678
48,51580,915,1078,4.09e-06,0.2327,0.329,0.168,0.2146,0.3155,0.1622
48,51600,935,1078,4.09e-06,0.2006,0.3361,0.1737,0.1757,0.3147,0.1677
48,51620,955,1078,4.09e-06,0.2182,0.3779,0.1815,0.2008,0.3688,0.1769
48,51640,975,1078,4.09e-06,0.2025,0.344,0.1756,0.1815,0.3226,0.1689
48,51660,995,1078,4.09e-06,0.189,0.3049,0.1743,0.173,0.2821,0.1681
48,51680,1015,1078,4.09e-06,0.2321,0.3274,0.1695,0.2072,0.3137,0.1632
48,51700,1035,1078,4.09e-06,0.2014,0.2987,0.1663,0.1856,0.2844,0.1601
48,51720,1055,1078,4.09e-06,0.235,0.3712,0.1731,0.226,0.3615,0.168
48,51740,1075,1078,4.09e-06,0.1949,0.2946,0.1757,0.1822,0.2723,0.1704
49,51760,17,1078,3.76e-06,0.1983,0.2882,0.1663,0.1833,0.2719,0.1607
49,51780,37,1078,3.76e-06,0.1919,0.2831,0.1666,0.1797,0.2673,0.1611
49,51800,57,1078,3.76e-06,0.1973,0.2929,0.1629,0.1693,0.2757,0.1574
49,51820,77,1078,3.76e-06,0.188,0.3015,0.1646,0.1771,0.2894,0.1606
49,51840,97,1078,3.76e-06,0.1967,0.316,0.1698,0.177,0.3045,0.1653
49,51860,117,1078,3.76e-06,0.1892,0.3217,0.1663,0.182,0.3032,0.1602
49,51880,137,1078,3.76e-06,0.2397,0.288,0.1755,0.2235,0.2745,0.171
49,51900,157,1078,3.76e-06,0.1896,0.2951,0.166,0.1836,0.2913,0.1612
49,51920,177,1078,3.76e-06,0.2369,0.3208,0.1771,0.223,0.3068,0.1712
49,51940,197,1078,3.76e-06,0.2095,0.3455,0.1703,0.1957,0.3316,0.1645
49,51960,217,1078,3.76e-06,0.2129,0.3357,0.1729,0.1991,0.3154,0.166
49,51980,237,1078,3.76e-06,0.198,0.2602,0.1626,0.1815,0.2522,0.1587
49,52000,257,1078,3.76e-06,0.1997,0.3186,0.1757,0.1824,0.3004,0.1711
49,52020,277,1078,3.76e-06,0.1805,0.2587,0.149,0.1651,0.2396,0.1447
49,52040,297,1078,3.76e-06,0.2475,0.3439,0.1872,0.2339,0.32,0.1791
49,52060,317,1078,3.76e-06,0.2315,0.279,0.1639,0.2118,0.2645,0.1591
49,52080,337,1078,3.76e-06,0.2039,0.3347,0.1657,0.1875,0.3207,0.161
49,52100,357,1078,3.76e-06,0.1857,0.2855,0.1567,0.1761,0.2742,0.153
49,52120,377,1078,3.76e-06,0.1986,0.2516,0.1508,0.1786,0.2495,0.1492
49,52140,397,1078,3.76e-06,0.2159,0.3739,0.1688,0.1928,0.3664,0.1661
49,52160,417,1078,3.76e-06,0.2618,0.2994,0.1651,0.2424,0.2839,0.1573
49,52180,437,1078,3.76e-06,0.2016,0.2859,0.1664,0.1893,0.2762,0.1633
49,52200,457,1078,3.76e-06,0.2012,0.3298,0.1713,0.1871,0.3097,0.1636
49,52220,477,1078,3.76e-06,0.1665,0.282,0.1685,0.1588,0.2649,0.1654
49,52240,497,1078,3.76e-06,0.2153,0.2655,0.1561,0.2046,0.2533,0.15
49,52260,517,1078,3.76e-06,0.2261,0.3322,0.1494,0.1979,0.318,0.1451
49,52280,537,1078,3.76e-06,0.2377,0.3542,0.178,0.222,0.341,0.174
49,52300,557,1078,3.76e-06,0.2346,0.3093,0.1534,0.2204,0.2996,0.1488
49,52320,577,1078,3.76e-06,0.1914,0.3714,0.1773,0.1773,0.3387,0.1691
49,52340,597,1078,3.76e-06,0.1877,0.2992,0.1559,0.1629,0.2871,0.1527
49,52360,617,1078,3.76e-06,0.2142,0.2956,0.1587,0.2003,0.2917,0.1564
49,52380,637,1078,3.76e-06,0.175,0.3084,0.167,0.1596,0.2936,0.1622
49,52400,657,1078,3.76e-06,0.2032,0.3368,0.1749,0.1961,0.3209,0.1691
49,52420,677,1078,3.76e-06,0.1737,0.3125,0.1603,0.1549,0.2953,0.158
49,52440,697,1078,3.76e-06,0.1859,0.2851,0.1658,0.1738,0.2704,0.1622
49,52460,717,1078,3.76e-06,0.1921,0.2973,0.1716,0.1756,0.2815,0.1666
49,52480,737,1078,3.76e-06,0.2184,0.3301,0.1695,0.1921,0.3113,0.1649
49,52500,757,1078,3.76e-06,0.2152,0.3594,0.1601,0.1999,0.3427,0.1551
49,52520,777,1078,3.76e-06,0.2236,0.3612,0.1844,0.205,0.3447,0.1812
49,52540,797,1078,3.76e-06,0.2413,0.3346,0.1736,0.2281,0.3201,0.1701
49,52560,817,1078,3.76e-06,0.2059,0.2982,0.1675,0.1928,0.2867,0.1636
49,52580,837,1078,3.76e-06,0.2515,0.3203,0.176,0.2308,0.3038,0.1697
49,52600,857,1078,3.76e-06,0.1692,0.3489,0.16,0.1507,0.3312,0.1569
49,52620,877,1078,3.76e-06,0.2434,0.4161,0.187,0.2294,0.3892,0.1777
49,52640,897,1078,3.76e-06,0.2411,0.3432,0.1727,0.2302,0.3249,0.17
49,52660,917,1078,3.76e-06,0.1618,0.2424,0.1407,0.1478,0.2352,0.1383
49,52680,937,1078,3.76e-06,0.2182,0.3714,0.1899,0.1986,0.3495,0.1829
49,52700,957,1078,3.76e-06,0.2283,0.3162,0.1703,0.2112,0.3121,0.1697
49,52720,977,1078,3.76e-06,0.2258,0.3034,0.1655,0.2044,0.2884,0.1617
49,52740,997,1078,3.76e-06,0.3088,0.3717,0.1789,0.2864,0.3492,0.1694
49,52760,1017,1078,3.76e-06,0.2137,0.3081,0.1685,0.1899,0.2914,0.162
49,52780,1037,1078,3.76e-06,0.2399,0.2948,0.1509,0.2147,0.2871,0.1468
49,52800,1057,1078,3.76e-06,0.217,0.2931,0.1613,0.1971,0.2857,0.1578
49,52820,1077,1078,3.76e-06,0.2293,0.3308,0.1746,0.2095,0.3021,0.1676
50,52840,19,1078,3.57e-06,0.1875,0.2704,0.1676,0.1644,0.2537,0.1598
50,52860,39,1078,3.57e-06,0.2277,0.3102,0.1713,0.2104,0.2931,0.1646
50,52880,59,1078,3.57e-06,0.1782,0.3187,0.1709,0.1626,0.3019,0.164
50,52900,79,1078,3.57e-06,0.2071,0.3237,0.1865,0.181,0.3019,0.181
50,52920,99,1078,3.57e-06,0.2002,0.34,0.1598,0.1837,0.3164,0.1523
50,52940,119,1078,3.57e-06,0.2199,0.3042,0.1806,0.1946,0.2836,0.1718
50,52960,139,1078,3.57e-06,0.2112,0.3559,0.1768,0.1926,0.3348,0.1715
50,52980,159,1078,3.57e-06,0.1749,0.2796,0.1594,0.1582,0.2693,0.1537
50,53000,179,1078,3.57e-06,0.2174,0.3453,0.1796,0.2033,0.3327,0.1752
50,53020,199,1078,3.57e-06,0.1862,0.2834,0.1639,0.1641,0.2707,0.1595
50,53040,219,1078,3.57e-06,0.2125,0.2825,0.1646,0.1976,0.2711,0.1601
50,53060,239,1078,3.57e-06,0.2508,0.3575,0.1758,0.2277,0.332,0.1681
50,53080,259,1078,3.57e-06,0.1699,0.3218,0.1655,0.157,0.298,0.1614
50,53100,279,1078,3.57e-06,0.2133,0.3201,0.1664,0.1951,0.2976,0.1603
50,53120,299,1078,3.57e-06,0.2413,0.3422,0.1798,0.2268,0.3225,0.1739
50,53140,319,1078,3.57e-06,0.2147,0.3212,0.1765,0.1962,0.3065,0.1729
50,53160,339,1078,3.57e-06,0.2105,0.3223,0.1764,0.196,0.3112,0.1729
50,53180,359,1078,3.57e-06,0.2455,0.296,0.1707,0.2142,0.2837,0.1674
50,53200,379,1078,3.57e-06,0.2506,0.3321,0.1842,0.2415,0.3142,0.1788
50,53220,399,1078,3.57e-06,0.1781,0.3248,0.1743,0.1574,0.2993,0.1691
50,53240,419,1078,3.57e-06,0.2296,0.3355,0.1776,0.2155,0.3284,0.1746
50,53260,439,1078,3.57e-06,0.2127,0.3123,0.1688,0.201,0.2975,0.1645
50,53280,459,1078,3.57e-06,0.2819,0.3264,0.1706,0.2563,0.3063,0.1674
50,53300,479,1078,3.57e-06,0.2132,0.3207,0.1662,0.1944,0.3028,0.164
50,53320,499,1078,3.57e-06,0.1672,0.3168,0.1746,0.1526,0.2983,0.1688
50,53340,519,1078,3.57e-06,0.1911,0.3105,0.1529,0.1697,0.2936,0.1469
50,53360,539,1078,3.57e-06,0.1864,0.331,0.1761,0.173,0.3159,0.1743
50,53380,559,1078,3.57e-06,0.2621,0.3125,0.175,0.234,0.3012,0.1708
50,53400,579,1078,3.57e-06,0.2125,0.3003,0.1754,0.2005,0.2859,0.1712
50,53420,599,1078,3.57e-06,0.2598,0.3411,0.1869,0.2373,0.3218,0.1808
50,53440,619,1078,3.57e-06,0.1783,0.2695,0.1624,0.1516,0.2589,0.158
50,53460,639,1078,3.57e-06,0.2072,0.3271,0.1757,0.191,0.3102,0.1759
50,53480,659,1078,3.57e-06,0.2594,0.2594,0.1589,0.2301,0.2478,0.157
50,53500,679,1078,3.57e-06,0.2585,0.3202,0.1879,0.2307,0.2993,0.1816
50,53520,699,1078,3.57e-06,0.2125,0.3438,0.1751,0.1973,0.3224,0.1695
50,53540,719,1078,3.57e-06,0.2378,0.3509,0.1732,0.2181,0.3379,0.1687
50,53560,739,1078,3.57e-06,0.1992,0.2846,0.1613,0.1902,0.2728,0.1565
50,53580,759,1078,3.57e-06,0.1971,0.272,0.1638,0.1778,0.2622,0.1583
50,53600,779,1078,3.57e-06,0.1981,0.3416,0.1708,0.1855,0.3278,0.1666
50,53620,799,1078,3.57e-06,0.1551,0.3014,0.1629,0.1402,0.2833,0.157
50,53640,819,1078,3.57e-06,0.208,0.2942,0.1708,0.1848,0.2883,0.166
50,53660,839,1078,3.57e-06,0.2182,0.2976,0.1659,0.2025,0.2853,0.1617
50,53680,859,1078,3.57e-06,0.1727,0.2646,0.1545,0.1485,0.2573,0.1493
50,53700,879,1078,3.57e-06,0.229,0.3045,0.1733,0.2125,0.2895,0.1668
50,53720,899,1078,3.57e-06,0.2177,0.2827,0.1727,0.2036,0.2767,0.1702
50,53740,919,1078,3.57e-06,0.2061,0.3084,0.1639,0.1758,0.2906,0.1597
50,53760,939,1078,3.57e-06,0.2494,0.3488,0.1695,0.2272,0.3321,0.163
50,53780,959,1078,3.57e-06,0.2089,0.289,0.1748,0.1917,0.274,0.1701
50,53800,979,1078,3.57e-06,0.1995,0.37,0.1775,0.1805,0.3604,0.1756
50,53820,999,1078,3.57e-06,0.2041,0.3097,0.1526,0.1828,0.2981,0.1486
50,53840,1019,1078,3.57e-06,0.2123,0.286,0.154,0.1919,0.2653,0.1489
50,53860,1039,1078,3.57e-06,0.1954,0.3251,0.1594,0.1797,0.3085,0.1545
50,53880,1059,1078,3.57e-06,0.2153,0.3308,0.1645,0.1966,0.311,0.1581
